contract_id,contract_start_date,annual_rent,rooms,area_name
CNT2132813778,2025-09-29,20000,Office,Al Raffa
CNT2132475324,2025-10-11,41800,1,Al Nahda First
CNT2128730436,2025-02-01,120000,Showroom,Al Mararr
CNT2132117690,2025-08-10,126500,4,Al Twar Fifth
CNT2127975010,2025-01-20,55000,1,Al Suq Al Kabeer
CNT2132280147,2025-06-02,21600,Labor camp,Jabal Ali Industrial First
CNT2133684214,2025-12-01,60000,Studio,Al Barsha South Fourth
CNT2132907344,2025-10-05,49000,1,Muhaisanah Fourth
CNT2130152871,2025-03-13,15000,Office,Al Khabeesi
CNT2129377464,2025-02-10,20000,Office,Hor Al Anz
CNT2128910510,2025-01-01,43000,2,Naif
CNT2123795347,2025-01-01,99561,2,Trade Center First
CNT2130500924,2025-04-05,55000,2,Muhaisanah Fourth
CNT2132331573,2025-06-01,64000,1,Jabal Ali First
CNT2132464427,2025-09-01,15000,Office,Saih Shuaib 3
CRT2130572906,2025-04-19,82000,1,Al Merkadh
CNT2129111521,2025-01-01,51000,2,Al Qusais
CNT2131367647,2025-06-07,66702,1,Al Barsha First
CNT2132899048,2025-10-04,10000,Office,Al Rega
CNT2123800415,2025-01-17,95000,2,Mirdif
CNT2133581136,2025-12-25,175000,3,Marsa Dubai
CNT2131891538,2025-08-01,32760,2,Al Qusais
CNT2131346587,2025-06-13,47817,1,Jabal Ali First
CNT2132988819,2025-10-10,48000,Studio,Al Barsha South Third
CNT2134066910,2025-12-31,25200,1,Al Qusais
CNT2133004985,2025-10-02,65500,1,Jabal Ali First
CNT2131699759,2025-08-20,95000,2,Al Barsha First
CNT2131414956,2025-06-21,20000,Office,Dubai Investment Park First
CNT2132991848,2025-10-19,38036,2,Muhaisanah Fourth
CNT2130468766,2025-04-10,70000,2,Warsan Fourth
CNT2130756713,2025-05-02,21000,Office,Port Saeed
CRT2134311286,2026-01-19,60000,1,Al Hamriya
CRT2130478216,2025-04-10,180000,3,Al Thanyah Third
CNT2129692524,2025-02-14,15000,Office,Business Bay
CNT2128295766,2025-02-01,70560,2,Al Murqabat
CNT2124959561,2025-01-10,122892,3,Al Jadaf
CNT2131748362,2025-02-01,21000,Studio,Naif
CRT2128127086,2025-01-27,175000,2,Marsa Dubai
CNT2131000570,2025-05-10,77000,2,Oud Metha
CNT2131740107,2025-06-01,80000,2,Me'Aisem First
CRT2132711746,2025-04-21,24500,Studio,Al Raffa
CNT2130411189,2025-04-06,24915,1,Hor Al Anz
CNT2132650712,2025-04-01,32000,Shop,Naif
CNT2134040288,2025-12-30,69500,Studio,Jabal Ali First
CNT2130633663,2025-05-24,33871,1,Al Warsan First
CNT2133792540,2025-12-09,20000,Office,Port Saeed
CNT2133958485,2025-12-23,30000,Office,Business Bay
CNT2128579028,2025-01-28,15000,Office,Um Hurair Second
CNT2128131986,2025-01-25,46000,1,Warsan Fourth
CRT2127353626,2025-01-03,42000,Studio,Al Hebiah Fourth
CNT2130327824,2025-03-23,57000,1,Al Barsha South Third
CNT2131253128,2025-06-10,20000,Office,Mankhool
CNT2132776136,2025-09-25,15000,Office,Al Khabeesi
CNT2130775788,2025-04-15,58433,1,Al Barsha First
CNT2132955659,2025-09-08,53000,1,Nad Hessa
CRT2131393636,2025-03-01,20000,Shop,Al Twar Fourth
CNT2130071996,2025-01-15,49450,Office,Al Qusais Industrial Fourth
CNT2134122102,2026-01-01,60500,Office,Al Khabeesi
CNT2131877556,2025-08-10,71400,2,Al Bada
CNT2133703161,2025-12-03,5000,Office,Al Thanyah First
CNT2130256248,2025-03-22,15000,Office,Al Khabeesi
CNT2132026706,2025-06-22,63000,2,Al Qusais
CNT2133232921,2025-10-29,15000,Office,Saih Shuaib 3
CNT2134088084,2026-01-15,61500,1,Al Jadaf
CNT2132601769,2025-09-12,10000,Office,Um Hurair Second
CNT2131034816,2025-03-24,139783,1,Al Wasl
CNT2130434774,2025-01-25,40000,2,Jabal Ali Industrial First
CNT2134225228,2026-01-13,17000,Office,Al Mararr
CNT2130152017,2025-03-01,60000,Office,Ras Al Khor Industrial Third
CNT2132165267,2025-08-10,62000,1,Jabal Ali First
CRT2127484016,2025-01-15,85000,2,Jabal Ali First
CNT2129978801,2025-03-01,56000,1,Nad Hessa
CNT2127345271,2025-01-04,55000,Studio,Al Thanyah Fifth
CRT2132723276,2025-10-01,55000,Studio,Al Barsha South Fourth
CNT2132999327,2025-10-13,20000,Office,Saih Shuaib 2
CNT2129951322,2025-03-11,29000,Studio,Nad Hessa
CRT2132952006,2025-10-20,60000,1,Jabal Ali Industrial Second
CRT2130201296,2025-03-20,53000,1,Al Hebiah Fourth
CNT2130986494,2025-06-15,28350,Studio,Wadi Al Safa 5
CRT2133587236,2025-11-10,70000,1,Jabal Ali First
CNT2133452117,2025-11-12,83000,1,Jabal Ali First
CRT2128082816,2025-01-15,20000,Studio,Al Warsan First
CNT2132907977,2025-09-15,70000,2,Al Barsha South Fourth
CRT2132553606,2025-05-15,70000,3,Abu Hail
CNT2129191922,2025-02-06,15000,Office,Hor Al Anz
CNT2129602447,2025-02-14,55000,2,Al Warqa First
CNT2130333498,2025-04-05,48000,1,Al Warqa First
CNT2132309615,2025-08-19,15000,Office,Business Bay
CNT2130473431,2025-04-12,15000,Office,Al Barsha First
CNT2130859677,2025-05-10,15000,Office,Hor Al Anz
CNT2130717860,2025-05-01,150000,3,Al Jafliya
CNT2132339661,2025-03-15,38400,Room in labor camp,Dubai Investment Park First
CNT2133174248,2025-10-13,70000,2,Al Murqabat
CNT2131255170,2025-06-01,66339,1,Al-Cornich
CNT2132270032,2025-09-28,77462,Office,Nad Hessa
CNT2124334676,2025-01-01,49508,1,Dubai Investment Park First
CNT2132968890,2025-10-05,132000,4,Al Thanyah First
CNT2133081757,2025-07-31,40000,Shop,Al Lusaily
CRT2133313566,2025-12-01,130000,2,Marsa Dubai
CNT2130608189,2025-04-01,89967,2,Al Karama
CNT2130584404,2025-04-25,32000,Studio,Al Goze Industrial Second
CNT2132910952,2025-10-06,15000,Office,Saih Shuaib 3
CRT2132464406,2025-10-21,95000,1,Al Merkadh
CNT2133077501,2025-08-01,58000,2,Muhaisanah Fourth
CNT2127805993,2025-01-01,45100,Shop,Ras Al Khor Industrial Third
CNT2134002019,2025-12-20,75000,2,Naif
CRT2130747296,2025-05-10,72000,1,Marsa Dubai
CRT2132531526,2025-09-01,55000,Studio,Al Barsha South Fourth
CNT2132843765,2025-11-25,59000,2,Al Nahda First
CRT2132374136,2025-08-30,55000,1,Al Hebiah Fifth
CNT2130935028,2025-05-22,179200,Office,Al Mamzer
CNT2130771921,2025-05-05,15000,Office,Al Goze Third
CNT2131650349,2025-06-24,39600,1,Dubai Investment Park Second
CNT2130417370,2025-04-08,15000,Office,Al Khabeesi
CNT2130060009,2025-03-06,15000,Office,Al Goze Industrial First
CNT2133059341,2025-10-01,62000,1,Al Murqabat
CNT2133240523,2025-10-01,45000,Studio,Jabal Ali First
CNT2133542943,2025-11-24,54000,1,Warsan Fourth
CNT2132030843,2025-07-19,150000,2,Trade Center First
CNT2130164500,2025-03-14,20000,Office,Ras Al Khor Industrial Second
CNT2133227778,2025-10-29,17000,Office,Al Goze First
CNT2131810776,2025-07-12,15000,Office,Al Mararr
CNT2132966303,2025-10-05,72600,Office,Al Goze First
CNT2129838380,2025-02-01,30550,Studio,Jabal Ali First
CRT2132164406,2025-08-01,167000,3,Marsa Dubai
CNT2132698538,2025-09-06,78120,Office,Nad Hessa
CNT2134033026,2025-12-17,89000,3,Naif
CNT2127822488,2025-01-11,15000,Office,Hor Al Anz
CNT2133253085,2025-10-30,17000,Office,Abu Hail
CNT2134068174,2026-01-02,15000,Office,Al Garhoud
CNT2132366103,2025-09-01,50000,1,Madinat Al Mataar
CNT2133569125,2025-11-20,16000,Office,Business Bay
CNT2127033974,2025-03-07,28000,Studio,Naif
CNT2133215761,2025-12-10,34000,Studio,Al Nahda Second
CNT2131012243,2025-05-21,15000,Office,Al Khabeesi
CNT2129952602,2025-02-27,17000,Office,Al Goze Third
CNT2133226897,2025-11-15,87000,Office,Al Muteena
CNT2131365105,2025-01-01,25000,Office,Al Goze Third
CNT2132940901,2025-09-01,75000,2,Al Murqabat
CNT2127034985,2025-01-05,75000,2,Al Hamriya
CNT2130729238,2025-05-01,1,4,Al Saffa Second
CNT2130832009,2025-05-08,15000,Office,Al Murqabat
CNT2131580561,2025-06-30,20000,Office,Dubai Investment Park First
CNT2130970077,2025-08-01,75000,2,Me'Aisem First
CRT2132096276,2025-08-01,25000,Office,Al Thanyah Fifth
CNT2129956171,2025-03-01,64209,1,Al Murqabat
CNT2131783188,2025-07-20,50000,2,Al Qusais
CNT2129826858,2025-02-18,15000,Office,Dubai Investment Park First
CNT2134235131,2025-07-11,22800,Room in labor camp,Al Goze Third
CNT2133982087,2025-12-22,38000,Studio,Al Hebiah Fourth
CNT2133071307,2025-10-17,15000,Office,Al Karama
CNT2132814550,2025-09-01,100000,2,Jumeirah First
CRT2131653746,2025-07-03,120000,1,Zaabeel Second
CNT2132309358,2025-08-15,114606,3,Al Thanyah First
CNT2134151388,2026-01-01,50000,2,Nad Hessa
CRT2131293486,2025-03-10,78000,2,Jabal Ali First
CNT2131323332,2025-06-16,32000,Office,Al Barsha First
CNT2131779913,2025-07-16,95000,2,Al Karama
CRT2131705406,2025-08-31,47040,1,Al Barsha South Second
CNT2133095606,2025-10-16,78000,1,Al Jadaf
CNT2132965225,2025-10-10,70000,1,Al Merkadh
CNT2127385659,2025-01-05,168530,Office,Port Saeed
CNT2129460896,2025-02-06,40000,1,Al Warsan First
CNT2131352376,2025-07-17,56700,2,Al Goze Industrial Second
CNT2133727117,2025-12-04,15000,Office,Al Twar Fifth
CNT2132650721,2025-09-14,16775,Office,Al Garhoud
CNT2132128586,2025-08-10,66000,1,Wadi Al Safa 2
CNT2133657916,2025-11-27,15000,Office,Al Suq Al Kabeer
CNT2128954441,2025-03-01,40000,1,Al Suq Al Kabeer
CNT2129256987,2025-02-01,64615,Shop,Al Warsan First
CNT2133057978,2025-11-12,138863,3,Marsa Dubai
CRT2128951956,2025-01-25,157808,2,Al Thanyah Fourth
CRT2127797901,2025-02-01,41000,Studio,Al Merkadh
CNT2132848350,2025-10-30,37800,1,Al Qusais
CNT2133746520,2025-12-01,55000,1,Ras Al Khor Industrial Second
CNT2132420716,2025-07-06,65000,1,Al Nahda Second
CNT2130512208,2025-05-05,36000,Studio,Wadi Al Safa 2
CNT2132805009,2025-10-06,28875,Studio,Al Rashidiya
CNT2130545426,2025-04-16,105600,Room in labor camp,Al Goze Third
CNT2132180314,2025-07-17,54000,2,Al Nahda Second
CNT2133794440,2025-12-09,15000,Office,Port Saeed
CNT2131780209,2025-07-10,15000,Office,Al Khabeesi
CNT2133781103,2025-12-01,59000,2,Al Nahda Second
CRT2131026296,2025-01-01,20000,Office,Business Bay
CNT2132924986,2025-10-07,15000,Office,Saih Shuaib 3
CNT2134043209,2025-12-29,44992,1,Wadi Al Safa 5
CNT2133087192,2025-11-27,159703,3,Jumeirah Second
CNT2128804547,2025-01-31,27500,1,Al Nahda Second
CNT2127806932,2025-01-11,15500,Office,Um Hurair Second
CRT2127073006,2025-01-01,44000,Studio,Wadi Al Safa 7
CNT2129977217,2025-03-08,74000,2,Al Karama
CNT2133404580,2025-01-15,185417,Food court,Al Safouh Second
CNT2129880200,2025-02-21,15000,Office,Dubai Investment Park First
CNT2131565939,2025-07-09,99000,1,Al Thanyah Fifth
CNT2133151964,2025-10-23,25000,Office,Al Goze Third
CNT2132060757,2025-07-17,55125,Shop,Wadi Al Amardi
CNT2128736194,2025-01-22,40700,1,Al Qusais
CNT2132677770,2025-08-01,50000,2,Al Nahda First
CNT2134285454,2026-01-25,165000,4,Wadi Al Safa 3
CNT2132363948,2025-08-24,30000,Studio,Al Mararr
CNT2133110545,2025-10-25,66000,2,Al Nahda First
CRT2131240676,2025-07-01,35000,Studio,Al Warsan First
CNT2130634532,2025-04-24,15000,Office,Al Khabeesi
CNT2131677106,2025-07-02,25200,Room in labor camp,Jabal Ali Industrial First
CNT2134305876,2026-01-19,85000,2,Al Mamzer
CNT2130283188,2025-03-29,40950,1,Al Goze Industrial Second
CNT2133828799,2025-12-15,33809,2,Al Qusais
CNT2131387707,2025-06-27,154000,3,Trade Center Second
CRT2133584376,2025-11-27,75000,2,Al Hebiah Second
CNT2127930595,2025-01-10,26000,Studio,Al Warsan First
CNT2129992055,2025-03-25,53000,2,Al Warsan First
CRT2133340626,2025-11-08,110000,1,Al Barsha South Fourth
CNT2132666160,2025-09-25,118000,2,Marsa Dubai
CNT2133058748,2025-10-17,41500,Studio,Wadi Al Safa 2
CNT2130254224,2025-04-03,65000,1,Al Barsha South Third
CNT2133469472,2025-11-07,38000,1,Al Qusais Industrial Fifth
CRT2130597536,2025-05-05,126000,2,Al Thanyah Third
CNT2130388172,2025-05-01,43700,1,Al Qusais Industrial Fourth
CNT2133519498,2026-02-23,75205,Shop,Al Hebiah Third
CNT2128731372,2025-12-02,22000,Shop,Al Suq Al Kabeer
CNT2130578287,2025-04-20,85000,2,Al Satwa
CNT2127296412,2025-01-09,50000,2,Nad Hessa
CNT2130046789,2025-03-15,53000,2,Al Nahda Second
CNT2132683783,2025-09-01,78000,2,Al Muteena
CNT2132723871,2025-11-01,21500,Studio,Naif
CNT2133710498,2026-02-01,94000,Shop,Naif
CRT2130224477,2025-04-01,47000,Studio,Al Merkadh
CNT2130223757,2025-04-15,40000,1,Al Qusais Industrial Fifth
CNT2132631646,2025-09-23,36000,1,Al Warsan First
CNT2127683465,2025-01-09,60000,1,Warsan Fourth
CRT2132539786,2025-09-20,120000,1,Marsa Dubai
CNT2133237275,2025-11-01,75000,1,Al Merkadh
CNT2130182786,2025-03-01,90000,2,Al Karama
CNT2131194249,2025-06-03,115000,3,Al Muteena
CNT2133789330,2025-12-05,60000,Office,Al Ras
CNT2133510317,2025-12-10,89250,2,Al Hebiah First
CNT2132313266,2025-01-15,42000,Shop,Al Satwa
CNT2131704042,2025-07-07,30000,Studio,Al Warsan First
CNT2133071878,2025-10-15,35000,Studio,Me'Aisem First
CNT2129957049,2025-03-01,80000,2,Mankhool
CNT2133114007,2025-11-21,33206,Studio,Jabal Ali First
CNT2128803899,2025-02-04,90000,2,Mankhool
CNT2132821223,2025-10-20,64000,1,Al Barsha South Fourth
CNT2130638441,2025-04-24,12000,Room in labor camp,Al Goze Third
CNT2129750370,2025-02-01,38000,Studio,Al Barsha First
CNT2132966460,2025-10-10,26700,Room in labor camp,Saih Shuaib 2
CNT2129906814,2025-02-25,55000,2,Hor Al Anz
CNT2131715827,2025-02-25,42000,1,Muhaisanah Fourth
CNT2131237387,2025-06-01,77175,Shop,Al Warqa First
CNT2132472932,2025-09-01,29900,Studio,Nad Hessa
CNT2130414102,2025-06-01,18000,Studio,Al Mararr
CNT2124737635,2025-01-27,83000,2,Al Murqabat
CNT2132453589,2025-09-01,40000,Studio,Al Barsha South Fourth
CNT2133225077,2025-08-01,84893,1,Marsa Dubai
CNT2129887385,2025-01-30,61000,2,Al Mararr
CNT2130493809,2025-04-10,56000,1,Al Karama
CRT2133944546,2025-12-10,60000,Store cooled,Ras Al Khor Industrial Third
CNT2129823103,2025-01-01,23000,Studio,Al Mararr
CNT2130245558,2025-04-15,55000,Office,Naif
CNT2126200853,2025-01-16,105000,2,Al Barsha First
CRT2133027216,2025-01-16,106000,1,Burj Khalifa
CNT2132769739,2025-02-10,84788,Shop,Dubai Investment Park Second
CRT2129053946,2025-02-20,31000,Studio,Me'Aisem First
CNT2132047008,2025-08-01,56000,Office,Hor Al Anz East
CNT2131733527,2025-07-07,15000,Office,Abu Hail
CNT2134074720,2026-01-01,57750,2,Al Raffa
CNT2130489911,2025-04-10,42000,Office,Al Barsha First
CRT2129982696,2025-01-01,160000,5,Al Warqa Fourth
CNT2130117923,2025-03-12,40000,Studio,Al Warsan First
CRT2132191476,2025-08-01,30000,Shop,Al Mararr
CNT2131979493,2025-08-01,85000,1,Al Barsha South Fourth
CRT2132205216,2025-08-20,133000,2,Al Hebiah First
CNT2133352945,2025-11-06,20000,Office,Port Saeed
CNT2130551664,2025-03-20,38500,1,Al Bada
CNT2133536329,2025-11-01,110000,Shop with a mezzanine,Al Bada
CNT2132585250,2025-09-11,70000,1,Mankhool
CNT2133812687,2025-12-23,60000,2,Hor Al Anz East
CNT2132126681,2025-08-01,84895,2,Um Hurair Second
CRT2134080396,2026-01-01,42000,1,Al Hamriya
CNT2133327514,2025-09-01,70000,2,Al Twar Fifth
CNT2130651457,2025-02-15,57000,1,Al Warsan First
CNT2134053719,2026-01-15,175000,3,Business Bay
CNT2132690094,2025-11-20,63000,2,Nad Hessa
CNT2130383653,2025-04-18,42000,1,Al Warsan First
CNT2130516227,2025-04-10,37000,1,Naif
CNT2130181891,2025-03-20,55000,Studio,Al Thanyah Fifth
CNT2131908728,2025-07-24,23678,Studio,Muhaisanah Fourth
CNT2132851857,2025-10-01,15000,Office,Saih Shuaib 3
CRT2132630746,2025-09-16,52000,Studio,Al Hebiah Fourth
CNT2131214145,2025-06-04,15000,Office,Al Mararr
CNT2134258918,2025-12-11,100000,Office,Port Saeed
CNT2131084759,2025-05-27,15000,Office,Hor Al Anz
CNT2133059131,2025-10-21,87500,2,Al Murqabat
CNT2129864395,2025-03-22,48400,1,Mirdif
CNT2133953520,2025-10-01,115000,Office,Trade Center First
CNT2131656279,2025-07-01,18000,Office,Al Karama
CNT2131912473,2025-07-22,100000,3,Madinat Hind 4
CRT2129440986,2025-02-10,90000,Shop,Al Thanyah Fifth
CNT2130725673,2025-04-30,20000,Office,Naif
CNT2130596567,2025-04-01,115719,2,Al Karama
CNT2131828979,2025-07-14,15000,Office,Al Garhoud
CNT2133262136,2025-10-31,20500,Office,Al Khabeesi
CNT2133635962,2025-12-05,110000,2,Al Barsha South Fourth
CNT2130183429,2025-04-01,65000,Office,Naif
CNT2132934327,2025-10-13,93000,3,Muhaisanah Fourth
CNT2130778430,2025-06-10,36500,1,Al Nahda Second
CNT2132649142,2025-09-16,20000,Office,Al Muteena
CRT2131402266,2025-05-15,45000,1,Al Thanyah Fifth
CRT2131505846,2025-07-01,60000,1,Al Yelayiss 2
CNT2130551205,2025-04-20,65000,1,Al Thanyah First
CNT2133962597,2025-12-23,16000,Office,Port Saeed
CNT2130915466,2025-03-17,70000,2,Al Qusais
CRT2132267666,2025-08-15,55000,1,Al Hebiah Fifth
CNT2131540075,2025-06-26,10000,Office,Al Baraha
CNT2128316292,2025-01-20,48000,1,Al Qusais
CNT2133225638,2025-10-20,76000,2,Al Yelayiss 2
CNT2132290681,2025-09-11,71500,2,Al Barsha First
CRT2134097961,2026-01-04,157300,2,Al Thanyah Fifth
CRT2131259826,2025-06-15,115000,1,Al Barsha South Fourth
CRT2133288925,2025-10-01,147000,2,Al Thanyah Fourth
CNT2131025538,2025-04-01,108000,3,Al Murqabat
CNT2130684455,2025-02-01,61100,Office,Ras Al Khor Industrial First
CNT2126945480,2025-01-01,170000,4,Mankhool
CRT2129645206,2025-03-01,48000,Studio,Al Merkadh
CNT2133084923,2025-10-20,55000,Studio,Me'Aisem First
CNT2132398189,2025-08-27,51923,1,Jabal Ali First
CNT2127306864,2025-01-02,30000,2,Business Bay
CNT2131695494,2025-06-15,150000,Room in labor camp,Al Goze Third
CNT2130227539,2025-03-09,73000,2,Al Hamriya
CNT2134134190,2026-02-01,80000,2,Al Murqabat
CNT2130866739,2025-05-11,65000,Studio,Business Bay
CRT2129870356,2025-02-20,20000,Shop,Hor Al Anz
CNT2130503445,2025-05-01,50820,1,Jabal Ali First
CNT2130954069,2025-05-17,15000,Office,Al Muteena
CRT2133498314,2025-11-15,120750,2,Al Khairan First
CRT2133655506,2025-11-27,15000,Office,Hor Al Anz
CNT2129112060,2025-02-15,186900,4,Jumeirah Third
CNT2131575226,2025-06-30,20000,Office,Dubai Investment Park First
CNT2132817574,2025-09-29,10000,Office,Al Goze First
CNT2133086518,2025-11-24,53708,2,Al Goze Industrial Second
CNT2131573051,2025-07-01,75000,1,Al Bada
CNT2132870862,2025-10-07,90000,1,Al Khairan First
CNT2127681979,2025-01-09,15000,Office,Hor Al Anz
CNT2131155176,2025-06-01,165000,3,Marsa Dubai
CNT2127829858,2025-01-28,48400,1,Al Bada
CNT2133953469,2025-12-29,155000,1,Hadaeq Sheikh Mohammed Bin Rashid
CNT2131994560,2025-07-25,10000,Office,Port Saeed
CNT2133912113,2025-12-01,38000,Studio,Al Barsha South Fourth
CNT2134277451,2026-01-16,18000,Office,Al Muteena
CNT2126660012,2025-01-18,61950,2,Mirdif
CNT2131825477,2025-07-19,38500,1,Al Qusais Industrial Fifth
CNT2128121790,2025-02-25,14000,Office,Al Raffa
CNT2134273609,2025-11-25,40000,1,Saih Shuaib 2
CNT2130827279,2025-05-08,15000,Office,Al Nahda Second
CNT2133789129,2025-12-09,45000,Office,Business Bay
CNT2130756887,2025-04-10,70000,2,Al Mamzer
CNT2128313089,2025-01-21,20000,Office,Hor Al Anz
CNT2134102371,2026-01-06,17000,Office,Al Mararr
CNT2132027205,2025-06-21,45000,Office,Hor Al Anz East
CNT2130159857,2025-03-01,144676,Warehouse,Saih Shuaib 2
CNT2128484088,2025-01-22,82000,2,Al Barsha South Third
CNT2133251088,2025-10-20,88000,Office,Business Bay
CNT2130390321,2025-04-07,120000,1,Al Merkadh
CNT2129884481,2025-02-20,150000,2,Al Barsha South Fourth
CNT2133710970,2025-11-19,55000,2,Al Baraha
CRT2132708616,2025-09-20,75000,1,Me'Aisem First
CNT2130639566,2025-04-24,17000,Office,Business Bay
CNT2132108746,2025-08-04,15000,Office,Al Goze Industrial First
CNT2132371149,2025-08-05,70000,Warehouse,Al Ttay
CNT2128966817,2025-02-01,30347,Office,Al Dhagaya
CRT2130021236,2025-01-03,120000,Studio,Marsa Dubai
CNT2131953907,2025-08-04,154000,3,Al Bada
CNT2133748694,2025-12-06,20000,Office,Hor Al Anz
CRT2131306446,2025-06-12,51000,Studio,Me'Aisem First
CNT2131717615,2025-07-05,60000,1,Al Barsha South Third
CNT2133537823,2025-11-18,20000,Office,Al Khabeesi
CNT2131220551,2025-06-01,57500,2,Al Nahda Second
CNT2130382045,2025-04-05,28000,Studio,Al Mararr
CRT2131284819,2025-08-01,185000,2,Burj Khalifa
CNT2132407394,2025-08-27,15000,Office,Dubai Investment Park First
CNT2131782246,2025-07-01,39000,1,Al Qusais Industrial Fifth
CNT2130680935,2025-06-06,65048,2,Mirdif
CNT2130886671,2025-05-13,20000,Office,Hor Al Anz
CNT2132016274,2025-04-20,75000,Shop,Warsan Fourth
CNT2133719240,2025-12-03,74520,Office,Al Barsha First
CNT2130061736,2025-03-06,15000,Office,Business Bay
CNT2131655517,2025-07-01,53000,2,Al Nahda Second
CNT2133417422,2025-11-18,48000,2,Al Qusais Industrial Fifth
CNT2132373512,2025-08-25,15000,Office,Business Bay
CNT2130271979,2025-02-07,10000,Office,Dubai Investment Park Second
CNT2130461096,2025-04-11,15000,Office,Al Mararr
CNT2130287099,2025-03-25,12000,Office,Port Saeed
CRT2131904356,2025-07-19,45000,1,Hor Al Anz
CNT2131158163,2025-06-15,55000,2,Al Nahda First
CRT2133220768,2025-10-28,75000,1,Al Barsha South Fourth
CRT2133316356,2025-11-05,170000,4,Al Yufrah 1
CRT2133614026,2025-11-24,120000,1,Business Bay
CNT2130148415,2025-04-01,44000,Studio,Al Raffa
CNT2133859832,2025-12-15,30000,Studio,Al Karama
CNT2132497774,2025-09-03,20000,Office,Jabal Ali Industrial First
CNT2131989189,2025-08-15,149500,3,Al Bada
CNT2130995298,2025-05-17,88000,1,Al Jadaf
CNT2130210341,2025-03-20,54500,2,Al Nahda First
CNT2133966582,2025-12-23,15000,Office,Hor Al Anz
CNT2127106106,2025-01-01,45000,2,Al Qusais Industrial Second
CNT2127687274,2025-01-01,41800,1,Al Suq Al Kabeer
CNT2133299680,2025-12-01,60500,2,Al Qusais Industrial Third
CNT2129250467,2025-03-01,137000,2,Al Barsha First
CNT2130246725,2025-03-01,36300,Office,Al Qusais Industrial Second
CRT2133266476,2025-10-31,15000,Studio,Port Saeed
CNT2130572107,2025-04-19,165000,2,Business Bay
CNT2128823633,2025-04-01,97900,Shop,Al Warqa First
CNT2134256611,2026-01-01,42113,Studio,Jabal Ali First
CNT2134042007,2025-12-30,17000,Office,Abu Hail
CNT2130935429,2025-05-16,45000,Office,Nad Hessa
CNT2131384787,2025-06-01,35200,Studio,Warsan Fourth
CNT2127266604,2025-02-05,75000,2,Al Nahda Second
CNT2132690554,2025-09-20,118000,2,Al Barsha South Fourth
CRT2134211386,2026-01-04,60000,1,Al Barsha South Second
CNT2133154431,2025-10-23,5000,Office,Hadaeq Sheikh Mohammed Bin Rashid
CNT2131904867,2025-07-24,75999,1,Madinat Dubai Almelaheyah
CNT2132995446,2025-09-12,58000,2,Al Qusais
CNT2130132940,2025-03-12,15000,Office,Hor Al Anz
CNT2133581778,2025-11-21,15000,Office,Business Bay
CNT2130095903,2025-03-01,63000,1,Al Warsan First
CNT2132299178,2025-08-19,20900,Office,Al Khabeesi
CNT2130247106,2025-03-21,15000,Office,Hor Al Anz
CNT2131689775,2025-04-07,72600,Shop,Um Hurair Second
CRT2133175046,2025-10-25,115000,1,Al Merkadh
CNT2132834592,2025-09-22,96000,Warehouse,Al Goze Industrial Fourth
CNT2134001536,2026-01-02,130275,1,Um Suqaim Third
CNT2131657070,2025-06-25,39000,Studio,Warsan Fourth
CNT2130774981,2025-05-11,77396,2,Mirdif
CRT2133740306,2025-12-01,185000,3,Wadi Al Safa 5
CRT2131762096,2025-07-02,120000,4,Al Rashidiya
CNT2134128368,2026-01-07,22291,Office,Al Mararr
CNT2133294260,2025-11-03,15000,Office,Saih Shuaib 3
CNT2133783787,2025-12-09,15000,Office,Al Khabeesi
CNT2133743293,2025-12-10,71000,2,Mirdif
CNT2132896710,2025-10-10,44000,1,Al Warqa First
CNT2131572835,2025-07-01,75000,1,Al Bada
CNT2130072725,2025-03-01,79800,Shop,Al Karama
CNT2128568910,2025-01-01,38462,1,Me'Aisem First
CNT2133781475,2025-11-18,41000,Office,Al Garhoud
CNT2131545069,2025-05-25,144900,4,Nad Hessa
CNT2130060341,2025-03-06,15000,Office,Hor Al Anz
CNT2133618257,2025-12-01,140000,3,Mirdif
CRT2133963736,2026-01-03,155000,2,Al Thanyah Fourth
CNT2133352770,2025-11-06,16000,Office,Al Nahda First
CNT2131684658,2025-07-07,59500,1,Al Thanyah First
CNT2130350143,2025-04-02,15000,Office,Al Khabeesi
CNT2132491254,2025-09-10,28980,1,Al Qusais
CNT2132946783,2025-10-02,34000,Office,Um Hurair Second
CNT2133798888,2026-03-13,73000,2,Jabal Ali First
CNT2127575666,2025-01-01,49500,2,Al Twar First
CNT2127845638,2025-01-01,147000,Office,Al Rega
CNT2132944500,2025-10-08,15000,Office,Al Mararr
CNT2128083178,2025-01-15,15000,Office,Al Twar Fifth
CNT2133210620,2025-10-28,24000,Office,Hor Al Anz
CNT2130845061,2025-05-09,16000,Office,Al Goze Third
CNT2133705334,2025-12-08,40000,1,Al Qusais Industrial Fifth
CNT2133401788,2025-11-09,60227,1,Jabal Ali First
CNT2133937812,2025-12-13,42000,1,Al Warqa First
CNT2130012059,2025-03-10,45100,1,Al Hebiah Fourth
CNT2130190181,2025-03-11,43890,2,Muhaisanah Fourth
CNT2131746737,2025-07-08,23500,Office,Mankhool
CRT2132310086,2025-08-22,85000,1,Al Barsha South Fourth
CNT2128313104,2025-02-20,99452,Office,Jabal Ali First
CNT2130445004,2025-04-12,50964,1,Warsan Fourth
CRT2133233816,2025-10-29,51861,Studio,Al Merkadh
CRT2133185716,2025-10-20,80000,2,Al Thanyah Fifth
CNT2131071317,2025-05-26,15000,Office,Hor Al Anz
CRT2132608056,2025-09-12,145000,3,Al Yelayiss 2
CNT2131123596,2025-05-01,180000,Warehouse,Ras Al Khor Industrial First
CNT2127760723,2025-01-10,15000,Office,Port Saeed
CRT2132584586,2025-08-21,75000,1,Nad Hessa
CNT2130531203,2025-02-01,104000,Warehouse,Ras Al Khor Industrial First
CNT2127478801,2025-01-06,20000,Office,Hor Al Anz
CNT2134139858,2025-10-05,48880,1,Nad Hessa
CNT2133994502,2025-12-29,45000,Studio,Al Hebiah Third
CRT2134015646,2026-01-01,105000,2,Al Barsha South Fourth
CNT2127368943,2025-01-10,47250,Studio,Oud Metha
CNT2130139434,2025-03-10,104296,3,Al Thanyah Fifth
CNT2131291107,2025-01-01,151800,4,Jabal Ali First
CNT2132712412,2025-01-01,66550,2,Al Hudaiba
CRT2132129616,2025-08-04,121055,2,Al Thanyah Fourth
CNT2131157355,2025-03-15,86067,1,Palm Jumeirah
CNT2130894779,2025-01-01,64975,2,Al Twar Fifth
CNT2131706819,2025-08-08,90000,2,Al Thanyah First
CNT2133225554,2025-10-25,58000,1,Al Karama
CRT2132472926,2025-09-02,38000,1,Al Warsan First
CNT2133399597,2025-10-23,30000,Warehouse,Jabal Ali Industrial First
CNT2133578202,2025-07-29,115009,Shop,Mankhool
CNT2131485162,2025-06-30,62000,2,Al Goze Industrial Second
CNT2127603471,2025-01-08,15000,Office,Trade Center Second
CNT2129933068,2025-03-04,49000,Studio,Jabal Ali First
CNT2132662443,2025-09-20,46000,Studio,Jabal Ali First
CNT2134194304,2025-11-21,62900,2,Al Warqa First
CNT2132365631,2025-08-01,56000,2,Hor Al Anz East
CNT2133584185,2025-11-21,20000,Office,Port Saeed
CNT2131012041,2025-05-21,11000,Office,Mankhool
CNT2130392939,2025-01-16,61215,1,Al Barsha South Third
CRT2130072926,2025-03-22,95000,1,Hadaeq Sheikh Mohammed Bin Rashid
CNT2133115764,2025-10-15,99000,1,Marsa Dubai
CNT2129838577,2025-03-11,55000,2,Al Nahda First
CRT2132675866,2025-09-20,68250,2,Jabal Ali First
CNT2133875283,2026-01-01,110000,2,Al Hudaiba
CNT2133019941,2025-10-14,20000,Office,Al Raffa
CNT2131809729,2025-07-12,15000,Office,Al Nahda Second
CRT2130289776,2025-01-28,85000,1,Al Merkadh
CNT2130685485,2025-04-10,57330,2,Al Goze Industrial Second
CNT2132904844,2025-12-01,57000,2,Al Qusais
CNT2132700122,2025-09-19,25000,Shop,Dubai Investment Park Second
CNT2130987735,2025-05-05,167844,Shop,Al Warsan First
CNT2134028806,2025-12-07,170000,Warehouse,Jabal Ali Industrial First
CNT2132521619,2025-08-01,41000,Office,Al Suq Al Kabeer
CNT2134050292,2025-12-30,20000,Office,Port Saeed
CRT2130515026,2025-04-20,55000,1,Al Hebiah Fourth
CNT2133173978,2025-10-27,87000,1,Jabal Ali First
CRT2130469316,2025-03-15,58050,2,Nad Hessa
CNT2130867246,2025-05-12,15000,Office,Al Khabeesi
CNT2133343113,2025-10-01,51000,2,Al Nahda Second
CNT2132103321,2025-08-05,25000,Studio,Al Aweer First
CRT2128060456,2025-02-01,35000,Studio,Jabal Ali First
CRT2133142876,2025-10-22,60000,Studio,Al Merkadh
CNT2130312515,2025-03-25,62000,1,Me'Aisem First
CRT2133017326,2025-01-01,46000,1,Al Hamriya
CNT2132016999,2025-08-01,68000,1,Madinat Al Mataar
CNT2130625676,2025-02-15,117130,Shop,Al Murqabat
CNT2132537461,2025-08-27,23000,Office,Al Twar Fifth
CNT2132421139,2025-09-10,55000,1,Al Hebiah Fourth
CNT2129918984,2025-02-01,64000,2,Al Nahda First
CNT2132138105,2025-08-01,100000,1,Jabal Ali First
CNT2130501391,2025-06-01,20000,Office,Um Hurair Second
CNT2133798326,2025-12-15,53900,1,Al Jadaf
CNT2132450147,2025-09-15,50000,1,Al Barsha South Fourth
CNT2132802065,2025-10-15,37000,1,Wadi Al Safa 2
CNT2133780669,2026-01-01,31422,1,Hor Al Anz
CNT2130156912,2025-03-06,45150,1,Wadi Al Safa 2
CNT2129923267,2025-02-20,40000,Studio,Wadi Al Safa 2
CNT2129648660,2025-02-14,15000,Office,Al Khabeesi
CNT2130735962,2025-03-20,39900,1,Nad Hessa
CNT2131241425,2025-06-09,20000,Office,Al Muteena
CNT2131907339,2025-07-20,85800,Warehouse,Al Goze Industrial First
CNT2133190942,2025-11-01,98000,2,Mankhool
CRT2131396154,2025-05-15,150000,1,Business Bay
CNT2131084252,2025-06-20,36179,Studio,Jabal Ali First
CNT2131312996,2025-07-01,55000,2,Al Qusais
CNT2131099584,2025-05-28,15000,Office,Al Nahda Second
CNT2130471419,2025-04-12,20000,Office,Trade Center First
CNT2131800019,2025-07-05,85100,1,Hadaeq Sheikh Mohammed Bin Rashid
CNT2131102917,2025-05-28,180000,2,Burj Khalifa
CNT2131814015,2025-07-23,45000,2,Hor Al Anz
CNT2131401979,2025-06-20,15000,Office,Business Bay
CNT2128116111,2025-01-01,50000,Shop,Al Suq Al Kabeer
CNT2133088319,2025-08-31,145000,1,Marsa Dubai
CNT2132977525,2025-10-12,90000,Studio,Burj Khalifa
CNT2131367933,2025-07-07,116160,2,Trade Center First
CRT2131361424,2025-06-30,187163,3,Al Thanyah Fourth
CNT2129827801,2025-02-10,59800,Office,Al Barsha South Fourth
CNT2131573354,2025-06-01,42000,Shop,Al Aweer First
CNT2133728694,2025-12-15,45000,1,Nad Hessa
CNT2133609175,2025-11-24,20000,Office,Al Karama
CRT2132449446,2025-08-29,185000,2,Zaabeel Second
CRT2133893066,2025-12-26,68000,1,Al Barsha South Fourth
CNT2134284854,2025-12-20,86000,2,Al Barsha South Third
CRT2128294196,2025-01-20,15000,Office,Hor Al Anz
CNT2133623130,2025-12-01,37000,Studio,Naif
CNT2132850953,2025-10-01,33000,Studio,Al Warqa First
CNT2131820735,2025-06-12,38000,Studio,Dubai Investment Park Second
CNT2132191147,2025-08-01,113400,2,Business Bay
CNT2128802200,2025-01-30,15000,Office,Al Baraha
CNT2132752263,2025-10-15,30000,Studio,Al Baraha
CNT2131763764,2025-07-22,25200,Studio,Al Goze Industrial Second
CNT2131734734,2025-07-07,10000,Office,Mankhool
CNT2128731387,2025-01-01,140000,2,Al Safouh First
CNT2129583493,2025-02-13,20000,Office,Ras Al Khor Industrial Second
CRT2132400516,2025-03-01,54000,2,Al Thanyah Fifth
CNT2131301035,2025-01-01,43770,Shop,Al Warqa Third
CNT2131258269,2025-06-11,47000,2,Al Qusais Industrial Fifth
CNT2133311188,2025-10-26,30000,Studio,Al Nahda First
CNT2129973422,2025-04-01,88000,1,Al Jadaf
CNT2128100413,2025-02-01,36000,Studio,Al Sabkha
CNT2132523258,2025-06-05,40000,Kiosk,Um Suqaim Second
CRT2132276986,2025-08-05,134000,2,Al Merkadh
CNT2132945938,2025-10-08,15000,Office,Al Khabeesi
CNT2131287254,2025-05-22,26000,Office,Al Mararr
CNT2130861194,2025-05-11,149666,4,Mirdif
CNT2129042059,2025-02-01,38400,Room in labor camp,Jabal Ali Industrial First
CNT2131038230,2025-03-05,42462,Studio,Al Goze Fourth
CNT2133066803,2025-10-20,73000,1,Al Barsha South Third
CNT2131977562,2025-07-24,15000,Office,Hor Al Anz
CNT2128546268,2025-01-27,20000,Office,Business Bay
CNT2132227709,2025-09-11,69828,2,Al Thanyah First
CNT2128299707,2025-01-08,75870,Office,Jabal Ali First
CNT2132923989,2025-10-01,51590,1,Al Barsha South Fourth
CNT2133077929,2025-12-01,52500,2,Al Nahda Second
CRT2130760496,2025-01-24,165000,3,Al Thanyah Fourth
CNT2132299588,2025-08-10,63000,2,Al Nahda First
CNT2132580958,2025-09-10,120000,3,Al Garhoud
CNT2132189277,2025-10-10,120000,1,Al Merkadh
CNT2127881817,2025-01-01,63525,2,Nad Al Hamar
CNT2132082189,2025-08-01,78750,1,Al Thanyah Third
CNT2128320406,2025-01-01,68000,2,Nad Hessa
CNT2129716689,2025-02-15,100000,1,Business Bay
CNT2130904012,2025-05-14,15000,Office,Hor Al Anz
CNT2133023371,2025-11-10,50000,1,Al Barsha South Fourth
CNT2132281022,2025-08-18,15000,Office,Business Bay
CNT2134221219,2026-01-11,63000,2,Al Nahda First
CNT2131854594,2025-07-16,135500,Shop,Al Karama
CNT2133472188,2025-11-13,15000,Office,Al Khabeesi
CNT2131674758,2025-07-01,80000,Office,Um Hurair Second
CNT2133224780,2025-11-29,29999,1,Al Qusais
CNT2134065636,2026-01-18,108000,2,Oud Metha
CNT2128062120,2025-01-15,10000,Office,Naif
CRT2132854746,2025-07-23,26620,Studio,Al Warsan First
CRT2130301886,2025-04-26,80000,1,Muhaisanah First
CNT2132981087,2025-10-10,60000,1,Al Barsha South Fourth
CNT2130027560,2025-03-04,15000,Office,Al Khabeesi
CNT2133392264,2025-12-05,46000,1,Al Baraha
CNT2130900628,2025-05-15,76000,1,Al Barsha First
CNT2133921241,2026-01-01,32000,2,Muhaisanah Fourth
CNT2130885508,2025-06-05,36000,Studio,Warsan Fourth
CRT2132868466,2025-10-02,83000,1,Al Barsha South Third
CNT2133458898,2025-09-04,63000,2,Al Yelayiss 2
CNT2132798394,2025-09-27,15000,Office,Al Suq Al Kabeer
CNT2127771818,2025-01-16,120000,2,Al Karama
CNT2132070295,2025-08-05,80000,1,Al Thanyah Fifth
CNT2133629121,2025-11-26,65000,Studio,Business Bay
CNT2127874071,2025-01-02,45000,Studio,Jabal Ali First
CNT2128018932,2025-01-01,110000,3,Rega Al Buteen
CNT2132848385,2025-09-01,143000,Warehouse,Al Goze Industrial Third
CNT2130567568,2025-04-02,36300,Warehouse,Al Ttay
CNT2131792447,2025-08-01,55000,1,Al Barsha South Fourth
CNT2134022564,2025-12-25,32144,Studio,Jabal Ali First
CNT2131784065,2025-07-15,40000,2,Al Baraha
CNT2131776909,2025-07-16,31999,1,Al Qusais
CNT2126389901,2025-01-10,85141,3,Jabal Ali First
CNT2132877078,2025-10-14,100000,2,Marsa Dubai
CNT2128729860,2025-02-05,48000,1,Al Qusais Industrial Fifth
CNT2130747324,2025-05-04,33500,2,Al Goze Fourth
CNT2133446033,2025-11-11,22000,Studio,Naif
CNT2132445389,2025-08-29,20000,Office,Al Murqabat
CNT2132902646,2025-10-05,31000,Shop,Naif
CNT2130288931,2025-03-25,30000,2,Jabal Ali Industrial First
CNT2126252229,2025-01-01,24000,1,Muhaisanah Fourth
CNT2133542363,2025-10-31,87200,1,Hadaeq Sheikh Mohammed Bin Rashid
CNT2129959085,2025-02-27,20000,Office,Burj Khalifa
CRT2129988166,2025-03-01,74000,1,Al Thanyah Third
CNT2134269722,2026-01-15,36000,1,Al Warsan First
CNT2132281579,2025-08-18,15000,Office,Al Khabeesi
CNT2130580567,2025-03-25,63250,2,Al Mamzer
CNT2133070001,2025-09-28,34485,1,Al Warsan First
CNT2130471444,2025-04-01,29000,Office,Al Nahda First
CNT2130256274,2025-04-01,72000,2,Al Raffa
CNT2132303501,2025-08-13,10000,Office,Rega Al Buteen
CNT2130680561,2025-03-05,84593,2,Al Rega
CRT2131772176,2025-06-01,95000,1,Al Khairan First
CNT2131114030,2025-05-29,15000,Shop,Hor Al Anz
CNT2130373210,2025-04-04,20000,Office,Naif
CNT2130806846,2025-06-09,90000,Shop,Eyal Nasser
CNT2130075504,2025-03-10,78000,1,Al Jadaf
CNT2133491469,2025-10-01,48000,Office,Al Mamzer
CNT2132266543,2025-08-25,140000,2,Business Bay
CNT2130453352,2025-04-10,15000,Office,Al Goze Industrial First
CNT2132286625,2025-08-25,72000,1,Saih Shuaib 2
CNT2132055122,2025-07-01,42000,1,Al Karama
CNT2131272854,2025-06-11,15000,Office,Al Barsha First
CNT2133793560,2026-01-01,38000,1,Al Hamriya
CNT2132980376,2025-10-05,23000,Studio,Eyal Nasser
CNT2128135908,2025-01-17,67000,1,Al Barsha South Fourth
CNT2133604020,2025-11-21,85000,Hotel,Madinat Al Mataar
CNT2130635093,2025-05-15,47250,Studio,Business Bay
CNT2131571181,2025-05-31,74075,2,Al Muteena
CRT2134142646,2025-12-17,150000,Shop,Al Barsha South Fourth
CNT2130443168,2025-04-05,160000,4,Al Yelayiss 2
CNT2131327199,2025-07-01,82600,2,Al Wasl
CNT2131248689,2025-07-11,23999,Studio,Al Qusais
CRT2131273586,2025-05-18,70000,1,Al Merkadh
CRT2133556996,2025-07-01,42000,Studio,Al Hebiah Fifth
CNT2130374041,2025-04-10,66000,1,Al Karama
CNT2133327306,2025-11-01,100000,1,Burj Khalifa
CRT2130008576,2025-02-17,178500,4,Wadi Al Safa 5
CNT2134171886,2026-01-15,59220,1,Marsa Dubai
CNT2134289479,2026-02-07,10000,Office,Business Bay
CNT2133022265,2025-10-14,20000,Office,Al Raffa
CRT2129251546,2025-02-07,40000,1,Al Warsan First
CNT2132906335,2025-10-20,45684,1,Al Nahda Second
CRT2131988796,2025-08-07,180000,4,Wadi Al Safa 5
CNT2129635311,2025-02-13,150000,Hotel,Business Bay
CNT2133685806,2025-11-29,20000,Office,Dubai International Airport
CNT2130802704,2025-05-01,88200,3,Mirdif
CNT2132409616,2025-09-04,60000,3,Al Qusais Industrial Fifth
CRT2132222436,2025-08-08,65000,1,Wadi Al Safa 2
CNT2132134167,2025-09-05,95000,3,Madinat Hind 4
CNT2131536069,2025-04-10,52000,2,Al Qusais
CRT2133593676,2025-11-20,110000,1,Marsa Dubai
CNT2134038477,2026-01-25,42000,1,Al Warsan First
CNT2131579089,2025-05-15,115000,Warehouse,Al Qusais Industrial First
CNT2129854555,2025-05-01,42000,1,Al Mamzer
CNT2133511536,2025-11-20,72600,2,Al Barsha First
CNT2132496982,2025-06-01,92882,Shop,Al Murqabat
CNT2129822322,2025-02-15,43000,1,Al Suq Al Kabeer
CNT2131028340,2025-05-22,15000,Office,Al Muteena
CNT2128442935,2025-01-20,75000,Office,Oud Metha
CRT2133496416,2025-11-17,42000,Studio,Madinat Al Mataar
CNT2129112539,2025-02-01,56100,2,Wadi Al Safa 5
CNT2132110469,2025-08-08,43000,Studio,Al Hebiah Third
CNT2128283683,2025-02-01,26000,Studio,Al Mararr
CNT2130754646,2025-05-02,115000,1,Al Merkadh
CNT2133087282,2025-11-01,50000,Shop,Al Mararr
CRT2132588416,2025-09-01,185000,1,Palm Jumeirah
CRT2132130146,2025-08-04,130000,3,Madinat Hind 4
CNT2132555329,2025-03-01,57600,Room in labor camp,Jabal Ali Industrial First
CNT2130126780,2025-01-15,149870,Warehouse,Dubai Investment Park Second
CNT2131243545,2025-06-12,35564,1,Al Warsan First
CNT2127959495,2025-01-10,42000,Studio,Al Barsha First
CNT2130004011,2025-03-03,15000,Office,Al Goze Industrial First
CNT2132565864,2025-09-20,64286,1,Al Barsha South Fourth
CNT2132561455,2025-09-09,15000,Office,Saih Shuaib 3
CNT2130830437,2025-04-20,107077,Warehouse,Jabal Ali Industrial First
CNT2134135275,2026-02-15,58000,1,Al Nahda First
CNT2130934691,2025-05-20,125000,2,Al Barsha South Fourth
CNT2131704363,2025-05-01,65100,2,Al Raffa
CNT2128959024,2025-01-28,50000,1,Al Warsan First
CNT2132915778,2025-10-01,30000,Office,Al Mararr
CNT2133039165,2025-11-18,53400,Room in labor camp,Saih Shuaib 2
CNT2132481037,2025-09-06,68000,2,Al Warqa First
CNT2133029683,2025-07-01,45000,Studio,Al Barsha South Third
CNT2132220960,2025-07-15,32190,Studio,Jabal Ali Industrial First
CNT2133635911,2025-12-12,92000,Shop,Al Dhagaya
CNT2134190391,2026-01-12,18000,Office,Um Hurair Second
CNT2133160422,2025-10-23,15000,Office,Al Hamriya
CNT2129892646,2025-01-10,28000,Studio,Naif
CNT2133400522,2025-11-07,20000,Office,Dubai Investment Park First
CNT2129912143,2025-03-30,57000,2,Al Hebiah Fourth
CNT2131274867,2025-06-11,15000,Office,Al Barsha First
CNT2130435528,2025-05-10,115000,1,Al Merkadh
CNT2133316257,2025-10-26,115000,1,Al Safouh First
CRT2131014446,2025-05-20,72000,Studio,Al Merkadh
CNT2133440076,2025-10-31,71000,Warehouse,Al Qusais Industrial First
CNT2132061362,2025-06-01,25000,Shop,Al Baraha
CNT2130754002,2025-01-26,187368,1,Marsa Dubai
CNT2131027842,2025-05-02,135000,3,Hor Al Anz East
CNT2133649511,2025-11-10,33000,Studio,Naif
CNT2132297355,2025-08-19,11000,Office,Mankhool
CRT2132032246,2025-08-01,95000,1,Marsa Dubai
CNT2130189939,2025-01-13,165000,3,Al Bada
CNT2127493213,2025-01-06,15000,Office,Al Goze First
CRT2134303156,2026-01-23,120000,1,Business Bay
CNT2133913387,2025-12-18,18000,Office,Al Khabeesi
CNT2132226395,2025-08-13,30000,Office,Port Saeed
CNT2132475455,2025-09-02,10000,Office,Jabal Ali Industrial First
CNT2134204930,2026-01-14,75000,1,Jabal Ali First
CNT2131500838,2025-07-01,100000,Office,Oud Metha
CNT2133310085,2025-12-01,57500,2,Hor Al Anz
CNT2132401813,2025-09-16,60000,1,Al Raffa
CNT2132145365,2025-05-15,84700,3,Mirdif
CNT2133153942,2025-10-20,90000,1,Al Jadaf
CNT2133638878,2025-11-16,73000,2,Al Karama
CNT2132495667,2025-07-10,93000,2,Al Satwa
CNT2128528971,2025-01-01,53515,1,Al Karama
CNT2133013676,2025-10-31,10000,Office,Al Garhoud
CNT2131405085,2025-07-01,75000,3,Al Raffa
CNT2134143561,2026-01-10,48000,Shop,Naif
CNT2133343837,2025-11-23,158484,4,Nad Hessa
CNT2130095485,2025-03-10,15000,Office,Al Goze Industrial Third
CNT2133636694,2025-11-01,28000,Office,Naif
CNT2128137429,2025-01-16,50474,1,Al Thanyah First
CNT2130281534,2025-06-01,40000,Studio,Business Bay
CNT2127855147,2025-01-13,10000,Office,Trade Center First
CNT2130672811,2025-04-01,65000,3,Mirdif
CRT2128485106,2025-01-24,80000,1,Business Bay
CNT2127543925,2025-01-01,26000,Studio,Al Suq Al Kabeer
CNT2131038573,2025-05-02,78100,2,Al Barsha South Fourth
CNT2133890471,2025-12-11,120000,1,Al Barsha South Fourth
CNT2132130367,2025-08-10,60000,1,Al Barsha South Fourth
CNT2133139599,2025-10-22,20000,Office,Al Karama
CNT2133910153,2025-12-01,62000,Shop,Al Bada
CNT2131367321,2025-05-05,32000,1,Al Qusais Industrial Fifth
CNT2127633860,2025-01-07,113470,2,Marsa Dubai
CNT2132935033,2025-10-07,15000,Office,Al Mararr
CNT2131823253,2025-07-01,90000,1,Business Bay
CNT2132929105,2025-09-05,85091,2,Wadi Al Safa 2
CNT2130515670,2025-05-01,180000,Parking,Al Warsan Third
CNT2130982695,2025-05-20,15000,Office,Business Bay
CNT2129973410,2025-03-01,41500,1,Al Qusais Industrial Fifth
CRT2133742736,2025-12-03,72000,1,Al Barsha South Third
CRT2132844506,2025-09-26,55000,Studio,Al Merkadh
CNT2131237083,2025-06-09,15000,Office,Dubai Investment Park First
CNT2133457777,2025-11-14,66000,Office,Al Dhagaya
CNT2133798789,2025-12-10,15000,Office,Al Khabeesi
CRT2130601336,2025-05-08,105000,3,Madinat Hind 4
CNT2133399321,2025-10-01,24000,Shop,Al Mararr
CNT2131292813,2025-06-19,60000,1,Al Twar Fifth
CNT2130494723,2025-04-20,60000,Studio,Al Merkadh
CNT2133954464,2025-12-24,71000,1,Nad Hessa
CNT2132885543,2025-10-01,80040,Office,Nad Hessa
CRT2129842386,2025-02-22,95000,1,Burj Khalifa
CNT2132532242,2025-09-10,110250,3,Mankhool
CRT2131419456,2025-07-01,102000,2,Al Yelayiss 2
CNT2129926971,2025-02-16,138915,3,Al Bada
CNT2128569810,2025-01-02,152800,Shop,Nad Hessa
CNT2133225614,2025-11-15,71000,2,Ras Al Khor Industrial Third
CNT2131709358,2025-07-05,55000,2,Al Nahda Second
CNT2132069993,2025-08-05,105000,3,Wadi Al Safa 7
CNT2128106840,2025-01-10,125000,3,Nad Hessa
CNT2130943010,2025-05-16,15000,Office,Al Khabeesi
CNT2131867555,2025-07-16,15000,Office,Hor Al Anz
CNT2127466086,2025-01-06,15000,Office,Al Karama
CNT2130873648,2025-04-25,73500,4,Madinat Hind 4
CNT2133775442,2025-12-08,15000,Office,Al Suq Al Kabeer
CNT2131521406,2025-07-02,36000,1,Al Goze Fourth
CNT2130214556,2025-03-19,15000,Office,Al Murqabat
CNT2131989980,2025-07-25,40000,Office,Burj Khalifa
CNT2132484658,2025-08-25,152250,2,Marsa Dubai
CNT2131287606,2025-06-17,86000,2,Al Warqa First
CNT2131669847,2025-06-15,170000,Warehouse,Ras Al Khor Industrial Second
CNT2133461181,2025-11-12,17000,Office,Al Mararr
CNT2132856515,2025-10-01,51480,Room in labor camp,Muhaisanah Second
CNT2130615977,2025-05-01,36383,2,Muhaisanah Fourth
CNT2134323683,2026-01-20,20000,Office,Al Raffa
CNT2132738737,2025-11-11,44000,1,Hessyan First
CRT2129189056,2025-02-03,40000,Studio,Al Hebiah Fourth
CNT2132854138,2025-10-01,20000,Office,Al Raffa
CNT2133093597,2025-10-20,17000,Office,Al Mararr
CNT2133629157,2025-11-10,103000,Shop,Naif
CNT2133653897,2025-11-27,15000,Office,Al Suq Al Kabeer
CNT2133595937,2025-10-20,29400,Studio,Al Ras
CNT2133017780,2025-11-01,44000,1,Al Warsan First
CNT2132954674,2025-10-08,20000,Shop,Al Mararr
CRT2132775546,2025-09-26,81300,1,Marsa Dubai
CNT2132213227,2025-08-01,76000,3,Nad Al Hamar
CNT2133733150,2025-12-04,66000,Studio,Al Merkadh
CNT2132185542,2025-07-15,58000,Studio,Al Barsha South Third
CNT2132152354,2025-06-27,37400,Studio,Al Bada
CNT2130893878,2025-04-15,47250,2,Al Twar Fifth
CNT2130674965,2025-05-01,60000,Studio,Jabal Ali First
CNT2132810776,2025-09-05,62000,2,Al Nahda First
CNT2132636280,2025-09-19,97000,1,Nad Al Shiba First
CNT2133850298,2025-12-31,184999,2,Jumeirah First
CRT2134200936,2026-01-11,150000,1,Palm Jumeirah
CNT2132451482,2025-08-30,20000,Office,Al Mararr
CNT2134108505,2026-01-12,62000,2,Al Goze Industrial Second
CNT2133486276,2025-11-14,20000,Office,Naif
CRT2133282716,2025-04-01,145000,2,Burj Khalifa
CNT2131388109,2025-06-23,62000,2,Al Goze Industrial Second
CNT2130459446,2025-04-16,34999,Studio,Al Suq Al Kabeer
CNT2133789676,2025-12-09,20000,Office,Hor Al Anz East
CNT2134127187,2026-01-07,36000,Office,Al Ttay
CNT2131418227,2025-06-21,48500,2,Al Qusais Industrial Fifth
CNT2132619361,2025-09-20,45000,Studio,Al Goze Fourth
CNT2131908224,2025-09-18,50000,1,Al Murqabat
CNT2132290115,2025-09-05,80000,1,Marsa Dubai
CNT2132283150,2025-08-08,65000,1,Al Barsha South Fourth
CNT2133339366,2025-11-10,46200,1,Al Hamriya
CNT2131209303,2025-05-28,48814,Studio,Al Warsan First
CNT2131163331,2025-06-07,45000,Studio,Jabal Ali First
CNT2132180438,2025-08-05,100000,2,Port Saeed
CNT2133052481,2025-10-16,10000,Office,Al Khabeesi
CNT2130722328,2025-04-30,15000,Office,Burj Khalifa
CNT2134221990,2026-01-13,20000,Office,Al Raffa
CNT2134307685,2025-12-24,71400,1,Um Hurair Second
CNT2128827072,2025-02-05,67000,2,Muhaisanah Fourth
CNT2130795309,2025-05-01,157437,Shop,Al Thanyah Fifth
CRT2132457076,2025-09-01,140000,4,Al Barsha South Fourth
CNT2133568469,2025-11-20,15000,Office,Burj Khalifa
CNT2133567685,2025-10-10,112000,3,Al Karama
CNT2132559494,2025-09-09,15000,Office,Al Mararr
CNT2134090662,2025-12-20,61500,2,Hor Al Anz East
CNT2131029374,2025-05-01,79200,1,Al Thanyah Third
CNT2129528187,2025-02-01,120000,Room in labor camp,Al Goze Industrial Second
CNT2134042675,2025-12-30,15000,Office,Business Bay
CNT2130224147,2025-04-07,66000,2,Al Karama
CNT2131667307,2025-05-14,184000,Warehouse,Al Goze Industrial Third
CRT2126288436,2025-01-10,160000,3,Marsa Dubai
CNT2131150077,2025-06-05,59849,1,Al Hudaiba
CNT2126534333,2025-01-01,45000,Shop,Al Satwa
CNT2131687297,2025-07-19,43500,1,Al Karama
CNT2133494809,2025-11-20,59999,1,Al Goze Fourth
CNT2129253088,2025-02-07,20000,Office,Hor Al Anz
CRT2129673828,2025-02-24,42000,Hotel,Jabal Ali First
CNT2134196353,2026-01-12,15000,Office,Mankhool
CNT2133861019,2026-02-03,40326,Studio,Jabal Ali First
CNT2133413444,2025-11-04,51865,1,Al Karama
CNT2133616785,2025-11-30,67252,2,Al Mamzer
CNT2134186582,2026-01-01,50000,1,Al Warsan First
CNT2132722229,2025-09-22,20000,Office,Saih Shuaib 2
CNT2133647549,2025-11-29,30550,Studio,Jabal Ali First
CNT2130485735,2025-02-20,85000,1,Hadaeq Sheikh Mohammed Bin Rashid
CNT2133908496,2025-12-26,66000,1,Madinat Al Mataar
CRT2130922746,2025-02-01,138000,Warehouse,Ras Al Khor Industrial Second
CNT2131962860,2025-07-23,15000,Office,Hor Al Anz
CNT2130810564,2025-05-07,32000,Office,Oud Metha
CNT2132730599,2025-09-22,15000,Office,Al Goze First
CNT2133623806,2025-11-25,10000,Office,Al Khabeesi
CNT2132095624,2025-09-01,38000,1,Al Warsan First
CNT2129876106,2025-02-23,53900,1,Jabal Ali First
CNT2130683723,2025-04-28,15000,Office,Al Baraha
CNT2130763687,2025-04-27,55000,2,Al Qusais Industrial Fifth
CRT2130440066,2025-05-16,37500,Studio,Al Barsha South Third
CNT2129945880,2025-02-10,95000,1,Al Hudaiba
CNT2131921623,2025-09-01,30400,Studio,Wadi Al Safa 5
CNT2124559797,2025-01-01,150000,Showroom,Naif
CNT2133061867,2025-10-16,20000,Office,Port Saeed
CNT2132115767,2025-08-01,36000,Office,Um Hurair Second
CNT2129118680,2025-02-05,15000,Office,Hor Al Anz East
CNT2134194379,2026-01-12,20000,Office,Al Raffa
CNT2127689904,2025-01-11,160000,2,Business Bay
CNT2130052111,2025-03-01,37950,2,Al Qusais
CNT2134307659,2026-01-19,25000,Office,Dubai Investment Park First
CNT2130585314,2025-04-21,10000,Office,Mankhool
CNT2133614535,2025-10-30,45500,Studio,Al Raffa
CNT2128580667,2025-01-01,88000,Studio,Jabal Ali First
CRT2130169356,2025-03-15,60000,2,Al Nahda Second
CNT2128715283,2025-01-29,17000,Office,Saih Shuaib 3
CNT2134326746,2026-01-20,25000,Office,Trade Center First
CNT2132884142,2025-10-01,80000,Shop,Al Mararr
CNT2132788798,2025-07-20,20000,Shop,Oud Metha
CNT2127863952,2025-03-10,70000,2,Mankhool
CNT2133828748,2025-12-01,70000,3,Al Qusais
CRT2130182578,2025-03-01,38000,Studio,Al Barsha South Fourth
CNT2129192930,2025-02-06,20000,Office,Al Barsha First
CNT2131347114,2025-06-17,20000,Office,Dubai Investment Park First
CNT2130111160,2025-03-20,140000,3,Trade Center Second
CNT2133835621,2025-10-09,52149,1,Al Jadaf
CNT2132740180,2025-09-23,5000,Office,Al Thanyah First
CNT2126772606,2025-01-01,55000,1,Al Suq Al Kabeer
CNT2132570061,2025-09-01,73500,Warehouse,Ras Al Khor Industrial First
CNT2131706723,2025-08-01,60900,Studio,Al Jadaf
CNT2134011986,2026-01-01,50000,1,Al Qusais Industrial Second
CRT2129851796,2025-01-15,36000,1,Hor Al Anz
CNT2129888815,2025-02-15,42000,Office,Al Rega
CNT2133133731,2025-10-22,10000,Office,Al Raffa
CRT2127676006,2025-01-01,40000,1,Al Suq Al Kabeer
CNT2130034876,2025-03-05,120000,2,Al Barsha South Second
CNT2132595196,2025-09-11,15000,Office,Al Garhoud
CNT2132139577,2025-08-10,110000,3,Al Warqa First
CNT2131930793,2025-04-26,38000,1,Al Nahda Second
CNT2129944295,2025-02-26,15000,Office,Hor Al Anz
CNT2132417070,2025-10-05,63000,Studio,Al Satwa
CNT2132426013,2025-07-10,73500,2,Wadi Al Safa 5
CNT2130910562,2025-05-10,94500,Office,Marsa Dubai
CNT2132788027,2025-09-26,16000,Office,Business Bay
CNT2132909396,2025-10-06,15000,Office,Al Goze Third
CNT2133006309,2025-10-30,121500,3,Al Murqabat
CNT2131509020,2025-06-24,15000,Office,Al Khabeesi
CNT2129194634,2025-02-06,20000,Office,Hor Al Anz
CNT2132056201,2025-07-30,15000,Office,Port Saeed
CNT2129436161,2025-02-01,104500,3,Mankhool
CNT2133805423,2026-01-01,60900,Shop,Al Goze First
CNT2133745596,2025-11-20,30800,Studio,Wadi Al Safa 5
CNT2131368450,2025-09-15,169400,3,Nad Al Shiba First
CNT2134320365,2026-01-20,20000,Office,Al Khabeesi
CNT2131038895,2025-05-01,32000,Studio,Al Bada
CNT2129190743,2025-02-06,20000,Office,Business Bay
CNT2132377878,2025-08-25,20000,Office,Dubai Investment Park First
CNT2130452241,2025-03-22,73000,Shop,Al Nahda First
CNT2130146319,2025-03-13,15000,Office,Al Khabeesi
CNT2126273027,2025-01-05,68000,1,Al Satwa
CNT2131871516,2025-05-25,100000,2,Al Murqabat
CNT2133929345,2025-12-20,10000,Office,Al Wasl
CNT2128122667,2025-01-20,36031,Shop,Al Warsan First
CNT2131192282,2025-06-03,15000,Office,Al Hamriya
CNT2127625687,2025-01-08,15000,Office,Al Mararr
CNT2132746691,2025-09-23,15000,Office,Saih Shuaib 3
CRT2128508906,2025-01-01,30000,1,Al Baraha
CNT2130751974,2025-05-02,10000,Office,Al Goze First
CNT2131549688,2025-06-26,20000,Office,Port Saeed
CRT2133201336,2025-11-12,58500,1,Al Hebiah Third
CNT2133750700,2026-01-01,45000,2,Al Qusais
CNT2130197927,2025-04-01,62009,Office,Al Thanyah First
CNT2130249547,2025-03-21,20000,Office,Naif
CNT2133599680,2025-08-15,122850,2,Al Barsha South Fourth
CNT2134300264,2026-01-14,29000,Office,Al Twar Fifth
CNT2131870013,2025-07-18,56249,Studio,Jabal Ali First
CRT2130049926,2025-03-07,110000,1,Me'Aisem First
CNT2134169778,2026-01-09,16000,Office,Al Hamriya
CRT2132422866,2025-09-10,100000,3,Madinat Hind 4
CNT2131043330,2025-05-22,69525,Office,Al Karama
CNT2127195993,2025-01-01,40000,1,Al Raffa
CRT2131327496,2025-06-15,180000,3,Al Hebiah Fourth
CNT2131655947,2025-07-03,77999,2,Al Hudaiba
CNT2131866061,2025-07-16,10000,Office,Port Saeed
CNT2131004996,2025-01-01,50000,Shop,Naif
CNT2129048196,2025-02-04,15000,Office,Al Khabeesi
CNT2128546134,2025-01-27,20000,Office,Naif
CNT2129940046,2025-02-16,48070,2,Al Nahda Second
CNT2130252552,2025-04-15,78000,1,Al Satwa
CNT2134141810,2026-01-01,90000,2,Al Karama
CNT2130617647,2025-03-01,165900,Restaurant,Al Goze Industrial First
CNT2130906212,2025-05-15,117980,Office,Al Murqabat
CNT2130689470,2025-04-28,15000,Office,Al Baraha
CNT2133158534,2025-09-18,39000,1,Wadi Al Safa 2
CNT2130568273,2025-04-18,15000,Office,Al Goze Industrial First
CNT2133835638,2025-10-30,49350,1,Saih Shuaib 1
CNT2134109944,2026-01-01,55000,Shop,Al Karama
CNT2132591103,2025-09-05,34500,Studio,Jabal Ali Industrial First
CNT2133169524,2025-10-24,15000,Office,Al Khabeesi
CRT2132283656,2025-08-01,95000,2,Muhaisanah First
CRT2130338149,2025-04-01,55000,Studio,Al Barsha South Fourth
CRT2129881196,2025-01-25,67909,1,Jumeirah First
CRT2134289626,2025-12-01,70000,1,Al Barsha South Fourth
CNT2134253607,2025-12-18,81900,Office,Al Barsha First
CNT2127458672,2025-01-01,52500,2,Al Nahda Second
CNT2130718752,2025-04-30,15000,Office,Al Khabeesi
CNT2129013091,2025-02-01,30000,Office,Hor Al Anz East
CNT2133428541,2026-01-01,75000,2,Al Karama
CNT2130507643,2025-04-01,76500,1,Al Thanyah First
CNT2132669026,2025-08-23,66000,2,Mankhool
CNT2133154513,2025-10-23,15000,Office,Al Hamriya
CRT2133987606,2025-12-25,50000,Studio,Al Hebiah Fourth
CNT2129265200,2025-02-10,125000,2,Um Ramool
CNT2130615654,2025-06-01,41895,1,Al Goze Industrial Second
CNT2129690094,2025-02-05,74644,Shop,Um Hurair Second
CNT2132509612,2025-10-05,54600,2,Al Goze Industrial Second
CNT2133680643,2025-12-01,155000,Office,Al Barsha First
CNT2131276115,2025-06-10,70000,2,Al Barsha South Third
CNT2127495476,2025-01-06,15000,Office,Al Goze First
CNT2130316807,2025-04-30,160000,2,Burj Khalifa
CRT2130747876,2025-05-01,61600,2,Al Mamzer
CNT2131860200,2025-07-16,20000,Office,Trade Center First
CNT2131257530,2025-06-10,86595,Office,Business Bay
CNT2133049404,2025-10-17,58285,Shop,Al Suq Al Kabeer
CNT2134131257,2026-01-07,15000,Office,Hor Al Anz
CNT2133696643,2025-12-09,32005,Studio,Jabal Ali First
CNT2131153988,2025-06-21,157500,2,Trade Center Second
CRT2132412886,2025-09-03,170000,3,Wadi Al Safa 7
CNT2127938524,2025-02-15,57000,1,Nad Hessa
CNT2133013914,2025-07-01,24000,Studio,Al Warsan First
CRT2130979786,2025-06-01,175000,4,Wadi Al Safa 3
CNT2132812388,2025-09-29,38000,Studio,Warsan Fourth
CNT2130945845,2025-05-19,50000,Studio,Al Qusais Industrial Second
CNT2132459263,2025-09-01,15000,Office,Hor Al Anz
CNT2133589185,2025-11-22,85000,1,Al Barsha South Fourth
CNT2132425985,2025-09-05,71000,1,Al Hebiah Fourth
CRT2133461336,2025-09-01,52000,Shop,Al Suq Al Kabeer
CNT2130810338,2025-05-11,54023,2,Al Nahda Second
CNT2129112011,2025-02-01,88935,3,Mirdif
CNT2133609071,2025-11-22,53000,1,Al Nahda Second
CNT2132848835,2025-09-14,89600,Room in labor camp,Al Goze Third
CNT2131809582,2025-07-12,65000,Studio,Business Bay
CNT2131059818,2025-05-26,36000,1,Al Goze Fourth
CNT2134044327,2025-12-30,15000,Office,Al Khabeesi
CNT2131256407,2025-06-15,66000,2,Al Warqa First
CNT2133906036,2025-12-18,15000,Office,Burj Khalifa
CNT2133471090,2025-11-13,15000,Office,Al Khabeesi
CNT2129906316,2025-02-24,30000,Office,Burj Khalifa
CNT2127887786,2025-01-01,100000,Office,Al Twar Fifth
CNT2130418625,2025-07-20,63922,Office,Al Goze Industrial Third
CNT2128818846,2025-01-31,14000,Office,Al Raffa
CNT2128499949,2025-01-25,20000,Room in labor camp,Jabal Ali Industrial First
CNT2134186064,2026-01-21,40000,1,Hor Al Anz East
CNT2130253513,2025-03-22,15000,Office,Al Khabeesi
CNT2129964333,2025-03-07,51700,1,Al Barsha South Third
CNT2132973594,2025-12-27,93000,2,Al Jadaf
CRT2133958406,2026-01-01,105000,3,Madinat Al Mataar
CNT2127435557,2025-01-01,30000,Studio,Warsan Fourth
CNT2131808629,2025-07-06,43890,2,Muhaisanah Fourth
CRT2130671786,2025-04-26,90000,1,Al Barsha South Fourth
CNT2131353327,2025-06-17,15000,Office,Hor Al Anz
CNT2134189751,2025-06-29,30492,Studio,Dubai Investment Park Second
CNT2130684731,2025-04-28,22000,Office,Hor Al Anz
CNT2129885566,2025-02-22,20000,Office,Hor Al Anz
CNT2130776673,2025-05-05,15000,Office,Jabal Ali Industrial First
CNT2131100847,2025-05-28,24000,1,Muhaisanah Second
CNT2132624409,2025-09-01,150000,Shop,Al Ras
CNT2133498823,2025-11-15,20000,Office,Trade Center First
CNT2130639456,2025-04-24,20000,Office,Hor Al Anz
CNT2134195227,2026-01-16,15000,Office,Al Nahda First
CNT2133867936,2025-12-16,70000,1,Me'Aisem First
CNT2130945200,2025-01-17,75785,Shop,Al Warsan First
CNT2130127802,2025-03-01,90000,2,Rega Al Buteen
CRT2133039036,2025-08-28,43000,Studio,Al Hebiah Fourth
CRT2130610826,2025-04-27,57000,1,Al Hebiah Fourth
CNT2131019872,2025-05-22,15000,Office,Business Bay
CNT2131651188,2025-06-15,85000,Warehouse,Al Qusais Industrial Second
CNT2131158008,2025-06-08,170000,3,Marsa Dubai
CNT2133614087,2025-11-01,75000,2,Dubai Investment Park First
CRT2128136542,2025-02-01,100000,2,Jabal Ali First
CNT2132377446,2025-08-25,15000,Office,Al Murqabat
CNT2132381740,2025-08-25,15000,Office,Naif
CNT2132493752,2025-09-03,15000,Office,Business Bay
CNT2129184191,2025-01-25,114345,2,Marsa Dubai
CNT2128297175,2025-02-01,46200,1,Al Goze Industrial Second
CRT2132707466,2025-09-15,110000,2,Marsa Dubai
CNT2133128979,2025-10-31,27500,Studio,Al Warsan First
CNT2132304694,2025-10-31,55000,1,Mirdif
CRT2132900026,2025-10-08,58000,Studio,Wadi Al Safa 3
CNT2133626435,2025-11-25,10000,Office,Port Saeed
CNT2127982753,2025-01-14,10000,Office,Dubai Investment Park Second
CNT2133822936,2025-12-11,22000,Studio,Hor Al Anz
CNT2134260253,2026-01-15,15000,Office,Mankhool
CNT2134189110,2026-01-11,78750,2,Al Hudaiba
CNT2132151563,2025-08-01,85017,2,Mankhool
CNT2132494551,2025-07-05,175000,3,Wadi Al Safa 7
CNT2132777542,2025-09-25,73000,1,Al Barsha South Fourth
CNT2129367456,2025-03-11,85999,2,Jabal Ali First
CNT2131487856,2025-06-25,95000,3,Al Mamzer
CNT2128496704,2025-02-25,12000,Office,Al Raffa
CNT2127754593,2025-01-19,40950,1,Al Goze Industrial Second
CNT2133441151,2025-11-11,20000,Office,Saih Shuaib 2
CNT2131159377,2025-06-16,75000,2,Al Hudaiba
CNT2128104624,2025-02-19,67760,1,Business Bay
CNT2131888433,2025-08-20,60000,1,Al Saffa First
CNT2131160557,2025-05-01,90000,Warehouse,Um Ramool
CNT2130408933,2025-04-16,44946,1,Hor Al Anz
CNT2134199914,2026-03-04,60000,2,Al Goze Industrial Second
CNT2133825427,2025-12-12,104000,Shop,Al Suq Al Kabeer
CNT2132015278,2025-07-20,165000,3,Al Yelayiss 1
CNT2133565696,2025-11-20,20000,Office,Al Khabeesi
CRT2130496656,2025-03-01,57000,1,Jabal Ali First
CRT2130768106,2025-03-26,48000,Studio,Al Barsha South Third
CNT2132173935,2025-08-08,16000,Office,Al Garhoud
CNT2130653831,2025-01-15,78004,Office,Nad Hessa
CNT2132574829,2025-02-05,52000,2,Al Warqa First
CNT2129377903,2025-01-25,40425,1,Al Nahda First
CRT2134015156,2026-01-01,110000,2,Al Barsha South Fourth
CNT2133084875,2025-11-03,129640,1,Marsa Dubai
CNT2131079859,2025-06-27,107382,3,Al Barsha First
CNT2130520332,2025-05-01,60000,1,Nad Hessa
CNT2130226527,2025-03-01,35280,1,Al Warsan First
CNT2133332189,2025-10-28,52000,1,Al Warsan First
CNT2133056355,2025-10-27,70000,2,Al Mamzer
CNT2131231535,2025-06-09,15000,Office,Hor Al Anz
CNT2133457996,2025-11-01,40000,Office,Al Barsha First
CNT2130067072,2025-03-01,90000,1,Oud Metha
CRT2131328886,2025-06-16,140000,2,Al Khairan First
CNT2131249785,2025-05-23,65500,1,Al Barsha South Third
CNT2130862783,2025-07-15,45000,2,Al Qusais
CNT2128289047,2025-02-10,55000,1,Nad Al Hamar
CNT2132178454,2025-08-08,15000,Office,Business Bay
CNT2126827929,2025-02-05,80000,Office,Business Bay
CNT2133418876,2025-11-01,80000,1,Al Barsha First
CNT2130492538,2025-06-02,180000,3,Al Kheeran
CNT2133908567,2025-12-20,85000,2,Al Barsha South Third
CRT2128812226,2025-01-31,145000,2,Business Bay
CNT2131036379,2025-04-25,45808,Restaurant,Madinat Dubai Almelaheyah
CRT2133827766,2025-12-01,35000,1,Al Warsan First
CNT2128038411,2025-01-15,15000,Office,Al Muteena
CNT2132635150,2025-09-15,31000,Office,Al Khabeesi
CNT2132488332,2025-09-01,50600,2,Naif
CNT2132609602,2025-08-29,116250,3,Al Barsha First
CNT2132152353,2025-05-31,100000,2,Al Bada
CNT2131008996,2025-06-02,72000,2,Al Mamzer
CNT2131902785,2025-10-05,30000,Studio,Al Twar Fifth
CRT2132011366,2025-07-03,60000,Office,Business Bay
CNT2131356150,2025-06-17,15000,Office,Dubai Investment Park First
CNT2133200162,2025-10-27,15000,Office,Al Goze Industrial First
CNT2133406694,2025-11-25,32000,Studio,Al Twar Fifth
CNT2130353354,2025-03-05,32000,Studio,Warsan Fourth
CNT2133834966,2026-01-31,65500,1,Al Muteena
CNT2129878909,2025-02-18,42832,Office,Al Rega
CNT2130217299,2025-03-19,15000,Office,Al Nahda Second
CNT2133142885,2025-11-01,27000,Studio,Al Suq Al Kabeer
CNT2133987098,2026-01-25,149500,3,Al Bada
CNT2131403462,2025-09-10,185000,6,Al Mamzer
CNT2128808644,2025-02-10,25000,Studio,Al Mararr
CRT2130190112,2025-03-15,105000,1,Al Thanyah Fifth
CNT2132292442,2025-08-26,52270,1,Jabal Ali First
CNT2134223043,2025-12-25,57000,1,Al Barsha First
CNT2133048445,2025-10-16,20000,Office,Al Raffa
CNT2133993843,2025-12-25,26000,Office,Port Saeed
CNT2130151179,2025-03-14,150000,1,Business Bay
CNT2133903568,2025-12-24,45999,1,Ras Al Khor Industrial Third
CRT2132391876,2025-05-05,52000,1,Al Barsha South Third
CNT2130719129,2025-04-15,55000,Studio,Um Hurair Second
CRT2133552696,2025-11-01,55125,Studio,Al Thanyah Fifth
CRT2133573926,2025-11-25,165000,2,Marsa Dubai
CRT2130122426,2025-01-10,77000,Office,Business Bay
CNT2131987863,2025-09-01,40000,1,Al Hamriya
CNT2132056308,2025-07-20,105000,2,Al Thanyah First
CRT2127679416,2025-02-01,45000,Studio,Me'Aisem First
CNT2130061260,2025-02-01,72600,1,Naif
CRT2128313046,2025-01-15,90000,Office,Al Hebiah Fourth
CRT2133771726,2025-12-03,80000,1,Al Barsha South Third
CNT2131860282,2025-07-15,150000,2,Al Hebiah Third
CNT2131732941,2025-07-11,60000,Office,Al Barsha First
CNT2127097876,2025-01-10,55000,1,Al Hamriya
CNT2132577470,2025-09-10,15000,Office,Al Goze Industrial First
CNT2128725026,2025-01-01,39600,1,Al Hamriya
CRT2132381656,2025-09-05,90000,2,Mirdif
CNT2130392999,2025-05-06,73920,2,Jumeirah First
CNT2128801251,2025-01-28,80250,2,Al Mamzer
CNT2130938056,2025-05-16,14000,Office,Al Goze Third
CNT2132928901,2025-10-11,38000,Office,Business Bay
CNT2132650470,2025-09-16,15000,Office,Dubai Investment Park First
CNT2133767371,2025-12-08,50000,Office,Al Nahda First
CRT2133266816,2025-11-01,169091,2,Hadaeq Sheikh Mohammed Bin Rashid
CNT2133798427,2025-10-25,79488,Shop,Naif
CNT2132727544,2025-10-15,97000,Office,Al Ras
CNT2132305819,2025-08-01,53251,2,Warsan Fourth
CRT2128953155,2025-02-11,64807,1,Al Merkadh
CNT2132744879,2025-09-22,25000,Office,Hor Al Anz East
CNT2127652827,2025-01-08,20000,Office,Al Goze Industrial First
CNT2129257962,2025-02-03,24000,Room in labor camp,Jabal Ali Industrial First
CNT2132013400,2025-08-10,47039,1,Al Nahda Second
CNT2130803953,2025-05-06,30500,Office,Al Muteena
CRT2134219146,2026-01-01,44000,Shop,Al Warsan First
CRT2130658696,2025-04-05,40000,Studio,Al Hebiah Fourth
CNT2129985599,2025-03-01,15000,Office,Al Goze Industrial First
CNT2133557541,2025-12-01,70000,1,Al Thanyah Fifth
CNT2133470648,2025-11-21,61000,1,Al Hudaiba
CRT2129721256,2025-02-15,60000,Studio,Al Barsha South Fourth
CNT2131139645,2025-05-25,150000,Warehouse,Al Goze Industrial Fourth
CNT2131156694,2025-06-02,15000,Office,Hor Al Anz
CNT2131684874,2025-07-03,15000,Office,Al Goze Industrial First
CNT2129928821,2025-03-05,33000,1,Al Baraha
CNT2131703244,2025-06-01,90000,Office,Al Hamriya Port
CNT2130110212,2025-02-25,79594,1,Marsa Dubai
CNT2133128755,2025-11-01,42160,1,Al Nahda Second
CRT2131319206,2025-07-01,105000,1,Marsa Dubai
CNT2132049375,2025-08-01,39000,Studio,Madinat Hind 4
CRT2132012636,2025-08-01,55000,2,Al Raffa
CNT2131921697,2025-08-15,120000,1,Al Merkadh
CNT2128953754,2025-02-01,16400,Room in labor camp,Al Goze Third
CNT2133686232,2025-12-01,79695,Office,Naif
CNT2132139420,2025-09-01,51000,2,Al Warqa First
CNT2130348611,2025-04-02,20000,Office,Naif
CRT2132039926,2025-08-01,33000,Studio,Al Warsan First
CNT2128106815,2025-02-05,38850,1,Al Nahda Second
CNT2134121297,2026-01-01,55600,2,Hor Al Anz
CNT2132283159,2025-07-31,37000,1,Al Warsan First
CNT2129770037,2025-02-09,46200,2,Al Nahda Second
CNT2133099942,2025-11-11,40000,Studio,Al Qusais Industrial First
CNT2127647746,2025-01-01,78000,2,Al Rega
CNT2131075723,2025-06-01,69130,1,Oud Metha
CNT2128089827,2025-01-15,36000,Office,Mankhool
CNT2130873432,2025-05-01,60000,1,Mankhool
CNT2132780858,2025-09-29,65000,2,Al Karama
CNT2132122138,2025-07-01,38500,1,Al Suq Al Kabeer
CNT2133793960,2025-12-09,15000,Office,Business Bay
CRT2127965036,2025-01-25,36750,1,Al Warsan First
CNT2131933492,2025-07-22,20000,Office,Al Baraha
CNT2127329136,2025-01-01,66000,2,Al Karama
CNT2132268424,2025-08-20,75000,1,Al Jadaf
CNT2133784869,2025-12-09,15000,Office,Al Twar Fifth
CNT2131981494,2025-05-20,50000,1,Eyal Nasser
CRT2131883296,2025-07-15,181500,4,Jumeirah Third
CNT2133471472,2025-11-02,51975,2,Al Nahda Second
CNT2133486548,2025-11-16,36225,2,Muhaisanah Fourth
CNT2127110804,2025-01-25,40950,1,Al Goze Industrial Second
CNT2129462565,2025-02-15,80000,1,Al Barsha South Third
CNT2132295933,2025-08-18,63000,1,Al Suq Al Kabeer
CNT2131006249,2025-05-15,35000,Shop,Hor Al Anz
CNT2132477779,2025-08-29,80000,1,Business Bay
CNT2130974607,2025-05-19,15000,Office,Al Khabeesi
CNT2131800803,2025-07-01,69000,2,Al Barsha South Fourth
CRT2133671846,2025-09-01,70000,Shop,Al Warsan First
CNT2132083857,2025-08-01,97020,2,Jabal Ali First
CNT2129184243,2025-02-05,130000,2,Rega Al Buteen
CNT2133739537,2025-12-18,77000,2,Al Nahda First
CNT2134127380,2026-01-10,46000,Studio,Al Barsha South Fourth
CNT2132411402,2025-08-27,15000,Office,Al Murqabat
CRT2132963736,2025-10-01,54000,Studio,Al Barsha South Third
CRT2133686266,2025-12-01,80000,1,Al Merkadh
CNT2130795875,2025-05-20,50820,1,Jabal Ali First
CNT2132399652,2025-10-02,50000,Office,Al Thanyah Fifth
CNT2132788300,2025-09-01,97092,2,Al Safouh First
CNT2132274757,2025-08-15,149500,3,Al Bada
CNT2132071769,2025-08-01,55902,1,Al Barsha First
CNT2134093680,2025-12-01,131100,Workshop,Um Ramool
CRT2132360296,2025-08-28,95000,1,Al Barsha South Fourth
CRT2131122036,2025-05-15,42000,Studio,Dubai Investment Park First
CNT2129833523,2025-02-18,18000,Office,Port Saeed
CNT2134114946,2025-10-09,88910,Shop,Al Warsan Third
CNT2132672872,2025-10-01,50000,Studio,Jabal Ali First
CNT2131715767,2025-07-05,15000,Office,Saih Shuaib 2
CRT2131058316,2025-05-05,160000,1,Palm Jumeirah
CNT2131545459,2025-07-01,78000,1,Naif
CNT2132764144,2025-09-24,40250,Office,Jabal Ali Industrial First
CNT2134173235,2026-01-01,28000,Studio,Al Warsan First
CNT2133449124,2025-11-10,33420,Studio,Warsan Fourth
CNT2132579715,2025-08-31,113850,Office,Al Thanyah Fifth
CNT2129122306,2025-01-01,63400,Office,Al Qusais Industrial Second
CNT2131803791,2025-07-11,15000,Office,Al Goze Industrial First
CNT2132923179,2025-10-07,20000,Office,Saih Shuaib 2
CNT2133744878,2025-12-05,20000,Office,Port Saeed
CRT2131034016,2025-04-24,155000,Shop,Hor Al Anz
CNT2131418243,2025-06-25,46200,1,Wadi Al Safa 5
CRT2134287156,2026-01-19,50000,Studio,Al Merkadh
CNT2133188949,2025-11-01,65200,Office,Al Murqabat
CNT2131297571,2025-04-20,90000,Office,Al Nahda Second
CNT2134059657,2026-01-05,120000,Shop,Um Suqaim Second
CRT2132251897,2025-07-27,170000,4,Al Yelayiss 2
CNT2133345892,2025-10-01,35000,1,Al Qusais
CNT2132448045,2025-09-26,44160,2,Al Warqa First
CNT2128527665,2025-01-25,40000,Shop,Al Rega
CRT2132469026,2025-08-27,160000,2,Al Khairan First
CNT2128733448,2025-02-02,75000,2,Al Barsha First
CNT2133272901,2025-08-02,72214,2,Jabal Ali First
CNT2131825617,2025-08-01,60000,2,Ras Al Khor Industrial Third
CNT2130963507,2025-03-15,33000,Studio,Naif
CNT2126954892,2025-01-01,32000,2,Al Qusais
CNT2131239560,2025-03-01,38000,Shop,Al Suq Al Kabeer
CRT2128825416,2025-02-02,55000,Studio,Hadaeq Sheikh Mohammed Bin Rashid
CNT2132513458,2025-09-04,35000,Office,Al Nahda First
CNT2130881897,2025-05-24,92000,2,Al Satwa
CNT2133547261,2025-12-16,56700,2,Al Goze Industrial Second
CNT2134243023,2026-01-01,89500,3,Al Karama
CNT2127802157,2025-01-31,54285,1,Jabal Ali First
CNT2132520059,2025-08-23,55080,Shop,Al Karama
CNT2130525322,2025-03-05,150000,Shop,Hor Al Anz East
CNT2131673609,2025-07-07,90000,2,Al Yelayiss 2
CNT2131198678,2025-06-03,15000,Office,Al Khabeesi
CNT2133512354,2025-11-13,71000,1,Jabal Ali First
CNT2130147452,2025-03-13,31217,2,Muhaisanah Second
CRT2129929336,2025-02-26,60000,Shop,Al Warsan First
CNT2130007310,2025-03-03,15000,Office,Hor Al Anz
CNT2132031931,2025-08-01,42000,Studio,Wadi Al Safa 5
CNT2134210941,2026-01-13,25000,Office,Business Bay
CNT2131033070,2025-08-08,28600,Studio,Al Goze Industrial Second
CNT2132635187,2025-09-23,67000,Studio,Business Bay
CNT2131816469,2025-07-25,42000,1,Al Hamriya
CNT2132467995,2025-09-01,33500,Office,Al Karama
CNT2132452604,2025-08-30,15000,Office,Al Khabeesi
CNT2133806665,2025-08-05,65000,Shop,Al Dhagaya
CRT2129120896,2025-02-02,75000,1,Business Bay
CNT2129877882,2025-02-22,50000,1,Warsan Fourth
CRT2132287566,2025-08-15,90000,2,Al Barsha South Fifth
CNT2127882418,2025-01-13,15000,Office,Al Mararr
CNT2130191441,2025-03-20,48000,1,Al Nahda Second
CNT2132034819,2025-07-25,66000,2,Al Karama
CNT2129053646,2025-01-15,38720,1,Al Warqa First
CNT2133610634,2025-11-10,25000,Studio,Al Mararr
CNT2130717928,2025-04-26,88200,2,Mirdif
CNT2130704103,2025-04-26,111000,2,Al Barsha South Third
CNT2132947856,2025-11-23,49000,Studio,Jabal Ali First
CNT2130864657,2025-07-01,41000,1,Al Mamzer
CNT2132094717,2025-08-06,81999,2,Al Karama
CNT2130068079,2025-03-19,85000,2,Madinat Al Mataar
CNT2134052057,2026-02-01,89500,Office,Port Saeed
CNT2133630658,2025-10-15,44100,Hotel,Al Barsha South Fourth
CNT2130588988,2025-04-25,115000,Office,Business Bay
CNT2133844451,2025-12-12,15000,Office,Al Murqabat
CNT2131762944,2025-06-20,40000,1,Al Nahda Second
CNT2132712351,2025-09-01,63500,Studio,Marsa Dubai
CNT2131027664,2025-05-15,130000,Shop,Al Raffa
CNT2130752779,2025-01-05,162800,3,Nad Hessa
CRT2131014946,2025-05-22,180000,3,Madinat Al Mataar
CNT2130587583,2025-04-21,15000,Office,Al Khabeesi
CNT2132931709,2025-10-07,50000,Studio,Al Barsha South Third
CNT2133910508,2025-12-18,20000,Office,Al Baraha
CNT2132772946,2025-09-25,15000,Office,Al Mararr
CNT2133875186,2025-12-15,72000,2,Al Qusais
CNT2128134521,2025-01-09,35000,1,Al Warsan First
CRT2131149004,2025-09-01,108000,3,Madinat Hind 4
CNT2131871073,2025-07-17,15000,Office,Hor Al Anz East
CNT2133699377,2025-12-03,30000,Office,Um Hurair Second
CRT2132635066,2025-09-01,95000,2,Wadi Al Safa 3
CNT2131346897,2025-06-17,73680,Shop,Al Bada
CNT2128959678,2025-02-01,32000,1,Al Nahda First
CNT2131019253,2025-05-22,20000,Office,Saih Shuaib 2
CNT2130116433,2025-03-11,15000,Office,Business Bay
CNT2130434220,2025-05-01,55000,1,Al Murqabat
CNT2130028824,2025-03-05,90000,3,Trade Center Second
CNT2132396221,2025-08-30,85000,2,Al Barsha South Third
CNT2133322829,2025-11-07,35000,Office,Al Dhagaya
CNT2131056072,2025-03-08,31200,Room in labor camp,Al Goze Third
CNT2130850930,2025-05-08,40000,Shop,Lehbab First
CNT2132439578,2025-08-30,41800,1,Al Goze Industrial Second
CNT2132330281,2025-08-21,20000,Office,Trade Center First
CRT2133173566,2025-10-11,140000,2,Marsa Dubai
CNT2132657541,2025-09-16,82467,2,Al Barsha First
CNT2132604880,2025-08-08,56000,2,Al Nahda Second
CNT2130331954,2025-03-28,15000,Office,Naif
CNT2133221557,2025-10-30,63999,3,Muhaisanah Fourth
CRT2131107206,2025-02-14,60000,Shop,Al Jafliya
CNT2128816210,2025-02-01,85000,2,Al Murqabat
CNT2129570311,2025-02-12,80000,1,Jabal Ali First
CNT2130383524,2025-03-20,68250,2,Al Muteena
CNT2133349351,2025-11-19,41558,2,Al Karama
CNT2131290762,2025-06-12,10000,Office,Al Raffa
CNT2133447360,2025-11-06,73000,1,Al Garhoud
CNT2132735886,2025-09-10,40000,1,Al Mararr
CRT2133184366,2025-10-21,57750,1,Jabal Ali First
CRT2132050156,2025-07-30,35000,2,Abu Hail
CNT2127652014,2025-02-01,45000,1,Al Raffa
CNT2132733861,2025-09-28,59290,2,Al Karama
CNT2132529070,2025-09-01,70000,2,Al Hebiah Fourth
CNT2131121285,2025-06-02,65000,1,Warsan Fourth
CNT2130214478,2025-03-25,98000,2,Al Karama
CNT2131081725,2025-05-28,100000,Shop,Hor Al Anz
CNT2131501737,2025-07-02,36000,1,Muhaisanah Fourth
CNT2129190825,2025-02-06,20000,Office,Business Bay
CNT2132193501,2025-08-12,66000,2,Wadi Al Safa 5
CNT2131193365,2025-06-03,20000,Office,Mankhool
CRT2127136746,2025-05-01,176000,2,Me'Aisem First
CRT2133461926,2025-11-15,84000,1,Nad Hessa
CNT2133016068,2025-10-11,73000,2,Wadi Al Safa 5
CRT2131092946,2025-06-01,48000,Studio,Jabal Ali First
CNT2133317061,2025-11-04,15000,Office,Saih Shuaib 3
CNT2128733629,2025-01-25,97405,2,Al Murqabat
CNT2130469633,2025-03-25,53000,2,Al Warqa First
CRT2130479426,2025-04-19,93660,1,Al Thanyah Third
CNT2132296258,2025-09-05,63480,1,Jabal Ali First
CNT2131707278,2025-07-03,36000,Office,Burj Khalifa
CNT2131965707,2025-04-18,56133,1,Al Barsha South Fourth
CRT2133923636,2025-12-15,48000,Studio,Warsan Fourth
CNT2134291600,2026-01-01,75000,2,Wadi Al Safa 2
CNT2132794598,2025-08-12,56000,Studio,Marsa Dubai
CNT2132363792,2026-01-01,35000,Studio,Al Mararr
CNT2130352294,2025-04-02,15000,Office,Al Khabeesi
CRT2132711186,2025-10-01,50000,Studio,Al Barsha South Fourth
CRT2131563636,2025-06-30,125000,1,Marsa Dubai
CNT2130553987,2025-04-15,127000,Office,Al Barsha First
CNT2131373028,2025-06-18,15000,Office,Port Saeed
CNT2133692940,2025-11-30,20000,Office,Al Mararr
CRT2130890736,2025-01-31,30000,1,Al Warsan First
CNT2130964887,2025-05-11,55880,1,Jabal Ali First
CNT2129624281,2025-02-13,15000,Office,Al Baraha
CNT2132323089,2025-08-12,44000,1,Al Goze Industrial Second
CNT2129884592,2025-02-20,27500,Office,Eyal Nasser
CNT2130187036,2025-03-17,15000,Office,Trade Center Second
CNT2129876422,2025-03-01,48000,1,Al Nahda Second
CNT2132995362,2025-10-20,40000,Studio,Oud Metha
CRT2132525166,2025-09-08,51000,Studio,Al Thanyah Fifth
CNT2132855923,2025-10-23,39999,1,Muhaisanah Fourth
CRT2131796006,2025-06-09,40000,1,Al Warsan First
CNT2133450792,2025-11-11,15000,Office,Al Suq Al Kabeer
CNT2129114844,2025-02-01,40000,Shop,Al Karama
CNT2132356628,2026-01-01,43000,1,Hor Al Anz
CNT2130396056,2025-04-09,62699,2,Jabal Ali First
CNT2130194065,2025-03-02,75191,Office,Burj Khalifa
CNT2133447399,2025-11-01,57500,2,Al Nahda Second
CNT2130173324,2025-01-25,41550,1,Naif
CNT2130271695,2025-03-26,38000,Studio,Business Bay
CRT2132357506,2025-09-01,128000,1,Zaabeel Second
CNT2132301939,2025-10-20,65000,1,Jabal Ali First
CNT2132569215,2025-09-24,62000,2,Al Goze Industrial Second
CRT2133175996,2025-10-08,88000,Studio,Business Bay
CNT2127453087,2025-01-01,48000,Office,Al Wasl
CNT2129370695,2025-02-02,42000,Studio,Al Jadaf
CNT2127432216,2025-01-04,21000,Office,Port Saeed
CNT2129983107,2025-03-01,89000,2,Al Barsha South Third
CNT2133176748,2025-10-24,20000,Office,Al Garhoud
CNT2130042223,2025-02-16,126000,Shop with a mezzanine,Jumeirah Third
CRT2132158816,2025-08-15,55000,1,Al Hebiah Fourth
CRT2129877676,2025-03-01,170000,3,Al Yelayiss 1
CNT2130062795,2025-03-06,15000,Office,Hor Al Anz
CRT2130608306,2025-05-01,65000,2,Al Warsan First
CNT2127784615,2025-01-10,15000,Office,Hor Al Anz
CNT2132198208,2025-08-23,45000,1,Al Warsan First
CNT2131059490,2025-05-26,15000,Office,Hor Al Anz
CRT2130335166,2025-04-01,58000,5,Al Waheda
CNT2134245470,2025-11-05,78975,Studio,Wadi Al Safa 5
CNT2133677474,2026-01-01,180000,Shop,Mirdif
CNT2132497149,2025-08-09,40425,1,Jabal Ali Industrial First
CNT2134257148,2026-01-01,44770,1,Al Raffa
CRT2131694156,2025-07-01,12000,Office,Al Khabeesi
CNT2130130400,2025-04-01,35307,1,Al Warsan First
CRT2131940796,2025-07-02,56000,Studio,Al Barsha South Fourth
CNT2133451788,2025-11-11,20000,Office,Al Khabeesi
CNT2130589678,2025-04-21,15000,Office,Al Goze Industrial First
CRT2133756606,2025-12-07,95000,2,Al Yelayiss 2
CNT2127550033,2025-01-01,32000,Showroom,Al Mararr
CNT2132786572,2025-09-26,10000,Office,Port Saeed
CNT2132870407,2025-10-05,103000,2,Al Murqabat
CNT2132820943,2025-10-01,55000,1,Al Warsan First
CNT2133702355,2025-12-03,50000,Studio,Al Bada
CNT2132536580,2025-09-01,103000,Office,Al Nahda Second
CNT2133775669,2025-12-08,20000,Office,Trade Center First
CNT2128579129,2025-01-28,26000,Office,Port Saeed
CNT2132369246,2025-08-25,75000,Office,Al Barsha South Third
CNT2130961033,2025-05-15,55660,1,Al Barsha First
CNT2133999833,2025-12-26,20000,Office,Hor Al Anz
CNT2134093517,2026-01-05,15000,Office,Al Khabeesi
CNT2131160877,2025-07-15,48000,1,Al Barsha South Third
CNT2130706289,2025-05-01,36383,2,Muhaisanah Fourth
CNT2133637728,2026-02-01,154791,3,Nad Hessa
CNT2133347143,2025-10-25,51923,1,Nad Hessa
CNT2132175389,2025-08-08,15000,Office,Naif
CRT2134250706,2026-01-15,10000,Office,Hor Al Anz
CRT2131908606,2025-10-01,90000,1,Hadaeq Sheikh Mohammed Bin Rashid
CNT2132330378,2025-08-21,15000,Office,Hor Al Anz
CNT2131074999,2025-05-27,15000,Office,Al Khabeesi
CNT2132898664,2025-10-05,68000,Studio,Business Bay
CRT2132305506,2025-08-25,80000,3,Madinat Hind 4
CNT2132522835,2025-10-15,59400,3,Al Rowaiyah Third
CNT2131512798,2025-05-17,80000,1,Oud Metha
CNT2132786930,2025-09-15,135000,1,Marsa Dubai
CRT2132768666,2025-09-30,35000,Studio,Al Warsan First
CNT2131930025,2025-08-02,60000,1,Al Nahda First
CRT2130800156,2025-05-05,65000,2,Al Hebiah Fourth
CNT2134290320,2026-01-01,65000,2,Al Hamriya
CNT2133520567,2025-12-18,46305,2,Al Karama
CNT2129948720,2025-03-01,82000,2,Oud Metha
CNT2132494377,2025-08-25,22000,Studio,Al Mararr
CRT2131081746,2025-05-31,83000,1,Jabal Ali First
CNT2132513280,2025-09-06,90000,2,Nad Hessa
CRT2133051806,2025-10-15,40890,Shop,Al Suq Al Kabeer
CNT2131875929,2025-05-20,44000,1,Al Warqa First
CNT2129984108,2025-02-25,41500,1,Al Warsan First
CNT2131320187,2025-06-22,155000,2,Nad Al Shiba First
CNT2130894660,2025-05-13,15000,Office,Hor Al Anz
CNT2130627387,2025-04-01,40500,1,Naif
CNT2132251273,2025-08-09,61600,Office,Business Bay
CNT2132827355,2025-08-21,153300,Warehouse,Jabal Ali Industrial First
CRT2133777326,2025-12-20,185000,2,Al Khairan First
CNT2132711606,2025-09-14,160000,2,Hadaeq Sheikh Mohammed Bin Rashid
CRT2128104916,2025-01-16,80000,1,Hadaeq Sheikh Mohammed Bin Rashid
CNT2128522006,2025-02-01,64000,1,Warsan Fourth
CNT2132970635,2025-10-09,20000,Office,Port Saeed
CNT2128536157,2025-01-13,50000,1,Mankhool
CNT2130313598,2025-02-15,37000,Studio,Al Jadaf
CNT2131879848,2025-07-21,102000,3,Rega Al Buteen
CNT2132265638,2025-08-15,40000,Studio,Warsan Fourth
CNT2128447265,2025-01-22,20000,Office,Business Bay
CRT2134191196,2026-01-05,154350,2,Burj Khalifa
CRT2133790896,2025-12-14,175000,3,Al Hebiah Sixth
CNT2131345197,2025-06-17,25000,Office,Port Saeed
CNT2130135024,2025-03-12,36000,Office,Oud Metha
CRT2131550646,2025-07-06,90000,2,Al Yelayiss 2
CNT2132002323,2025-07-26,36000,Office,Mankhool
CNT2134183467,2026-01-01,100800,Office,Nad Hessa
CRT2134025516,2025-12-16,130000,Office,Business Bay
CNT2128035397,2025-01-20,57330,2,Al Goze Industrial Second
CNT2131073747,2025-06-01,90000,3,Rega Al Buteen
CNT2130111167,2025-01-15,110000,4,Mirdif
CNT2129838883,2025-01-01,50000,2,Al Karama
CNT2132063691,2025-07-31,15000,Office,Saih Shuaib 3
CNT2132279425,2025-08-18,20000,Office,Port Saeed
CNT2131831090,2025-07-15,90000,2,Saih Shuaib 2
CRT2132453366,2025-08-24,32000,Studio,Al Nahda Second
CNT2133485351,2026-01-05,90000,2,Hor Al Anz East
CNT2128069087,2025-01-15,23000,Office,Naif
CRT2130736396,2025-04-05,75000,Shop with a mezzanine,Al Mararr
CNT2129996236,2025-03-03,15000,Office,Al Goze Industrial First
CNT2133708793,2025-12-03,20000,Office,Dubai Investment Park First
CRT2132953916,2025-10-15,73000,1,Al Merkadh
CNT2133855032,2025-04-29,37000,Office,Mankhool
CNT2133876485,2026-01-01,26460,1,Al Qusais
CNT2131849268,2025-07-05,55000,1,Al Warqa First
CNT2131759037,2025-07-31,57999,1,Jabal Ali First
CRT2134091086,2025-12-28,154000,2,Palm Jumeirah
CRT2132618306,2025-09-12,35000,Studio,Me'Aisem First
CNT2130464720,2025-02-01,33000,Studio,Al Muteena
CNT2130215084,2025-04-01,39848,1,Al Nahda First
CNT2130189201,2025-03-17,15000,Office,Burj Khalifa
CNT2130498669,2025-04-15,154350,3,Um Suqaim First
CRT2131859046,2025-07-20,45000,Studio,Al Barsha South Fourth
CRT2130103826,2025-03-10,83000,1,Business Bay
CNT2133895637,2025-11-16,52000,1,Madinat Al Mataar
CNT2127058231,2025-02-15,64680,2,Al Hebiah Fifth
CNT2130915422,2025-01-10,68000,2,Al Qusais
CNT2131560711,2025-06-25,50911,Studio,Al Thanyah Fifth
CNT2133679176,2025-10-15,35000,Studio,Al Suq Al Kabeer
CNT2129936190,2025-01-15,151200,Room in labor camp,Al Goze Industrial Second
CNT2129051142,2025-02-04,15000,Office,Dubai Investment Park First
CNT2134122466,2026-01-07,25000,Office,Al Karama
CNT2128064164,2025-01-13,49000,1,Al Raffa
CNT2133815075,2026-01-09,49000,2,Al Qusais Industrial Fifth
CNT2133620793,2025-11-02,70036,1,Al Thanyah Fifth
CNT2133731014,2025-11-15,68000,2,Nad Al Hamar
CRT2134067626,2025-12-01,150000,3,Wadi Al Safa 5
CNT2131888597,2025-07-18,15000,Office,Al Baraha
CNT2132330693,2025-08-21,20500,Office,Al Muteena
CNT2134132902,2026-01-15,158000,Shop,Al Buteen
CNT2130876017,2025-05-12,80000,Warehouse,Ras Al Khor Industrial Second
CNT2130672671,2025-04-26,15000,Office,Business Bay
CNT2131070295,2025-05-20,85002,1,Al Satwa
CNT2130822037,2025-04-16,46754,1,Al Barsha South Fourth
CNT2129947808,2025-02-01,45000,1,Al Buteen
CNT2131213903,2025-05-27,43659,1,Al Nahda First
CNT2132162616,2025-08-07,15000,Office,Business Bay
CNT2133907963,2026-01-15,80000,1,Nad Al Shiba First
CNT2131382362,2025-08-01,101640,2,Al Murqabat
CNT2130268466,2025-03-21,60500,2,Mirdif
CNT2133176536,2025-10-20,63000,1,Mirdif
CNT2132911909,2025-10-06,30000,Office,Mankhool
CNT2132540130,2025-09-26,100000,Shop,Dubai International Airport
CRT2133681306,2025-12-12,50000,Studio,Al Barsha South Fourth
CNT2130951727,2025-06-11,51450,1,Al Karama
CNT2133050650,2025-11-25,95000,2,Trade Center First
CNT2131417156,2025-07-01,37500,Studio,Madinat Al Mataar
CNT2127980588,2025-01-01,70000,1,Mankhool
CNT2132640352,2025-09-15,30000,1,Naif
CNT2133226660,2025-02-15,38400,Room in labor camp,Al Goze Industrial First
CNT2131015222,2025-06-25,135000,3,Al Jadaf
CNT2132718881,2025-10-13,25200,1,Al Qusais
CNT2127678574,2025-01-01,160000,Shop,Naif
CRT2133194106,2025-10-01,66100,Office,Al Thanyah Fifth
CNT2128733177,2025-01-20,181068,Warehouse,Al Qusais Industrial First
CRT2133859996,2025-12-15,40000,Studio,Me'Aisem First
CNT2131808790,2025-07-10,45000,1,Al Twar Fifth
CNT2129826318,2025-02-09,70000,2,Al Raffa
CNT2132620573,2025-09-15,42000,1,Warsan Fourth
CNT2130928825,2025-05-20,41000,Studio,Al Jadaf
CRT2133885246,2025-12-16,50000,2,Palm Jumeirah
CRT2129455796,2025-02-15,60000,Studio,Al Barsha South Fourth
CNT2131371719,2025-06-15,130000,2,Al Barsha South Fourth
CNT2129826118,2025-01-31,60000,Shop,Al Sabkha
CRT2131524876,2025-07-10,52000,1,Nad Hessa
CNT2128709718,2025-02-03,45000,Studio,Al Hebiah Fourth
CNT2133639495,2025-11-26,25000,Office,Al Khabeesi
CNT2132663786,2025-10-16,151594,3,Al Wasl
CNT2133799566,2025-12-10,15000,Office,Business Bay
CNT2131978877,2025-07-01,62000,2,Al Nahda Second
CRT2133508216,2025-11-17,105000,1,Al Barsha South Fourth
CRT2133573421,2025-10-31,78689,1,Al Barsha South Fourth
CNT2134285168,2026-01-21,61900,2,Hor Al Anz
CNT2131374017,2025-07-03,63000,2,Al Hudaiba
CRT2133736376,2025-12-01,120000,8,Hor Al Anz
CNT2133265927,2025-11-02,162750,4,Mirdif
CNT2130698247,2025-05-02,42899,2,Al Karama
CRT2130843826,2025-05-01,148400,1,Al Ttay
CRT2132824107,2025-10-01,49297,1,Jabal Ali First
CNT2133543793,2026-02-10,56000,1,Al Murqabat
CNT2131913245,2025-07-20,55000,Shop,Al Warsan First
CNT2133902379,2025-12-01,85000,Shop,Um Suqaim Second
CNT2130890700,2025-04-27,68000,2,Wadi Al Safa 5
CNT2133424375,2025-02-02,80000,1,Hadaeq Sheikh Mohammed Bin Rashid
CNT2130233015,2025-02-25,48000,1,Wadi Al Safa 2
CNT2128573742,2025-02-15,120000,3,Madinat Hind 4
CNT2132885751,2025-10-10,50000,1,Al Barsha South Fourth
CNT2131323397,2025-05-10,31900,1,Al Warsan First
CRT2133218166,2025-11-01,65000,2,Al Karama
CRT2133086566,2025-10-25,180000,2,Al Barsha South Second
CNT2134251119,2026-01-17,75300,2,Rega Al Buteen
CRT2129570315,2025-02-15,110000,2,Mirdif
CNT2134033933,2025-01-01,126500,3,Al Hudaiba
CNT2133523615,2025-11-14,35000,Office,Burj Khalifa
CNT2131797404,2025-04-01,60000,1,Al Raffa
CNT2132191987,2025-10-05,50000,1,Al Nahda Second
CRT2129908556,2025-03-01,145000,3,Al Yelayiss 2
CNT2133281320,2025-11-01,20000,Office,Al Murqabat
CNT2131965641,2025-07-25,22000,Studio,Al Mararr
CNT2133560028,2025-11-10,28000,Studio,Al Mararr
CNT2130647556,2025-04-21,180575,Warehouse,Al Qusais Industrial First
CNT2133571022,2025-11-06,57600,1,Al Barsha South Fourth
CNT2130242280,2025-03-21,20000,Office,Port Saeed
CNT2129057027,2025-02-04,15000,Office,Al Baraha
CNT2133824813,2025-12-10,45000,2,Al Qusais
CNT2132020423,2025-08-04,110000,2,Jabal Ali First
CNT2130545047,2025-04-17,20000,Office,Al Khabeesi
CNT2133723930,2025-12-04,20000,Office,Dubai Investment Park First
CNT2134059285,2026-01-01,50000,Shop,Al Hudaiba
CNT2130626922,2025-04-23,24000,2,Muhaisanah Second
CNT2130414093,2025-04-03,43500,1,Al Warqa First
CNT2129831188,2025-02-18,15000,Office,Al Goze Industrial First
CNT2130270499,2025-03-24,15000,Office,Burj Khalifa
CNT2133801180,2025-12-10,20000,Office,Port Saeed
CNT2132074469,2025-07-31,37950,Shop,Al Aweer Second
CRT2131078506,2025-07-07,150000,Office,Al Thanyah Fifth
CNT2132735085,2025-09-15,70000,1,Al Barsha First
CNT2133011872,2025-10-18,110000,2,Jabal Ali First
CNT2133231323,2025-11-10,50700,1,Hor Al Anz East
CNT2132563688,2025-09-09,15000,Office,Business Bay
CNT2132676025,2025-09-17,40000,Studio,Naif
CNT2129952988,2025-03-01,74000,1,Jabal Ali First
CNT2132566213,2025-09-09,20000,Office,Ras Al Khor Industrial Second
CNT2131024481,2025-04-01,39000,Studio,Nad Hessa
CNT2127584959,2025-01-07,15000,Office,Hor Al Anz
CNT2131573631,2025-06-15,59000,2,Muhaisanah Fourth
CNT2130827497,2025-05-12,78750,2,Al Hudaiba
CRT2133961036,2026-01-01,110000,2,Al Thanyah Fifth
CNT2130996145,2025-05-20,15000,Office,Business Bay
CNT2133592147,2025-05-15,140000,Shop,Al Buteen
CNT2130051052,2025-03-06,20000,Office,Hor Al Anz
CNT2134200484,2026-01-12,35000,1,Al Ttay
CNT2134180121,2026-02-01,47000,1,Al Nahda Second
CNT2134088277,2026-01-01,40000,2,Al Raffa
CNT2130665844,2025-04-25,38400,Studio,Al Warsan First
CNT2130902368,2025-04-20,34914,Studio,Al Barsha South Fourth
CNT2130163308,2025-03-10,19500,Office,Al Wasl
CNT2131880306,2025-07-01,54600,2,Al Warqa First
CNT2131534237,2025-06-01,23000,Studio,Eyal Nasser
CNT2132857443,2025-10-01,15000,Office,Al Mararr
CNT2128554690,2025-02-25,12000,Office,Al Raffa
CNT2125319886,2025-01-10,33000,Studio,Al Murqabat
CNT2130771143,2025-05-05,15000,Office,Al Goze Third
CNT2131097949,2025-06-04,52500,1,Ras Al Khor Industrial Third
CRT2133694954,2025-12-01,43000,Studio,Al Barsha South Fourth
CNT2132263700,2025-08-12,138886,Office,Business Bay
CNT2127857381,2025-01-01,55000,1,Mirdif
CNT2132081268,2025-08-01,20000,Office,Al Khabeesi
CRT2133429966,2025-10-20,115000,2,Nad Al Shiba First
CRT2130465446,2025-03-29,100000,1,Marsa Dubai
CNT2129378741,2025-01-01,20000,Office,Al Ras
CNT2132767503,2025-09-28,44999,1,Ras Al Khor Industrial Third
CNT2132370683,2025-08-25,20000,Office,Al Murqabat
CNT2130796804,2025-04-01,25000,1,Al Hudaiba
CNT2132725987,2025-09-02,62400,Studio,Jabal Ali First
CNT2131954782,2025-08-01,67000,Office,Al Qusais
CNT2131713907,2025-07-14,34650,1,Al Qusais Industrial Fifth
CNT2132522348,2025-09-06,50000,1,Al Barsha South Third
CNT2131552638,2025-07-01,48000,1,Warsan Fourth
CNT2131958808,2025-07-25,65000,1,Al Raffa
CNT2134090997,2026-01-05,15000,Office,Al Mararr
CNT2132615962,2026-01-01,32700,Studio,Al Suq Al Kabeer
CNT2132599797,2025-09-11,12000,Office,Port Saeed
CNT2130264999,2025-04-01,75000,2,Al Murqabat
CNT2134105802,2026-01-01,50000,2,Al Warsan First
CNT2127974273,2025-02-01,59800,2,Al Suq Al Kabeer
CNT2129254795,2025-02-15,130000,3,Al Barsha First
CNT2132314498,2025-08-23,55000,Office,Burj Khalifa
CNT2132388022,2025-08-31,46200,2,Al Karama
CNT2130765955,2025-05-07,46305,2,Muhaisanah Fourth
CNT2132595862,2025-09-01,50936,2,Nad Hessa
CNT2133239206,2025-10-29,15000,Office,Al Goze Industrial First
CNT2131913498,2025-05-05,37000,Studio,Warsan Fourth
CNT2131396107,2025-06-01,64762,Room,Al Murqabat
CRT2132738366,2025-09-26,20000,Office,Al Ras
CNT2131131738,2025-05-01,76866,Warehouse,Dubai Investment Park First
CNT2130472227,2025-04-26,50000,2,Al Qusais Industrial Fifth
CRT2134334166,2026-01-22,64000,Studio,Business Bay
CNT2131394126,2025-06-22,40000,Studio,Al Hebiah Fourth
CNT2132829709,2025-05-07,187200,Labor camp,Dubai Investment Park Second
CNT2131246922,2025-08-01,100000,Shop,Muhaisanah Fourth
CNT2133459397,2025-10-01,28000,Studio,Naif
CNT2131859701,2025-07-25,120000,Office,Al Thanyah First
CNT2133101160,2025-10-20,60000,Studio,Al Merkadh
CNT2132995868,2025-10-17,88000,1,Al Thanyah Fifth
CRT2128578696,2025-03-01,25000,1,Al Qusais Industrial Second
CNT2131557365,2025-07-01,38000,Studio,Al Raffa
CRT2132937776,2025-10-09,115000,1,Al Merkadh
CNT2131134079,2025-06-10,56000,1,Al Hebiah Fifth
CNT2133213185,2025-10-28,20000,Office,Al Murqabat
CNT2130375815,2025-04-04,20000,Office,Naif
CNT2130095907,2025-01-29,35807,Office,Al Mararr
CNT2131804188,2025-07-20,46000,1,Al Warqa First
CNT2133472108,2025-11-13,15000,Office,Al Goze Industrial First
CNT2131571345,2025-04-25,77555,2,Al Muteena
CNT2134068887,2026-01-01,80000,2,Al Rega
CNT2133286742,2025-07-15,65000,1,Al Barsha South Fourth
CNT2134081734,2026-01-01,38204,Studio,Al Barsha South Fourth
CNT2128576546,2025-02-02,185000,2,Al Kifaf
CNT2129445084,2025-02-11,15000,Office,Al Baraha
CNT2131494566,2025-06-20,70000,2,Oud Metha
CNT2131773178,2025-07-09,10000,Office,Hor Al Anz
CNT2132393783,2025-08-15,40950,1,Al Qusais
CNT2133647810,2025-10-24,127000,Warehouse,Jabal Ali Industrial First
CNT2134179110,2026-01-12,103000,2,Al Barsha First
CNT2130919526,2025-05-15,15000,Office,Al Murqabat
CNT2130286880,2025-02-01,108000,Room in labor camp,Al Goze Third
CRT2128295106,2025-01-05,71500,2,Al Nahda Second
CNT2134029244,2025-12-25,85000,2,Al Barsha South Fourth
CNT2133927118,2025-12-23,90000,1,Al Barsha South Fourth
CNT2131867023,2025-07-16,20500,Office,Al Muteena
CNT2131158731,2025-06-02,15000,Office,Muhaisanah Fourth
CNT2133347750,2025-10-10,53439,1,Al Satwa
CNT2128128238,2025-01-15,57000,Studio,Al Ras
CRT2130523256,2025-04-01,37600,Shop,Naif
CRT2133352246,2025-10-28,45000,1,Al Warsan First
CNT2133402886,2025-11-07,15000,Office,Al Goze Industrial First
CNT2133829480,2025-12-04,65000,1,Al Hebiah Fourth
CNT2131992007,2025-07-01,31500,Shop,Jabal Ali Industrial First
CNT2132874899,2025-10-11,50000,Office,Um Ramool
CNT2132663195,2025-09-28,38000,Studio,Warsan Fourth
CNT2133345700,2025-11-12,167659,Office,Al Rega
CNT2130407435,2025-04-10,38000,1,Al Nahda First
CNT2128708758,2025-01-01,80000,2,Jumeirah First
CNT2134235727,2026-01-14,15000,Office,Business Bay
CNT2129452784,2025-02-12,20000,Office,Ras Al Khor Industrial Second
CNT2131190010,2025-06-03,20000,Office,Trade Center First
CNT2130375490,2025-04-01,53500,1,Um Hurair First
CNT2132318087,2025-01-01,77000,Warehouse,Ras Al Khor Industrial Second
CNT2132991232,2025-10-01,160000,3,Al Murqabat
CNT2127137175,2025-01-27,55650,1,Al Karama
CNT2131258839,2025-07-01,62850,2,Al Jadaf
CNT2130938048,2025-05-15,142307,Warehouse,Al Qusais Industrial First
CNT2128123073,2025-01-17,15000,Office,Naif
CNT2128448137,2025-02-01,27000,Studio,Al Mararr
CNT2129827535,2025-02-01,106696,3,Al Muteena
CNT2128537153,2025-02-01,130000,Studio,Palm Jumeirah
CNT2133987814,2026-01-10,78000,1,Al Barsha South Third
CNT2130777645,2025-05-01,55000,Office,Al Khabeesi
CNT2132621308,2025-08-12,35000,Studio,Nad Hessa
CNT2132421151,2025-09-01,110000,1,Hadaeq Sheikh Mohammed Bin Rashid
CRT2132611676,2025-09-12,75000,1,Hadaeq Sheikh Mohammed Bin Rashid
CNT2128436058,2025-02-05,104000,Showroom,Al Khabeesi
CNT2132754141,2025-08-15,57750,2,Al Qusais
CNT2130958518,2025-06-02,53500,2,Al Nahda Second
CNT2133546627,2026-01-01,80220,3,Hor Al Anz
CNT2134148862,2026-01-08,85000,1,Marsa Dubai
CRT2133593006,2025-11-12,40000,Studio,Jabal Ali First
CNT2132790084,2025-09-25,125000,2,Al Barsha South Third
CNT2127421181,2025-01-05,42000,1,Al Qusais
CNT2132870614,2025-05-09,90000,1,Burj Khalifa
CNT2128138127,2025-01-01,57000,2,Naif
CRT2133814628,2025-11-23,105000,1,Al Merkadh
CNT2134029732,2025-12-29,90000,3,Al Murqabat
CRT2130457386,2025-04-08,70000,Studio,Business Bay
CNT2132748468,2025-09-30,50000,1,Warsan Fourth
CNT2129043261,2025-02-04,15000,Office,Al Barsha First
CNT2127647477,2025-01-21,39000,1,Al Qusais Industrial Fifth
CNT2130849371,2025-01-01,24000,Studio,Naif
CNT2133293262,2025-11-03,20000,Office,Saih Shuaib 2
CNT2131869307,2025-07-22,54450,2,Al Qusais
CRT2130638436,2025-05-01,115000,1,Al Khairan First
CNT2134168853,2025-12-01,53000,1,Al Warsan First
CRT2133265056,2025-09-15,120000,Office,Business Bay
CNT2131903578,2025-07-17,72000,Shop,Naif
CNT2134106760,2026-01-06,15000,Office,Al Muteena
CNT2130014812,2025-03-04,15000,Office,Al Khabeesi
CNT2130961906,2025-06-01,46000,1,Oud Metha
CNT2131503074,2025-05-26,50000,1,Al Muteena
CNT2127417748,2025-01-01,34000,Shop,Al Karama
CNT2127267804,2025-01-01,75500,3,Al Nahda Second
CRT2132727366,2025-09-25,142500,1,Marsa Dubai
CNT2131991771,2025-07-25,43000,Studio,Nad Hessa
CNT2131643687,2025-03-15,56000,Shop,Al Goze Industrial Third
CNT2132061737,2025-08-07,39000,2,Muhaisanah Fourth
CNT2133471074,2025-11-06,130000,3,Hor Al Anz East
CNT2129369192,2025-02-10,15000,Office,Dubai Investment Park First
CNT2132925885,2025-10-13,153000,2,Al Kheeran
CRT2129847436,2025-01-15,36000,1,Al Warsan First
CNT2131862066,2025-07-16,12000,Office,Port Saeed
CNT2133351220,2025-12-04,72000,2,Mirdif
CNT2133863674,2025-10-01,74578,Warehouse,Dubai Investment Park Second
CNT2130324058,2025-06-26,62843,Shop,Al Warsan First
CNT2131009187,2025-06-03,51980,2,Al Warsan First
CNT2131804915,2025-06-13,90462,1,Al Barsha South Fourth
CNT2130579946,2025-05-20,65000,2,Al Goze Industrial Second
CNT2131386360,2025-06-19,15000,Office,Hor Al Anz
CRT2133210666,2025-10-05,39000,Studio,Al Barsha South Fourth
CRT2132313176,2025-07-31,90000,2,Al Thanyah Fifth
CNT2129956207,2025-01-30,18008,Room in labor camp,Al Goze Industrial Second
CNT2130847826,2025-04-29,80000,3,Al Warqa First
CNT2134075077,2026-01-12,46000,Studio,Hor Al Anz East
CNT2127062922,2025-01-16,66550,2,Nad Hessa
CNT2131663765,2025-07-01,111045,1,Al Barsha South Fourth
CRT2133054916,2025-10-20,62000,1,Al Barsha South Fourth
CNT2131662607,2025-07-15,73000,2,Al Warqa First
CNT2133414977,2025-11-20,120000,1,Burj Khalifa
CNT2132309275,2025-08-19,20000,Office,Al Murqabat
CNT2131046221,2025-05-25,85000,1,Al Barsha South Fourth
CNT2132051637,2025-07-30,10000,Office,Saih Shuaib 3
CNT2132130201,2025-08-07,185000,4,Madinat Al Mataar
CNT2131285257,2025-09-06,45000,1,Nad Hessa
CNT2134193661,2026-01-12,15000,Office,Al Hebiah First
CNT2134002052,2025-12-26,20000,Office,Business Bay
CNT2129365403,2025-02-10,60000,2,Wadi Al Safa 2
CNT2132418517,2025-04-10,39900,1,Warsan Fourth
CNT2130085272,2025-03-05,45150,Studio,Al Barsha South Third
CNT2132831117,2025-09-28,115000,2,Al Barsha South Third
CNT2129053712,2025-02-25,57000,1,Warsan Fourth
CNT2130202027,2025-03-18,20000,Office,Naif
CNT2133038790,2025-08-15,82000,2,Mankhool
CNT2133278465,2025-11-01,15000,Office,Hor Al Anz
CNT2133195832,2025-09-01,158700,4,Nad Hessa
CNT2133773642,2025-12-05,37800,1,Al Warsan First
CNT2132221004,2025-08-12,15000,Office,Al Murqabat
CNT2131030859,2025-05-22,21000,Office,Dubai Investment Park First
CNT2129870327,2025-02-20,20000,Office,Hor Al Anz
CNT2131486077,2025-06-23,15000,Office,Al Goze First
CRT2131267607,2025-01-02,115000,2,Muhaisanah First
CNT2133957688,2025-12-23,15000,Office,Al Khabeesi
CRT2130732659,2025-05-01,155000,2,Al Kifaf
CNT2132399447,2025-04-19,82878,2,Trade Center Second
CNT2132641001,2025-09-15,64000,2,Al Barsha South Third
CRT2132093553,2025-08-07,95000,1,Al Thanyah Third
CNT2128498836,2025-01-15,87500,2,Al Thanyah First
CNT2133059811,2025-10-17,38000,Studio,Al Hebiah Fourth
CNT2134142747,2026-01-01,52920,2,Al Nahda Second
CNT2132326408,2025-09-01,85000,2,Al Rowaiyah Third
CNT2133552876,2025-12-20,73500,Shop,Al Warsan First
CNT2128130879,2025-01-01,92880,Office,Al Suq Al Kabeer
CRT2131836396,2025-07-18,85000,1,Al Hebiah Second
CNT2132710308,2025-11-01,105000,3,Mirdif
CNT2127491814,2025-01-06,20000,Office,Al Mararr
CNT2131985210,2025-02-15,44467,1,Dubai Investment Park Second
CNT2131671961,2025-07-05,65000,1,Al Karama
CNT2128280406,2025-02-01,135000,2,Al Khairan First
CNT2131804420,2025-07-01,82688,2,Mankhool
CNT2130767577,2025-05-15,67000,2,Al Jadaf
CNT2129125470,2025-02-08,61000,1,Marsa Dubai
CNT2131030340,2025-05-22,15000,Office,Hor Al Anz
CRT2132286266,2025-08-15,39502,Studio,Jabal Ali First
CNT2130285219,2025-04-01,62000,1,Al Barsha South Fourth
CNT2131237504,2025-06-01,75000,1,Oud Metha
CNT2134161984,2025-11-01,87150,Warehouse,Jabal Ali Industrial First
CNT2130435887,2025-03-25,46200,1,Dubai Investment Park Second
CNT2133173460,2025-10-24,15000,Office,Al Goze Third
CRT2131147156,2025-06-01,75000,Studio,Al Jadaf
CNT2133471171,2025-11-10,42000,1,Al Warqa First
CNT2133999540,2025-09-01,52000,1,Saih Shuaib 2
CNT2133605215,2025-11-30,30000,Room in labor camp,Al Goze Third
CNT2131707466,2025-07-03,20000,Office,Al Rega
CRT2131513456,2025-08-16,74000,1,Business Bay
CRT2131960646,2025-07-12,25200,Studio,Al Warsan First
CNT2134258635,2026-02-15,159499,3,Al Bada
CNT2130891404,2025-05-13,20000,Office,Oud Metha
CNT2128557487,2025-01-05,55000,1,Wadi Al Safa 3
CNT2133352131,2025-11-06,15000,Office,Jabal Ali First
CNT2131779209,2025-02-21,53130,2,Jabal Ali First
CNT2132003713,2025-07-26,15000,Office,Al Baraha
CNT2131126104,2025-05-27,24500,Studio,Al Mararr
CRT2132691996,2025-04-13,35000,Office,Al Ras
CNT2134191975,2026-01-01,44000,1,Al Murqabat
CNT2132948903,2025-10-05,50000,Studio,Al Merkadh
CNT2133272370,2025-11-10,100000,2,Jabal Ali First
CNT2131989466,2025-08-10,163000,Shop,Al Jadaf
CRT2133406836,2025-11-15,90000,Office,Business Bay
CNT2131998151,2025-07-26,180000,2,Burj Khalifa
CNT2132925521,2025-10-07,20000,Office,Al Raffa
CNT2133974949,2025-12-24,20000,Office,Al Karama
CNT2132234587,2025-09-04,30030,2,Al Qusais
CNT2131204504,2025-06-15,100000,2,Al Barsha First
CNT2133632332,2025-11-01,157000,Warehouse,Al Qusais Industrial First
CNT2133291256,2025-09-01,40000,Studio,Dubai Investment Park Second
CNT2132977400,2025-09-01,69000,2,Al Qusais Industrial Third
CNT2131223637,2025-04-01,58850,1,Al Barsha South Fourth
CNT2132979995,2025-10-24,54999,1,Jabal Ali First
CNT2128275679,2025-01-20,15000,Office,Hor Al Anz East
CNT2133216175,2025-10-21,75000,1,Al Hebiah First
CRT2132046216,2025-04-01,32280,Shop,Naif
CNT2130577604,2025-04-25,125000,2,Al Satwa
CNT2129959991,2025-01-24,40480,Studio,Al Barsha First
CNT2126836546,2025-01-01,54000,2,Al Qusais
CNT2130586749,2025-04-20,7200,Labor camp,Muhaisanah Second
CNT2129889431,2025-04-15,62000,2,Mankhool
CNT2132546450,2025-08-01,14520,Studio,Al Mararr
CRT2129442726,2025-02-12,175000,3,Marsa Dubai
CNT2132580387,2025-09-22,33000,Studio,Al Warsan First
CRT2130214966,2025-02-09,112700,Shop,Al Barsha South Third
CNT2130624468,2025-06-20,70000,2,Al Jadaf
CNT2130665332,2025-04-19,57000,2,Al Nahda First
CNT2132686693,2025-08-03,39900,Studio,Al Merkadh
CNT2129930309,2025-02-19,61000,3,Al Qusais Industrial Fifth
CNT2131323807,2025-05-31,74075,2,Al Muteena
CRT2131162596,2025-04-05,50000,Shop with a mezzanine,Al Dhagaya
CNT2130594475,2025-04-01,62067,1,Al Barsha South Third
CRT2133867676,2025-10-22,37000,Studio,Al Barsha South Fourth
CNT2131706259,2025-06-10,90000,3,Al Mamzer
CNT2132069883,2025-08-12,67000,2,Al Nahda First
CRT2132613286,2025-08-25,66815,1,Rega Al Buteen
CNT2131327648,2025-06-16,10000,Office,Al Mararr
CNT2132015794,2025-07-28,15000,Office,Al Muteena
CNT2133143332,2025-09-10,33020,Studio,Jabal Ali First
CNT2132666271,2025-10-01,110000,1,Business Bay
CNT2129819043,2025-02-11,47000,1,Madinat Al Mataar
CNT2131972766,2025-06-01,51500,Office,Port Saeed
CRT2129724670,2025-01-27,94000,1,Al Thanyah Fifth
CNT2133558397,2025-11-19,17000,Office,Naif
CNT2131329506,2025-05-01,38720,Shop,Al Jafliya
CNT2130562472,2025-04-18,15000,Office,Business Bay
CNT2132578060,2025-09-01,24982,Office,Al Raffa
CNT2132442439,2025-09-05,75000,1,Al Merkadh
CNT2131265303,2025-06-11,15000,Office,Saih Shuaib 3
CRT2130783026,2025-05-02,150000,Office,Business Bay
CNT2131846089,2025-07-10,49000,1,Nad Hessa
CNT2131564229,2025-07-14,18000,Studio,Al Goze Fourth
CNT2132238223,2025-02-20,35700,1,Hor Al Anz East
CNT2129446166,2025-02-11,20000,Office,Hor Al Anz
CNT2130108140,2025-03-11,12000,Office,Al Raffa
CNT2128046590,2025-02-01,31680,Shop,Al Eyas
CNT2133396045,2025-11-06,20000,Office,Al Khabeesi
CNT2129863408,2025-02-20,15000,Office,Business Bay
CRT2130577746,2025-04-25,100000,1,Al Khairan First
CNT2134202867,2026-01-14,27000,Studio,Naif
CNT2131763546,2025-07-09,15000,Office,Muhaisanah Fourth
CNT2130076720,2025-04-27,37044,1,Al Nahda Second
CRT2132095622,2025-08-17,58000,Studio,Al Thanyah Fifth
CNT2131808598,2025-07-01,130000,4,Mirdif
CNT2127683001,2025-01-09,20000,Office,Saih Shuaib 2
CNT2133171082,2025-09-01,165000,Warehouse,Al Goze Industrial First
CNT2130938221,2025-05-16,14000,Office,Mankhool
CNT2126402852,2025-02-01,109900,3,Mankhool
CNT2133610502,2025-10-14,58433,1,Al Bada
CNT2131489219,2025-06-07,53000,1,Al Hebiah Fifth
CNT2132350470,2025-08-22,15000,Office,Hor Al Anz
CNT2133802661,2025-11-27,140000,1,Al Khairan First
CRT2133652506,2026-02-01,176000,Office,Al Thanyah First
CNT2133042194,2025-10-15,10000,Office,Port Saeed
CNT2130885512,2025-05-13,15000,Office,Al Khabeesi
CNT2132906421,2025-08-25,128100,Warehouse,Al Goze Industrial Fourth
CNT2125144700,2025-02-15,75000,2,Al Murqabat
CNT2129974619,2025-03-01,85000,2,Jabal Ali First
CNT2131981782,2025-07-24,20500,Office,Mankhool
CNT2130065001,2025-02-05,79000,1,Trade Center Second
CNT2133258085,2025-10-25,118000,2,Business Bay
CNT2130373034,2025-03-01,42000,1,Al Twar Fifth
CNT2130671701,2025-05-01,27324,Office,Hor Al Anz
CNT2126660761,2025-01-01,120000,5,Al Satwa
CNT2129043333,2025-02-01,35000,Shop,Al Mararr
CNT2133532835,2025-11-18,20000,Office,Dubai Investment Park First
CNT2133975458,2025-12-24,20000,Office,Business Bay
CNT2129852422,2025-02-19,15000,Office,Al Baraha
CNT2131118988,2025-06-29,132909,3,Mirdif
CNT2133563713,2025-11-24,52000,1,Muhaisanah Fourth
CNT2132488828,2025-10-28,37000,1,Al Nahda Second
CNT2127481146,2025-01-10,39000,Studio,Wadi Al Safa 5
CNT2133577928,2025-11-21,30000,2,Al Murqabat
CNT2132997069,2025-09-14,102000,Shop,Naif
CNT2132759231,2025-09-24,20000,Office,Saih Shuaib 2
CNT2133318638,2025-11-04,30000,1,Jabal Ali Industrial First
CNT2132873716,2025-10-02,29000,Office,Oud Metha
CRT2130687986,2025-04-15,25000,Studio,Al Barsha South Third
CRT2132123066,2025-08-10,40000,Studio,Me'Aisem First
CNT2122791938,2025-01-01,55440,1,Marsa Dubai
CNT2133624038,2025-11-25,160000,3,Trade Center First
CNT2126387077,2025-01-20,183000,5,Al Garhoud
CNT2132976479,2025-10-10,15000,Office,Business Bay
CNT2131488139,2025-07-01,55000,1,Al Mamzer
CNT2129195041,2025-01-15,59000,2,Al Nahda First
CNT2130636428,2025-05-01,67200,2,Al Qusais
CRT2133494296,2025-10-20,88000,2,Al Barsha South Fourth
CRT2132123726,2025-08-05,82000,1,Al Barsha South Fourth
CNT2130333257,2025-04-22,63525,2,Al Jafliya
CNT2130503192,2025-04-10,65000,1,Al Barsha First
CNT2133200599,2025-10-01,40000,Studio,Al Barsha South Fourth
CRT2133942746,2025-10-24,125000,4,Madinat Hind 4
CNT2132239270,2025-09-19,118954,Shop,Me'Aisem First
CNT2130510827,2025-05-01,123000,Office,Al Garhoud
CNT2132644928,2025-09-16,20000,Office,Dubai Investment Park First
CNT2130507802,2025-04-20,46000,1,Al Nahda Second
CNT2134005024,2025-12-26,18000,Office,Al Khabeesi
CNT2132816859,2025-09-29,30000,1,Muhaisanah Second
CNT2134131591,2026-01-07,144000,Office,Trade Center Second
CRT2129874896,2025-01-23,70000,Shop,Al Warqa First
CNT2131118557,2025-06-01,45050,1,Al Hebiah Fourth
CNT2133556757,2025-10-13,111600,Room in labor camp,Al Goze Third
CNT2131384390,2025-06-28,28000,Studio,Al Warsan First
CNT2132433180,2025-09-01,50000,1,Al Qusais
CRT2132887656,2025-10-15,95000,1,Marsa Dubai
CNT2131848442,2025-07-20,65000,2,Al Nahda Second
CNT2130036282,2025-01-23,57000,2,Al Nahda First
CNT2133679001,2025-11-28,15000,Office,Saih Shuaib 3
CRT2132093546,2025-05-25,50000,Shop,Al Twar Fifth
CNT2132566416,2025-09-09,15000,Office,Al Suq Al Kabeer
CRT2132771596,2025-09-26,50000,Studio,Al Barsha South Fourth
CNT2132642243,2025-09-10,57750,Office,Business Bay
CNT2132251587,2025-05-29,148060,Warehouse,Jabal Ali Industrial First
CNT2132588859,2025-09-01,110000,3,Al Thanyah Fifth
CNT2130629807,2025-04-23,20000,Office,Al Khabeesi
CNT2132389591,2025-08-26,38000,Studio,Nad Hessa
CNT2130751885,2025-05-02,10000,Office,Al Baraha
CNT2133621650,2025-11-28,45000,Studio,Um Hurair First
CNT2134066677,2026-01-02,15000,Office,Business Bay
CNT2131362714,2025-06-07,35500,Studio,Nad Hessa
CNT2126575272,2025-01-01,73316,Shop,Al Thanyah Fifth
CNT2133320918,2025-11-10,55000,Studio,Al Merkadh
CRT2132181456,2025-08-08,46000,Studio,Al Merkadh
CRT2133674846,2025-12-01,72000,1,Al Thanyah Fifth
CNT2133279400,2025-11-02,45000,2,Ras Al Khor Industrial Third
CNT2133536636,2025-11-10,68250,3,Al Warsan First
CNT2132329169,2025-08-15,60990,1,Al Warqa First
CNT2131299345,2025-06-01,155925,Shop with a mezzanine,Mankhool
CNT2132490459,2025-05-01,48300,1,Al Karama
CNT2133307789,2025-11-15,24000,1,Muhaisanah Fourth
CNT2132286066,2025-08-20,48000,Studio,Al Barsha South Fourth
CNT2131959697,2025-08-01,50000,1,Trade Center Second
CRT2134129886,2026-01-16,52000,1,Al Jafliya
CNT2129670587,2025-09-08,95000,1,Al Merkadh
CNT2134173039,2025-12-01,113000,Shop,Al Barsha First
CNT2133880207,2025-12-16,16000,Office,Um Hurair Second
CRT2128962586,2025-02-01,40000,Studio,Al Ras
CNT2126639041,2025-01-01,24000,1,Al Qusais
CNT2128475274,2025-01-22,15000,Office,Dubai Investment Park First
CNT2132333542,2025-07-20,90000,1,Al Thanyah Fifth
CRT2130313226,2025-03-29,42000,Studio,Al Hebiah Fourth
CNT2132649587,2025-09-16,15000,Office,Al Karama
CNT2132636297,2025-11-01,40000,1,Al Warqa First
CNT2129056739,2025-02-04,20000,Office,Business Bay
CRT2132922266,2025-10-04,170000,1,Burj Khalifa
CRT2134179616,2026-01-19,182466,3,Wadi Al Safa 7
CNT2129442172,2025-02-15,76000,1,Al Karama
CNT2132719523,2025-09-26,60999,1,Al Karama
CNT2127530279,2025-01-26,65985,2,Al Hebiah Fifth
CNT2134017655,2025-12-20,34650,Shop,Al Warsan First
CNT2133351317,2026-01-01,25955,Studio,Al Warsan First
CRT2130449616,2025-04-10,50000,Studio,Al Barsha South Third
CNT2134201108,2026-01-26,42999,Studio,Jabal Ali First
CNT2133041557,2025-10-16,125000,2,Al Barsha South Third
CNT2133279656,2025-11-01,35997,Studio,Hor Al Anz
CRT2127829906,2025-01-07,72450,1,Marsa Dubai
CNT2130181680,2025-04-06,155400,3,Al Safouh Second
CNT2130732636,2025-04-23,15000,Office,Burj Khalifa
CNT2130185998,2025-03-26,118000,2,Al Jadaf
CNT2130230869,2025-03-15,42000,1,Al Qusais
CNT2134311471,2026-01-15,35000,Shop,Naif
CNT2131404149,2025-03-02,88000,2,Mankhool
CNT2130326297,2025-04-01,115000,3,Trade Center First
CRT2130692898,2025-04-26,69533,1,Wadi Al Safa 2
CNT2131147817,2025-06-06,35573,Studio,Jabal Ali First
CNT2132722503,2025-08-15,60000,1,Oud Metha
CRT2129194136,2025-02-01,105000,5,Al Twar Fourth
CNT2133905491,2025-12-18,15000,Office,Burj Khalifa
CRT2130726513,2025-06-25,150000,2,Al Khairan First
CRT2129632016,2025-03-07,155000,3,Al Yelayiss 2
CNT2133688570,2025-12-05,130000,3,Al Khabeesi
CNT2130838927,2025-05-01,119550,Warehouse,Al Qusais Industrial First
CRT2134024306,2026-01-01,90000,Office,Ras Al Khor Industrial Second
CNT2134144617,2026-01-01,38400,Room in labor camp,Al Warsan Second
CNT2131362978,2025-06-20,15000,Office,Al Karama
CRT2131084956,2025-11-01,180000,Shop,Naif
CRT2133196716,2025-05-01,42000,Studio,Dubai Investment Park First
CNT2131992921,2025-09-05,14500,Office,Naif
CNT2131844685,2025-07-15,10000,Office,Al Mararr
CRT2130714126,2025-05-01,35000,Studio,Al Barsha South Fourth
CNT2130175678,2025-04-01,80000,3,Al Murqabat
CNT2127663987,2025-01-08,20000,Office,Port Saeed
CNT2134292785,2026-01-20,110000,2,Al Jadaf
CNT2132663914,2025-09-01,65332,2,Nad Hessa
CNT2128640164,2025-01-28,50000,Studio,Al Barsha South Fourth
CNT2129437342,2025-02-11,15000,Office,Al Muteena
CNT2130974547,2025-05-22,62000,2,Al Goze Industrial Second
CNT2130076117,2025-04-07,95000,3,Al Karama
CNT2130561163,2025-01-29,57750,2,Dubai Investment Park Second
CNT2132714465,2025-09-20,65000,1,Al Nahda First
CNT2130626183,2025-04-23,20000,Office,Al Baraha
CNT2132913978,2025-10-12,90000,1,Al Barsha South Third
CNT2133136680,2025-09-20,165000,Warehouse,Ras Al Khor Industrial First
CNT2132166627,2025-08-09,60500,2,Ras Al Khor Industrial Third
CNT2130549615,2025-04-25,22000,Studio,Al Baraha
CNT2132875738,2025-10-02,20000,Office,Trade Center First
CNT2132956667,2025-10-01,25000,Studio,Al Warsan First
CRT2132334166,2025-08-10,55000,1,Al Hebiah Fourth
CNT2131646331,2025-07-01,22000,Shop,Cornich Deira
CNT2131979196,2025-08-01,72000,1,Madinat Al Mataar
CNT2132336554,2025-09-02,62000,2,Al Goze Industrial Second
CNT2131957436,2025-07-15,121000,Shop with a mezzanine,Al Bada
CNT2130144829,2025-03-01,120120,2,Marsa Dubai
CNT2130963747,2025-04-20,38000,1,Al Hebiah Fourth
CNT2131263849,2025-06-11,12000,Office,Port Saeed
CRT2130707906,2025-05-10,36000,Studio,Me'Aisem First
CNT2131992143,2025-10-10,54575,1,Al Murqabat
CRT2132829886,2025-10-01,55000,Studio,Al Barsha South Second
CNT2133525493,2025-11-17,108000,Room in labor camp,Muhaisanah Second
CNT2131386933,2025-04-29,60000,2,Al Goze Industrial Second
CNT2134289119,2026-01-17,20000,Office,Dubai Investment Park First
CRT2133322516,2025-11-02,45281,1,Al Barsha South Fourth
CNT2130235112,2025-03-01,50000,1,Jabal Ali First
CNT2133019327,2025-10-21,113000,1,Al Merkadh
CNT2128447961,2025-01-22,10000,Office,Hor Al Anz
CNT2132418599,2025-08-28,65000,1,Al Barsha South Fourth
CNT2129938535,2025-03-01,46000,1,Wadi Al Safa 2
CNT2131334709,2025-01-07,75075,2,Al Hebiah Fourth
CNT2127866286,2025-01-28,40800,1,Al Suq Al Kabeer
CNT2133457001,2025-11-22,90000,1,Al-Cornich
CNT2134318256,2026-01-20,20000,Office,Al Raffa
CNT2130272153,2025-03-27,70000,1,Business Bay
CNT2132416545,2025-08-28,20000,Office,Saih Shuaib 2
CNT2134142213,2026-01-08,20000,Office,Al Murqabat
CNT2133300126,2025-11-03,15000,Office,Saih Shuaib 3
CNT2132669676,2025-09-17,15000,Office,Al Khabeesi
CNT2132331997,2025-08-25,33000,Studio,Me'Aisem First
CNT2133129093,2025-09-25,39600,1,Dubai Investment Park Second
CNT2130442318,2025-04-22,50000,1,Muhaisanah Fourth
CNT2129862750,2025-02-22,80000,2,Al Barsha South Third
CNT2130800938,2025-06-10,34000,1,Warsan Fourth
CNT2133790881,2025-12-10,110000,1,Marsa Dubai
CNT2132999615,2025-10-13,15000,Office,Business Bay
CNT2133791995,2025-11-24,119196,3,Al Thanyah First
CNT2128497453,2025-01-13,52800,Office,Al Qusais Industrial First
CNT2132946619,2025-10-08,19000,Office,Al Baraha
CNT2127326008,2025-01-02,17000,Office,Saih Shuaib 3
CNT2130805863,2025-05-06,15000,Office,Saih Shuaib 2
CNT2131804398,2025-07-16,44000,1,Al Nahda First
CNT2133059180,2025-09-30,10000,Office,Al Wasl
CNT2129941762,2025-02-01,94500,2,Business Bay
CRT2133480376,2025-12-30,72000,1,Al Barsha South Fourth
CNT2130468074,2025-04-11,20000,Office,Hor Al Anz
CNT2132586989,2025-09-15,69575,Office,Al Goze First
CRT2132480906,2025-03-01,30000,Office,Naif
CNT2131287056,2025-06-12,15000,Office,Business Bay
CNT2133096966,2026-01-01,130000,4,Mirdif
CNT2132805304,2025-10-10,17000,Studio,Al Baraha
CNT2132730380,2025-09-22,15000,Office,Business Bay
CNT2130923308,2025-05-16,95000,2,Nad Hessa
CNT2132530532,2025-10-08,82225,3,Hessyan First
CRT2133951270,2025-12-19,40000,Studio,Me'Aisem First
CNT2133997997,2026-01-03,53777,2,Al Goze Industrial Second
CNT2133445181,2025-11-11,109034,1,Madinat Al Mataar
CRT2128275846,2025-01-03,165000,2,Hadaeq Sheikh Mohammed Bin Rashid
CNT2131068350,2025-06-01,30000,Studio,Naif
CRT2133600306,2025-11-27,45000,Studio,Al Hebiah Fourth
CNT2132032057,2025-08-01,77175,2,Al Barsha First
CRT2133867416,2025-11-28,115000,1,Burj Khalifa
CNT2132027578,2025-08-01,45000,1,Dubai Investment Park First
CNT2133859651,2025-10-15,56000,1,Al Barsha South Fourth
CNT2133461608,2025-10-16,75000,Warehouse,Ras Al Khor Industrial Second
CNT2129749586,2025-04-01,47520,Office,Al Twar Fifth
CNT2133946262,2025-12-05,46305,2,Al Twar Fifth
CNT2131069201,2025-05-01,20000,Office,Al Mararr
CNT2130360909,2025-05-28,118160,Shop,Hadaeq Sheikh Mohammed Bin Rashid
CNT2131008705,2025-05-21,20000,Office,Saih Shuaib 2
CNT2132037847,2025-08-01,176101,Office,Zaabeel Second
CNT2133578863,2025-10-01,20000,Studio,Al Barsha South Third
CNT2132424787,2025-08-28,10000,Office,Dubai Investment Park Second
CNT2130119952,2025-04-10,67500,1,Jabal Ali First
CNT2126096737,2025-01-10,37500,1,Al Nahda Second
CNT2133234008,2025-10-29,6000,Room in labor camp,Jabal Ali Industrial First
CNT2134188264,2026-01-20,90000,2,Al Murqabat
CNT2130526553,2025-04-25,110000,2,Jabal Ali First
CNT2132098015,2025-08-05,60000,2,Al Nahda Second
CRT2132849520,2025-10-01,125000,1,Burj Khalifa
CNT2132630480,2025-08-07,30000,Studio,Al Warsan First
CNT2130896462,2025-04-25,105000,2,Al Satwa
CRT2130129956,2025-02-23,94500,1,Burj Khalifa
CRT2128096426,2025-07-01,60000,4,Al Mizhar Third
CNT2132690257,2025-09-18,15000,Office,Naif
CNT2126096857,2025-01-01,123200,Shop,Al Sabkha
CNT2132788362,2025-09-26,96000,1,Al Barsha South Fourth
CRT2133039476,2025-10-15,35000,1,Abu Hail
CNT2132347564,2025-06-25,124800,1,Dubai Investment Park Second
CNT2127799846,2025-01-01,57200,1,Jabal Ali First
CNT2130527327,2025-04-05,79800,2,Al Rega
CNT2134133147,2026-01-21,65000,Shop,Al Sabkha
CRT2131801006,2025-01-01,41000,1,Nad Hessa
CNT2131953165,2025-07-01,65000,1,Al Barsha South Fourth
CNT2132217778,2025-08-12,16000,Office,Burj Khalifa
CNT2132793733,2025-10-20,39600,1,Muhaisanah Fourth
CNT2133471060,2025-12-05,34304,1,Al Warsan First
CNT2133523393,2025-11-17,20000,Office,Al Murqabat
CNT2133343097,2025-03-01,41745,Studio,Marsa Dubai
CNT2131297389,2025-07-01,38000,1,Al Qusais
CNT2133188288,2025-10-27,20000,Office,Al Murqabat
CRT2130707586,2025-03-10,40000,Studio,Al Merkadh
CRT2130593586,2025-04-19,65000,Studio,Al Merkadh
CNT2132702496,2025-11-01,59800,1,Al Satwa
CNT2130430023,2025-06-24,42000,1,Al Nahda Second
CNT2128805005,2025-01-30,15000,Office,Al Goze Industrial Third
CNT2131885071,2025-07-17,20000,Office,Al Muteena
CNT2129871300,2025-02-20,30000,Studio,Warsan Fourth
CNT2132180564,2025-08-08,70378,1,Nad Hessa
CRT2128270306,2025-01-05,165000,3,Mirdif
CNT2127866799,2025-01-13,15000,Office,Hor Al Anz
CNT2132308356,2025-08-25,68000,1,Mankhool
CNT2129452287,2025-03-05,76072,1,Um Suqaim Second
CNT2132868572,2025-09-01,148921,Shop,Port Saeed
CNT2130452711,2025-03-01,58000,Shop,Port Saeed
CNT2131785871,2025-07-10,10000,Office,Abu Hail
CNT2127991213,2025-01-14,15000,Office,Al Murqabat
CNT2131810812,2025-06-21,20000,Office,Port Saeed
CNT2132810500,2025-10-01,41500,1,Al Hamriya
CNT2129892751,2025-02-24,20000,Office,Hor Al Anz
CNT2133114947,2025-10-26,156975,3,Al Bada
CNT2133926462,2025-12-20,20000,Office,Abu Hail
CNT2132420052,2025-08-28,15000,Office,Al Murqabat
CNT2133918590,2025-12-19,15000,Office,Al Karama
CNT2130246355,2025-03-24,60000,1,Al Barsha South Fourth
CNT2133042950,2025-10-15,20000,Office,Al Raffa
CNT2131007324,2025-06-05,35700,Studio,Al Barsha First
CNT2133901966,2025-12-23,100000,Office,Al Thanyah Fifth
CNT2129677995,2025-02-14,50000,Office,Trade Center Second
CRT2133574106,2025-10-27,52000,1,Al Bada
CNT2133691539,2025-12-05,47000,2,Al Qusais Industrial Fifth
CNT2134019107,2026-01-01,175000,Showroom,Al Karama
CNT2130091817,2025-03-10,39000,1,Al Nahda Second
CNT2133340874,2025-09-20,45600,Room in labor camp,Jabal Ali Industrial First
CNT2128105561,2025-01-10,80034,2,Hor Al Anz
CNT2130401482,2025-03-09,85000,1,Al Satwa
CNT2130905340,2025-02-17,26500,Studio,Al Warsan First
CNT2131049257,2025-05-26,68250,Shop,Al Barsha South Fourth
CNT2132611704,2025-09-12,22500,Office,Dubai Investment Park First
CNT2129665952,2025-03-01,43000,1,Al Warqa First
CNT2130349937,2025-04-02,20000,Office,Al Khabeesi
CRT2129457976,2025-03-06,48000,Studio,Al Hebiah Third
CNT2132250230,2025-09-01,31500,Studio,Al Suq Al Kabeer
CRT2127820246,2025-01-08,45000,2,Mankhool
CRT2131762356,2025-07-20,100000,3,Madinat Hind 4
CNT2130552694,2025-04-01,134798,Office,Al Safouh Second
CNT2133760217,2025-11-20,39600,Studio,Al Barsha South Third
CRT2132599566,2025-09-12,66000,1,Al Barsha South Fourth
CNT2131550429,2025-07-07,54000,Studio,Al Thanyah Fifth
CNT2133751108,2025-12-06,20000,Office,Hor Al Anz
CNT2131974959,2025-07-24,32000,Studio,Al Warsan First
CNT2130032641,2025-03-03,52000,Office,Business Bay
CRT2134068288,2026-02-01,110000,3,Al Yelayiss 2
CNT2133578901,2025-11-21,20000,Shop,Al Murqabat
CNT2132951892,2025-11-07,66000,1,Al Satwa
CNT2130412333,2025-04-10,48000,2,Al Mararr
CRT2128822886,2025-01-30,110000,1,Marsa Dubai
CNT2132212583,2025-06-15,70000,Studio,Dubai Investment Park First
CNT2132306372,2025-08-20,110000,Shop,Naif
CNT2132746972,2025-09-23,85000,1,Al Barsha South Fourth
CNT2131023571,2025-05-28,63000,1,Wadi Al Safa 5
CNT2132901117,2025-10-03,55000,1,Nad Hessa
CNT2132553672,2025-09-09,20000,Office,Ras Al Khor Industrial Second
CNT2129363468,2025-02-15,55000,1,Al Raffa
CNT2131871032,2025-07-16,165000,2,Al Barsha South Fourth
CNT2133921311,2025-12-22,150938,3,Al Bada
CNT2133052979,2025-11-01,72000,1,Al Satwa
CNT2133712387,2025-12-03,73500,1,Al Hamriya
CNT2131096600,2025-03-31,82700,2,Mankhool
CNT2130363765,2025-01-15,14000,2,Al Karama
CNT2132595876,2025-08-03,130000,Warehouse,Al Qusais Industrial Fourth
CNT2133814440,2026-01-10,150000,4,Mirdif
CNT2130946080,2025-05-16,15000,Office,Al Karama
CNT2133731714,2025-12-04,20000,Office,Port Saeed
CNT2133660902,2025-11-14,88000,2,Al Karama
CNT2134326646,2025-10-01,101700,Shop,Marsa Dubai
CNT2130820653,2025-03-01,62000,Office,Eyal Nasser
CNT2130070518,2025-04-01,56350,1,Al Satwa
CNT2132747165,2025-07-01,49450,2,Al Mararr
CRT2129767066,2025-02-13,73000,2,Wadi Al Safa 5
CNT2132873613,2025-10-15,138336,3,Al-Cornich
CNT2129957762,2025-03-01,51600,2,Al Suq Al Kabeer
CNT2134048407,2026-01-01,87680,Office,Ras Al Khor Industrial Third
CNT2133434678,2025-11-10,15000,Office,Saih Shuaib 3
CNT2132835017,2025-09-25,80000,2,Al Hebiah Fifth
CNT2130576137,2025-04-01,50000,2,Al Rega
CNT2133911639,2025-12-18,15000,Office,Al Murqabat
CNT2131267178,2025-06-09,147600,Room in labor camp,Al Goze Third
CNT2132805370,2025-10-05,83000,2,Al Barsha First
CNT2132880664,2025-10-01,1,4,Al Karama
CNT2134214589,2026-01-13,18000,Office,Al Murqabat
CNT2130201138,2025-03-14,98000,2,Jabal Ali First
CNT2128577630,2025-03-01,38300,1,Al Suq Al Kabeer
CRT2129838046,2025-02-17,44000,Studio,Al Merkadh
CNT2131750676,2025-06-15,73000,1,Al Barsha South Fourth
CNT2130982755,2025-05-05,60000,Office,Al Qusais Industrial Fourth
CNT2134092335,2025-07-10,44100,1,Al Barsha South Fifth
CNT2127506377,2025-01-05,51000,Studio,Jabal Ali First
CNT2132000325,2025-08-25,80000,2,Marsa Dubai
CNT2132898534,2025-10-04,20000,Office,Dubai Investment Park Second
CNT2131062235,2025-05-26,20000,Office,Saih Shuaib 2
CNT2133247168,2025-11-21,20000,Office,Business Bay
CNT2130025352,2025-03-04,12000,Office,Al Mizhar First
CNT2131714109,2025-06-21,42000,1,Al Nahda Second
CNT2131027295,2025-05-05,33810,Studio,Al Suq Al Kabeer
CNT2130570595,2025-04-20,69000,2,Wadi Al Safa 5
CNT2132410999,2025-08-20,55545,1,Al Satwa
CNT2132098774,2025-08-01,72765,2,Al Thanyah First
CNT2134233903,2026-01-14,15000,Office,Mankhool
CNT2132412436,2025-07-01,170000,Office,Mankhool
CRT2130366486,2025-01-01,64000,2,Al Suq Al Kabeer
CNT2133684710,2025-12-16,35000,Office,Naif
CNT2132907162,2025-09-25,56000,2,Al Warsan First
CNT2130959659,2025-04-06,71000,Hotel,Business Bay
CNT2130206581,2025-03-22,75000,2,Al Hebiah Fourth
CNT2132494522,2025-09-03,30000,Office,Al Goze Third
CNT2132252525,2025-06-10,105000,3,Um Hurair First
CNT2132605077,2025-09-22,78000,2,Al Nahda First
CRT2133103622,2025-11-01,58080,2,Al Yelayiss 2
CRT2133097256,2025-10-02,58000,1,Al Hebiah Fourth
CNT2133100502,2025-10-20,79695,Warehouse,Al Goze Industrial First
CRT2131169636,2025-05-20,150000,1,Palm Jumeirah
CNT2132935583,2025-11-02,47867,1,Al Hebiah Third
CNT2132987182,2025-10-11,78000,1,Wadi Al Safa 3
CNT2130654083,2025-04-25,15000,Office,Trade Center Second
CNT2130768076,2025-05-04,20000,Office,Hor Al Anz
CNT2132582916,2025-09-01,17000,Office,Naif
CNT2130076831,2025-04-01,64000,2,Al Karama
CNT2132967678,2025-09-15,48000,Studio,Al Barsha South Fourth
CRT2129687426,2025-02-01,125000,Office,Al Thanyah Fifth
CNT2132213814,2025-08-08,72450,1,Al Barsha South Fourth
CNT2127590191,2025-01-01,46000,2,Al Qusais Industrial First
CNT2130345195,2025-03-22,25000,Studio,Al Warsan First
CNT2130366904,2025-03-01,65100,2,Al Raffa
CNT2133929469,2025-12-20,22000,Office,Al Mararr
CNT2127544773,2025-01-07,20000,Office,Port Saeed
CNT2129866244,2025-02-18,70000,1,Al Hebiah Third
CNT2132089010,2025-03-01,71500,Shop,Eyal Nasser
CNT2132316939,2025-08-10,36000,Studio,Jabal Ali First
CNT2133163612,2025-09-20,152040,Shop,Al Warsan First
CNT2131304980,2025-05-28,55000,1,Al Muteena
CNT2129901732,2025-02-01,65550,Shop,Al Karama
CNT2133962530,2025-12-23,15000,Office,Al Murqabat
CNT2130483310,2025-04-28,50400,1,Al Hamriya
CNT2126875473,2025-01-01,45000,1,Al Nahda Second
CNT2129872085,2025-02-20,10000,Office,Al Garhoud
CNT2127462827,2025-01-01,59000,1,Mankhool
CNT2130923526,2025-05-01,23000,Studio,Al Mararr
CNT2131910557,2025-08-18,43890,2,Ras Al Khor Industrial Third
CRT2130471116,2025-04-10,55000,2,Al Nahda Second
CNT2133194988,2025-10-27,20000,Office,Jabal Ali Industrial First
CNT2133323023,2025-11-06,63000,1,Al Hebiah Third
CNT2132099136,2025-08-06,70000,1,Al Barsha South Fourth
CNT2130001077,2025-03-04,83000,1,Al Merkadh
CNT2132753603,2025-09-23,47000,Office,Ras Al Khor Industrial Third
CNT2132018913,2025-07-01,71000,3,Al Qusais
CNT2127288477,2025-01-03,57199,1,Madinat Dubai Almelaheyah
CNT2132096583,2025-07-19,63800,1,Al Thanyah First
CNT2133556645,2025-11-19,43000,Studio,Nad Hessa
CRT2129999856,2025-04-10,180000,4,Al Hebiah Sixth
CNT2132917500,2025-09-18,170000,4,Al Bada
CNT2131204951,2025-02-20,67620,2,Al Barsha South Fourth
CNT2134192595,2026-01-01,45880,Office,Port Saeed
CNT2131532633,2025-07-01,85000,1,Marsa Dubai
CNT2130742873,2025-03-10,83000,1,Trade Center First
CRT2131206066,2025-06-01,63000,2,Dubai Investment Park Second
CNT2133481511,2025-11-13,15000,Office,Al Mararr
CNT2131380968,2025-06-15,75000,2,Al Karama
CNT2132306243,2025-08-19,15000,Office,Al Murqabat
CRT2130386996,2025-04-05,15000,Studio,Hor Al Anz
CNT2128807272,2025-01-30,45000,2,Al Nahda Second
CNT2132526966,2025-08-02,72420,Shop,Al Karama
CNT2131989507,2025-07-10,180000,Warehouse,Um Ramool
CNT2131225772,2025-04-16,65000,2,Al Qusais
CNT2131866315,2025-07-03,111000,Shop,Naif
CNT2132477606,2025-07-20,66150,Warehouse,Jabal Ali Industrial First
CNT2130509867,2025-04-20,62000,1,Al Karama
CNT2130300534,2025-04-01,35000,Studio,Al Bada
CNT2133483730,2025-11-01,25000,Studio,Al Warsan First
CNT2127886467,2025-01-13,10000,Office,Port Saeed
CNT2133252786,2025-11-07,85963,2,Trade Center First
CNT2133427423,2025-11-10,20000,Office,Dubai Investment Park First
CRT2132105872,2025-08-14,115000,1,Burj Khalifa
CNT2133311654,2025-11-07,73000,1,Jabal Ali First
CRT2134184764,2026-01-12,75000,Studio,Burj Khalifa
CRT2133698296,2025-12-01,88000,1,Dubai Investment Park First
CNT2132315408,2025-08-20,15000,Office,Burj Khalifa
CNT2133789832,2026-01-01,54000,2,Al Murqabat
CNT2131696787,2025-07-03,15000,Office,Saih Shuaib 2
CNT2131386647,2025-06-20,53000,2,Al Warqa First
CNT2132760764,2025-09-25,74000,2,Warsan Fourth
CNT2133277207,2025-11-02,32005,Studio,Jabal Ali First
CNT2133002179,2025-10-13,20000,Office,Saih Shuaib 2
CRT2129118506,2025-02-06,110000,1,Burj Khalifa
CNT2133344477,2025-11-10,41000,Studio,Madinat Al Mataar
CNT2131327318,2025-03-01,75000,2,Al Murqabat
CNT2134195678,2026-01-01,47000,1,Al Twar Fifth
CNT2133916766,2025-12-20,64000,Studio,Al Barsha South Fourth
CNT2131505016,2025-07-01,51000,Shop,Al Suq Al Kabeer
CNT2133764138,2025-12-04,34099,Studio,Jabal Ali First
CNT2133329044,2025-11-01,65000,1,Al Hudaiba
CNT2132945520,2025-10-15,150000,3,Al Yelayiss 2
CRT2130320166,2025-03-25,80000,1,Business Bay
CNT2129362817,2025-02-10,54000,2,Al Qusais
CNT2131929394,2025-02-10,76500,2,Al Thanyah First
CNT2133538537,2025-11-20,150000,2,Al Thanyah First
CNT2133559074,2025-12-15,80000,1,Business Bay
CRT2133498076,2025-11-25,159557,2,Al Khairan First
CNT2130649325,2025-04-24,15000,Office,Al Garhoud
CNT2134142224,2026-01-25,45000,1,Al Warsan First
CNT2134294681,2026-01-01,92936,Office,Dubai Investment Park First
CNT2132424945,2025-04-20,39600,1,Wadi Al Safa 5
CNT2133553050,2025-11-15,56000,2,Al Warqa First
CNT2133418640,2025-11-17,55901,2,Al Goze Fourth
CNT2133588216,2025-10-01,96900,4,Al Muteena
CNT2133285637,2025-11-02,63600,Studio,Al Barsha South Third
CNT2133798853,2025-12-10,18000,Office,Muhaisanah Fourth
CRT2131036606,2025-06-01,140000,1,Al Barsha South Fifth
CNT2127594243,2025-01-07,15000,Office,Hor Al Anz
CNT2130068895,2025-04-01,90000,2,Jumeirah First
CNT2133425265,2025-11-10,25000,Office,Hor Al Anz East
CNT2128539964,2025-01-27,36000,Office,Dubai International Airport
CNT2131357312,2025-05-01,90000,2,Mankhool
CNT2133750620,2025-12-10,25000,Studio,Al Mararr
CNT2130699421,2025-04-29,15000,Office,Al Khabeesi
CNT2133883412,2025-12-01,62000,1,Al Barsha South Fourth
CNT2133162847,2025-10-26,40000,1,Al Warsan First
CRT2132033046,2025-08-01,95000,Office,Business Bay
CNT2132976248,2025-10-01,50000,Shop,Naif
CNT2133423306,2025-11-10,26600,Studio,Warsan Fourth
CNT2133115471,2025-10-21,33000,Office,Dubai Investment Park First
CNT2131858301,2025-07-16,10000,Office,Um Hurair Second
CNT2132721775,2025-09-02,30000,Studio,Al Dhagaya
CNT2130167879,2025-03-15,20000,Office,Trade Center First
CNT2130307705,2025-03-15,32400,Room in labor camp,Al Goze Third
CNT2134172977,2025-12-24,34700,1,Wadi Al Safa 2
CNT2133326786,2025-11-01,41896,1,Al Nahda Second
CNT2129838728,2025-03-01,45000,Studio,Al Raffa
CRT2129851906,2025-01-01,32000,Shop,Al Suq Al Kabeer
CNT2132219617,2025-08-14,33655,1,Al Warsan First
CNT2133313154,2025-11-10,27720,Studio,Warsan Fourth
CNT2131896976,2025-07-20,47000,2,Al Qusais Industrial First
CNT2134163944,2026-01-11,73639,2,Jabal Ali First
CNT2130098750,2025-03-10,45000,2,Al Nahda Second
CNT2130512542,2025-04-24,10000,Office,Al Wasl
CNT2128530863,2025-01-25,24000,Room in labor camp,Jabal Ali Industrial First
CNT2132491007,2025-09-02,20000,Office,Al Khabeesi
CNT2128023954,2025-01-20,75000,2,Trade Center Second
CNT2131746431,2025-07-08,15000,Office,Naif
CRT2126725543,2025-02-01,125000,2,Marsa Dubai
CNT2127797517,2025-01-18,48279,2,Ras Al Khor Industrial Third
CNT2132031211,2025-07-29,10000,Office,Al Mararr
CRT2133790536,2025-12-01,96800,3,Madinat Al Mataar
CNT2132140271,2025-08-06,15000,Office,Trade Center First
CNT2130600560,2025-01-16,51000,Shop,Al Bada
CNT2130783127,2025-07-01,49000,1,Al Nahda First
CNT2133908561,2025-12-15,22000,Studio,Al Mararr
CNT2130896004,2025-05-13,15000,Office,Burj Khalifa
CNT2130072507,2025-04-10,110000,Shop,Al Twar Fifth
CNT2134246533,2026-01-02,145313,2,Business Bay
CNT2134258627,2026-02-07,54574,1,Mirdif
CNT2131042548,2025-06-10,50000,2,Muhaisanah Fourth
CNT2131985019,2025-07-10,110000,2,Business Bay
CNT2132977524,2025-10-05,74000,1,Al Thanyah First
CNT2133280038,2025-08-16,51977,1,Al Barsha South Third
CNT2131842976,2025-06-01,25373,Office,Al Mararr
CNT2131208810,2025-05-28,24407,Studio,Al Warsan First
CRT2133251566,2025-10-30,85000,1,Jabal Ali First
CNT2132884671,2025-10-03,20000,Office,Hor Al Anz
CNT2132270933,2025-08-15,15000,Office,Hor Al Anz
CNT2127798582,2025-01-15,107000,Warehouse,Nad Al Hamar
CRT2134070886,2026-01-02,137000,3,Al Yufrah 1
CNT2131383758,2025-04-25,48000,Studio,Nad Hessa
CRT2132982786,2025-09-15,50000,Studio,Jabal Ali First
CNT2133413021,2025-11-01,82000,2,Al Murqabat
CRT2129906086,2025-02-25,120000,Hotel,Business Bay
CNT2131413412,2025-07-10,88000,3,Al Goze Fourth
CRT2132913296,2025-08-17,89250,3,Madinat Al Mataar
CNT2131000636,2025-06-05,48000,1,Al Raffa
CNT2128963080,2025-02-01,106400,Shop,Al Buteen
CRT2130472146,2025-04-02,45000,1,Al Mamzer
CNT2131932965,2025-07-22,15000,Office,Al Mararr
CNT2129836036,2025-02-21,20000,Office,Al Mararr
CNT2133485197,2025-11-25,99619,2,Al-Cornich
CNT2130776161,2025-05-10,30000,Studio,Nad Hessa
CNT2127809194,2025-01-01,130000,Shop,Al Buteen
CNT2128546643,2025-01-27,20000,Office,Business Bay
CNT2134027766,2026-03-15,60000,2,Al Goze Industrial Second
CNT2133623989,2025-12-03,66000,1,Jabal Ali First
CNT2133900018,2026-01-01,93000,2,Al Karama
CNT2134060677,2025-12-01,48000,Studio,Al Warsan First
CNT2131065007,2025-06-01,72000,2,Al Suq Al Kabeer
CNT2132138269,2025-08-01,70000,3,Al Nahda Second
CNT2132700677,2025-10-10,35575,Studio,Al Goze Third
CNT2132494379,2025-09-01,60000,2,Al Muteena
CNT2133971803,2025-11-25,92000,3,Al Raffa
CNT2130780197,2025-05-05,15000,Office,Al Baraha
CNT2129893241,2025-02-24,12000,Office,Al Safouh Second
CNT2131657477,2025-07-01,15000,Office,Al Suq Al Kabeer
CNT2132062218,2025-07-25,48000,1,Wadi Al Safa 5
CNT2134079938,2026-01-20,60000,Shop,Al Buteen
CNT2128306367,2025-02-01,92820,3,Al Karama
CNT2133103988,2025-12-23,79695,2,Jabal Ali First
CNT2131895613,2025-08-10,72214,2,Jabal Ali First
CNT2132912040,2025-11-23,24000,2,Muhaisanah Fourth
CNT2133703922,2025-12-01,37800,Shop,Naif
CNT2130646001,2025-05-01,50000,Studio,Al Barsha South Fourth
CRT2133926356,2025-09-01,27600,Studio,Hor Al Anz
CNT2132107304,2025-08-04,15000,Office,Al Goze Industrial First
CRT2130221126,2025-03-01,10000,Warehouse,Saih Shuaib 4
CNT2131735633,2025-07-07,15000,Office,Al Hamriya
CRT2132038976,2025-08-01,187500,2,Hadaeq Sheikh Mohammed Bin Rashid
CRT2131053816,2025-05-24,61200,Studio,Me'Aisem First
CNT2127765308,2025-01-01,45480,1,Al Nahda Second
CNT2127097874,2025-01-01,33500,1,Al Hamriya
CNT2130718657,2025-05-21,82999,2,Al Hudaiba
CRT2132855419,2025-09-30,170000,2,Burj Khalifa
CRT2132657336,2025-09-01,64575,2,Me'Aisem First
CNT2130554680,2025-04-17,16000,Office,Wadi Al Safa 2
CNT2132949793,2025-10-08,15000,Office,Al Goze First
CNT2133604850,2025-11-24,20000,Office,Al Dhagaya
CNT2130962029,2025-05-20,65000,2,Dubai Investment Park First
CNT2131573548,2025-04-30,83528,2,Al Jadaf
CNT2129890439,2025-02-26,47000,Studio,Jabal Ali First
CNT2130981112,2025-05-13,80000,2,Wadi Al Safa 5
CNT2132384348,2025-08-26,15000,Office,Saih Shuaib 3
CNT2131573764,2025-06-30,20000,Office,Dubai Investment Park First
CNT2127393935,2025-01-01,58000,2,Naif
CNT2130733894,2025-05-01,15000,Office,Trade Center Second
CNT2128496157,2025-01-01,15000,Office,Ras Al Khor Industrial Second
CNT2132441178,2025-08-31,135000,2,Trade Center Second
CNT2134096970,2026-01-07,47000,Office,Al Suq Al Kabeer
CNT2131026515,2025-05-19,57000,1,Um Hurair First
CNT2129614816,2025-02-13,15000,Office,Al Goze Industrial First
CNT2134257328,2026-03-10,72500,2,Wadi Al Safa 3
CNT2134068467,2025-12-30,65000,Studio,Al Barsha South Third
CNT2134108121,2025-12-25,38940,1,Business Bay
CNT2131841562,2025-07-20,77000,2,Me'Aisem First
CNT2133931685,2026-02-01,55000,2,Al Rega
CNT2132945517,2025-10-08,118000,2,Al Hebiah Fourth
CNT2132245767,2025-08-14,60000,Studio,Warsan Fourth
CRT2132113826,2025-04-30,18000,Shop,Hatta
CRT2130215023,2025-03-20,55000,1,Madinat Al Mataar
CNT2130345961,2025-04-02,16000,Office,Al Garhoud
CNT2130895761,2025-05-05,138476,Office,Al Thanyah First
CNT2131867327,2025-06-26,25560,Room in labor camp,Saih Shuaib 2
CRT2131860666,2025-07-27,125000,1,Al Khairan First
CNT2130279332,2025-04-04,55000,1,Wadi Al Safa 7
CRT2132374926,2025-07-18,65000,1,Marsa Dubai
CNT2133962177,2025-12-23,15000,Office,Al Murqabat
CNT2132707925,2025-09-19,24000,1,Port Saeed
CNT2130826091,2025-03-14,66066,2,Al Karama
CRT2133285836,2025-11-01,51000,1,Al Barsha South Fourth
CNT2134276272,2026-01-16,15000,Office,Al Karama
CNT2128432673,2025-01-25,28500,Studio,Naif
CRT2130209296,2025-02-08,75000,1,Al Barsha South Fifth
CRT2132479576,2025-09-01,38000,1,Al Murqabat
CNT2131072038,2025-06-01,87000,2,Oud Metha
CNT2133233199,2025-10-29,15000,Office,Al Mararr
CNT2131289810,2025-06-20,38115,1,Warsan Fourth
CNT2130995322,2025-05-20,15000,Office,Al Khabeesi
CNT2129622222,2025-02-15,46000,1,Al Warsan First
CNT2128529137,2025-02-01,98000,Office,Nad Hessa
CNT2133287150,2025-10-30,68400,1,Wadi Al Safa 3
CRT2130592726,2025-03-27,68000,1,Al Barsha South Fourth
CNT2128955396,2025-02-05,50000,2,Al Suq Al Kabeer
CRT2132409326,2025-08-27,80000,1,Al Barsha South Third
CNT2133055615,2025-10-15,51000,1,Warsan Fourth
CRT2133200906,2025-10-01,27000,Room in labor camp,Al Ttay
CNT2131786739,2025-07-10,15000,Office,Business Bay
CNT2133808374,2025-12-15,46000,Studio,Warsan Fourth
CNT2129118086,2025-01-01,84000,4,Mirdif
CNT2133897490,2025-12-17,15000,Office,Business Bay
CNT2131532300,2025-06-27,80000,1,Trade Center Second
CNT2132464437,2025-09-01,114784,Office,Port Saeed
CNT2132012764,2025-07-28,15000,Office,Al Khabeesi
CNT2130695296,2025-05-01,42000,Studio,Dubai Investment Park Second
CNT2130612878,2025-04-22,15000,Office,Al Barsha First
CNT2130080312,2025-02-12,55650,1,Al Barsha South Fourth
CNT2127816197,2025-01-25,20000,Studio,Naif
CNT2132739767,2025-09-15,80000,1,Al Satwa
CNT2133768452,2025-12-08,20000,Office,Dubai Investment Park First
CNT2132291995,2025-06-25,156000,1,Dubai Investment Park Second
CNT2134201177,2025-12-24,23300,Office,Al Khabeesi
CNT2133531471,2025-11-18,15000,Office,Business Bay
CNT2133261767,2025-11-01,22000,Studio,Eyal Nasser
CRT2128502096,2025-01-20,55000,Shop,Al Warsan First
CNT2131046647,2025-05-24,15000,Office,Hor Al Anz
CNT2134187422,2025-11-01,95000,Warehouse,Al Qusais Industrial Fifth
CNT2133460727,2025-11-01,24480,Room in labor camp,Al Goze Industrial Fourth
CRT2131564966,2025-07-07,138000,2,Al Thanyah Third
CNT2132142943,2025-08-15,110000,3,Mirdif
CRT2131700986,2025-07-05,160000,2,Al Kifaf
CNT2132663493,2025-11-12,50820,1,Mirdif
CNT2130322656,2025-04-01,100000,3,Al Barsha South Fourth
CNT2132703697,2025-12-03,56700,2,Al Goze Industrial Second
CNT2132937080,2025-11-01,50000,1,Nad Hessa
CNT2132662393,2025-10-10,43000,1,Al Nahda Second
CNT2128572535,2025-01-18,73810,Shop,Muhaisanah Second
CRT2128300806,2025-01-25,43000,Studio,Al Barsha South Third
CNT2133180634,2025-10-25,15000,Office,Al Goze Industrial First
CNT2132780430,2025-10-01,75000,Studio,Al Garhoud
CNT2133096799,2025-10-31,106722,2,Business Bay
CNT2133767835,2025-12-22,26350,Studio,Mankhool
CNT2131137578,2025-05-30,81480,Room in labor camp,Jabal Ali Industrial First
CNT2130604563,2025-03-15,55200,Room in labor camp,Jabal Ali Industrial First
CNT2133208377,2025-10-31,130000,2,Al Jadaf
CNT2128728758,2025-02-12,60500,2,Mirdif
CNT2129886920,2025-02-24,42000,Studio,Warsan Fourth
CNT2131990985,2025-07-25,15000,Office,Hor Al Anz East
CNT2129258885,2025-02-10,78000,2,Wadi Al Safa 5
CNT2130708791,2025-03-15,45000,1,Al Saffa First
CNT2130919910,2025-05-11,117000,2,Al Barsha First
CNT2132934834,2025-10-10,46000,Studio,Al Jadaf
CNT2133635509,2025-12-01,45000,2,Al Nahda Second
CNT2129443014,2025-02-10,120000,2,Al Barsha First
CNT2131761839,2025-07-24,71999,2,Jabal Ali First
CNT2132919909,2025-10-07,133500,2,Al Satwa
CNT2130079101,2025-03-07,72000,3,Hor Al Anz East
CNT2130365165,2025-04-03,15000,Office,Al Khabeesi
CNT2132249795,2025-08-14,20000,Office,Business Bay
CNT2130413493,2025-05-09,45000,1,Al Yelayiss 2
CNT2131298437,2025-06-14,138999,2,Business Bay
CNT2132251814,2025-08-14,20000,Office,Burj Khalifa
CNT2132577018,2025-10-15,69300,2,Mankhool
CNT2133665864,2025-03-01,130020,Warehouse,Dubai Investment Park Second
CNT2132504048,2025-09-11,69300,Office,Al Barsha First
CNT2131184541,2025-06-03,21000,Office,Dubai Investment Park First
CNT2129254090,2025-02-01,71720,Shop,Naif
CNT2125180297,2025-01-19,73816,3,Jabal Ali First
CNT2130584473,2025-04-21,15000,Office,Al Khabeesi
CNT2133063358,2025-12-01,57120,Office,Oud Metha
CRT2132846974,2025-09-30,36000,Studio,Wadi Al Safa 7
CNT2133656187,2025-11-26,54632,2,Al Nahda First
CNT2129378740,2025-02-10,15000,Office,Al Baraha
CNT2130571713,2025-04-03,47110,1,Wadi Al Safa 5
CNT2129044820,2025-02-04,15000,Office,Hor Al Anz East
CNT2130675088,2025-05-01,48000,Hotel,Al Barsha South Fourth
CNT2133448183,2025-10-24,15000,Office,Al Karama
CNT2130336305,2025-04-01,75000,2,Al Karama
CNT2131941300,2025-05-22,40000,Office,Al Suq Al Kabeer
CNT2131993748,2025-07-25,100000,Office,Burj Khalifa
CNT2133144060,2025-07-01,63534,Office,Al Qusais Industrial Second
CNT2130190747,2025-02-25,33000,Studio,Wadi Al Safa 3
CNT2133184410,2026-01-01,50000,2,Al Rega
CNT2133316097,2025-10-25,90000,1,Al Barsha First
CNT2132065163,2025-07-31,105000,1,Business Bay
CNT2127552403,2025-01-15,78291,Office,Al Hebiah Second
CNT2130478077,2025-04-08,72764,2,Al Yelayiss 2
CNT2131550237,2025-06-26,10000,Office,Al Baraha
CNT2134231163,2026-01-22,25410,Studio,Al Warsan First
CNT2133973801,2025-12-24,17000,Office,Mankhool
CNT2132883864,2025-10-03,15000,Office,Al Khabeesi
CNT2128039576,2025-01-01,71000,2,Mankhool
CNT2127047810,2025-03-01,90000,2,Al Hamriya
CNT2129957798,2025-02-23,95000,1,Hadaeq Sheikh Mohammed Bin Rashid
CNT2131863802,2025-07-16,15000,Office,Saih Shuaib 3
CNT2129817314,2025-01-07,40000,Warehouse,Al Goze Industrial Fourth
CNT2130547557,2025-05-01,36383,2,Muhaisanah Fourth
CNT2134214021,2026-01-13,15000,Office,Al Murqabat
CNT2134130882,2026-01-07,15000,Office,Al Suq Al Kabeer
CRT2132989766,2025-09-23,63000,2,Nad Hessa
CNT2133653852,2025-11-27,10000,Office,Mankhool
CRT2133646966,2025-12-01,95000,1,Al Hebiah First
CNT2133097842,2025-09-25,40910,1,Wadi Al Safa 2
CNT2128260827,2025-01-24,90000,2,Al Rega
CRT2132207086,2025-07-25,85000,2,Al Yelayiss 2
CNT2130228729,2025-03-20,15000,Office,Al Hamriya
CRT2132426796,2025-08-18,46200,Studio,Al Barsha South Fourth
CNT2129940405,2025-02-26,70000,1,Port Saeed
CNT2127918522,2025-01-01,62000,Shop,Naif
CNT2133944651,2026-01-01,93000,2,Al Karama
CNT2130947338,2025-05-16,15000,Office,Al Muteena
CRT2133195896,2025-10-15,26000,Studio,Al Ras
CNT2131120145,2025-05-29,15000,Office,Hor Al Anz
CNT2130847467,2025-02-01,73500,1,Al Thanyah First
CNT2132212070,2025-08-20,71090,1,Al Hebiah First
CNT2132961227,2025-10-09,13000,Office,Al Raffa
CNT2132176137,2025-08-04,95000,3,Al Warqa First
CNT2132727485,2025-09-22,15000,Office,Hor Al Anz
CNT2132872632,2025-10-02,10000,Office,Al Khabeesi
CNT2130352694,2025-04-02,60000,Office,Business Bay
CNT2132280161,2025-08-18,20000,Office,Ras Al Khor Industrial Second
CNT2130265837,2025-04-07,81000,3,Ras Al Khor Industrial Third
CRT2133083266,2025-07-01,100000,Shop,Al Buteen
CNT2129988842,2025-03-01,60000,3,Al Murqabat
CNT2130210502,2025-03-24,68000,1,Nad Hessa
CRT2132876246,2025-10-02,35000,2,Abu Hail
CNT2132331934,2025-08-15,25743,Studio,Al Warsan First
CRT2132148166,2025-07-28,51000,1,Wadi Al Safa 5
CNT2130427017,2025-04-09,39000,Room in labor camp,Jabal Ali Industrial First
CNT2133421086,2026-01-16,180000,3,Al Khairan First
CNT2131749257,2025-07-05,72072,Shop,Al Karama
CRT2131801876,2025-07-11,35000,2,Hor Al Anz
CNT2134088465,2026-01-02,64000,2,Al Nahda Second
CNT2131835627,2025-07-01,99000,Warehouse,Al Goze Industrial Second
CNT2129712405,2025-02-25,75600,2,Madinat Dubai Almelaheyah
CNT2130475829,2025-04-13,50000,Studio,Al Hebiah Third
CRT2133656886,2025-11-30,78000,1,Al Barsha South Fourth
CNT2132242308,2025-06-22,49000,2,Al Qusais
CNT2134030555,2025-11-25,85000,1,Al Raffa
CRT2132571926,2025-06-11,1000,Office,Business Bay
CNT2133272027,2025-10-31,18000,Office,Um Hurair Second
CNT2131696270,2025-05-01,98425,Warehouse,Jabal Ali Industrial First
CNT2131089586,2025-01-09,99919,3,Madinat Al Mataar
CRT2128960646,2025-01-22,90000,2,Al Barsha South Fourth
CNT2133699866,2025-12-04,38000,1,Al Qusais Industrial Fifth
CNT2132975455,2025-10-10,78000,1,Al Barsha First
CNT2128297173,2025-01-22,39000,1,Al Suq Al Kabeer
CNT2132378057,2025-09-01,31000,Studio,Al Suq Al Kabeer
CNT2132763353,2025-09-24,20000,Office,Saih Shuaib 2
CNT2133104332,2025-10-17,51000,2,Al Goze Industrial Second
CNT2130729808,2025-05-01,15000,Office,Al Barsha First
CNT2130401002,2025-04-08,65000,1,Al Mamzer
CNT2130694455,2025-03-01,134984,Office,Al Karama
CNT2130592856,2025-04-22,65000,2,Al Warqa First
CNT2127759344,2025-01-07,39600,Room in labor camp,Muhaisanah Second
CNT2132498984,2025-09-01,92000,Warehouse,Al Qusais Industrial Fourth
CNT2133896786,2025-12-14,122000,2,Trade Center First
CNT2129049936,2025-02-04,15000,Office,Al Murqabat
CNT2134052195,2025-12-20,87150,2,Al Hamriya
CNT2132157233,2025-08-07,15000,Office,Port Saeed
CNT2134136305,2026-01-07,15000,Office,Al Murqabat
CRT2133110212,2025-10-06,130000,1,Burj Khalifa
CNT2133248266,2025-11-01,50600,1,Al Barsha South Fifth
CNT2133202583,2025-12-01,71000,2,Al Nahda Second
CRT2131491946,2025-06-12,40021,Studio,Al Barsha South Fourth
CNT2133937068,2025-11-15,38850,Studio,Jabal Ali First
CNT2130336275,2025-02-10,66500,2,Port Saeed
CNT2133221583,2025-09-01,150000,Office,Al Buteen
CNT2132445197,2025-08-21,77000,1,Dubai Investment Park First
CNT2133029953,2025-11-18,70000,1,Al Barsha South Fourth
CNT2129458583,2025-02-01,100000,Warehouse,Al Goze Industrial First
CNT2133158080,2025-10-01,168080,Shop,Wadi Al Safa 5
CNT2131998200,2025-07-31,20000,Office,Naif
CNT2130233372,2025-04-02,55000,2,Muhaisanah Fourth
CRT2130377936,2025-04-06,81000,2,Al Jadaf
CNT2132674512,2025-09-14,65000,1,Oud Metha
CNT2131183770,2025-05-26,50000,1,Nad Hessa
CNT2134194091,2026-01-12,65000,1,Al Barsha South Fourth
CNT2132667851,2025-09-17,40000,1,Naif
CNT2133839995,2025-12-11,48271,1,Jabal Ali First
CRT2131919696,2025-08-10,120000,1,Business Bay
CNT2132192138,2025-07-01,82000,Warehouse,Ras Al Khor Industrial First
CNT2129462421,2025-02-12,10000,Office,Naif
CNT2127581023,2025-01-07,20000,Office,Port Saeed
CNT2130238827,2025-04-01,53000,1,Oud Metha
CRT2128822406,2025-02-01,180000,3,Al Thanyah Third
CNT2133790656,2025-12-09,15000,Office,Port Saeed
CNT2132364345,2025-08-25,20999,Studio,Al Qusais
CNT2130577006,2025-04-10,18000,Studio,Al Buteen
CNT2133988913,2025-12-25,15000,Office,Al Mararr
CNT2130890595,2025-05-13,20000,Office,Hor Al Anz
CNT2132618578,2025-09-13,15000,Office,Al Khabeesi
CNT2133003152,2025-10-05,74000,2,Al Thanyah First
CNT2130764173,2025-05-03,17000,Office,Business Bay
CNT2133073759,2025-09-01,35000,1,Al Warsan First
CNT2130906504,2025-05-06,63459,2,Wadi Al Safa 2
CNT2131391326,2025-05-02,70000,Studio,Jabal Ali First
CNT2130120311,2025-03-01,74088,2,Jabal Ali First
CNT2131548758,2025-03-20,75000,2,Nad Hessa
CNT2130486841,2025-07-11,77000,2,Al Qusais
CNT2130828959,2025-04-10,74000,2,Mankhool
CNT2127574005,2025-01-10,48000,1,Al Qusais
CNT2131000287,2025-06-15,60500,Office,Al Thanyah Fifth
CNT2134145251,2026-01-25,66300,1,Al Hamriya
CNT2133215775,2025-11-11,44000,1,Al Goze Industrial Second
CRT2130096786,2025-03-01,95000,1,Marsa Dubai
CNT2130193474,2025-03-20,157300,3,Nad Hessa
CNT2131535097,2025-05-13,115000,2,Al Satwa
CNT2133794890,2025-10-31,55430,1,Al Barsha South Fifth
CNT2133021890,2025-08-22,60638,1,Al Hebiah First
CNT2130906257,2025-05-01,78450,Restaurant,Nad Hessa
CNT2132927333,2025-10-07,15000,Office,Al Muteena
CNT2128817905,2025-01-01,54500,2,Al Suq Al Kabeer
CNT2133115881,2025-10-21,55200,Office,Al Qusais Industrial Third
CRT2131898856,2025-07-25,45000,Studio,Jabal Ali First
CNT2133510254,2025-11-20,63000,2,Al Mamzer
CNT2134126147,2026-01-07,17000,Office,Al Baraha
CRT2130295036,2025-04-01,100000,2,Me'Aisem First
CNT2133825007,2026-02-03,72000,2,Al Barsha First
CNT2129962424,2025-02-26,56228,2,Al Goze Industrial Second
CNT2130796753,2025-05-05,99000,2,Palm Jumeirah
CNT2132371949,2025-08-01,94500,2,Wadi Al Safa 2
CNT2132065157,2025-08-15,128000,4,Madinat Hind 4
CNT2129978381,2025-03-01,55125,1,Al Murqabat
CNT2130580936,2025-04-22,114345,3,Trade Center Second
CNT2133349713,2025-11-06,15000,Office,Al Karama
CNT2132359194,2025-08-26,110240,2,Al Merkadh
CNT2130580975,2025-04-21,15000,Office,Burj Khalifa
CNT2133487886,2025-11-14,15000,Office,Business Bay
CNT2129457007,2025-01-23,101640,2,Business Bay
CNT2133502214,2025-11-20,55000,2,Al Sabkha
CNT2131738206,2025-07-07,15000,Office,Al Garhoud
CNT2134282598,2026-01-09,89759,1,Al Barsha South Fourth
CNT2132788045,2025-07-15,37800,Studio,Saih Shuaib 2
CNT2134309268,2026-01-19,20000,Office,Al Mararr
CRT2130909013,2025-05-10,79695,1,Marsa Dubai
CRT2132374456,2025-09-01,115000,3,Madinat Hind 4
CNT2131407251,2025-09-01,85000,2,Al Barsha First
CRT2131913676,2025-07-25,52000,1,Al Hebiah Fourth
CNT2130746247,2025-04-01,125000,Warehouse,Um Ramool
CRT2130146986,2025-01-05,95000,2,Jabal Ali First
CNT2133229481,2025-10-25,56700,2,Al Goze Industrial Second
CNT2132280311,2025-08-18,20000,Office,Ras Al Khor Industrial Second
CNT2129930927,2025-03-05,51000,1,Al Murqabat
CNT2133453199,2025-11-11,15000,Office,Al Muteena
CNT2133958395,2025-12-20,29999,1,Al Qusais
CRT2132729466,2025-09-01,95000,Shop,Eyal Nasser
CNT2131284407,2025-06-20,38500,1,Al Qusais Industrial Fifth
CNT2134192156,2026-01-12,15000,Office,Burj Khalifa
CNT2132036796,2025-06-25,65000,Office,Al Dhagaya
CNT2130180784,2025-02-18,85000,Duplex,Al Barsha South Fourth
CNT2129625664,2025-02-13,20000,Office,Al Muteena
CNT2130547457,2025-04-15,36500,1,Al Nahda Second
CNT2130309964,2025-04-05,100000,2,Al Barsha First
CNT2132162328,2025-01-01,58937,2,Jabal Ali First
CRT2131872946,2025-07-17,81000,2,Al Yelayiss 2
CNT2130006550,2025-02-15,32000,Shop,Naif
CNT2130013272,2025-03-01,33400,Studio,Wadi Al Safa 5
CNT2130196551,2025-02-25,39675,1,Wadi Al Safa 5
CNT2127846887,2025-01-13,187425,4,Al Wasl
CNT2126388064,2025-01-01,32000,2,Muhaisanah Fourth
CNT2130248847,2025-03-27,49999,1,Muhaisanah Fourth
CNT2130980518,2025-05-10,50000,Office,Oud Metha
CNT2132816315,2025-09-29,20000,Office,Trade Center First
CNT2130999816,2025-04-10,30000,Shop,Naif
CRT2130326336,2025-04-01,70000,1,Al Barsha South Third
CNT2132333555,2025-08-21,15000,Office,Al Nahda Second
CNT2133449739,2025-10-01,61000,Shop,Al Dhagaya
CNT2130779789,2025-05-05,15000,Office,Al Khabeesi
CNT2133263447,2025-10-31,20500,Office,Al Muteena
CNT2130068343,2025-02-15,25070,Office,Trade Center First
CNT2133965416,2025-12-23,15000,Office,Al Murqabat
CNT2131200177,2025-06-09,95000,3,Muhaisanah Fourth
CNT2130836724,2025-05-05,25000,Office,Al Murqabat
CNT2133010639,2025-10-20,58800,2,Wadi Al Safa 5
CNT2130157247,2025-04-09,43890,2,Ras Al Khor Industrial Third
CNT2132066856,2025-07-01,36000,Kiosk,Al Dhagaya
CNT2131246954,2025-06-10,15000,Office,Al Baraha
CNT2128807902,2025-03-01,49550,1,Jabal Ali First
CRT2133291706,2025-11-03,100000,2,Al Barsha South Fourth
CNT2128104169,2025-01-25,181500,Warehouse,Al Qusais Industrial Second
CNT2132698557,2025-09-19,15000,Office,Al Nahda First
CNT2130728812,2025-04-01,95000,3,Al Karama
CNT2133589251,2025-12-02,26000,Staff accommodatoion,Al Mararr
CNT2132688558,2025-05-20,26000,Studio,Hor Al Anz
CNT2134310239,2026-01-22,23999,Studio,Al Qusais
CNT2129984009,2025-02-01,63000,2,Hor Al Anz East
CNT2129049127,2025-03-01,50000,1,Hor Al Anz
CNT2129366678,2025-01-10,40000,Studio,Jabal Ali First
CNT2133434990,2025-11-15,65000,1,Al Murqabat
CNT2132050737,2025-07-24,48000,Room in labor camp,Al Goze Industrial Second
CNT2134126008,2026-01-07,15000,Office,Hor Al Anz
CNT2133765182,2025-12-01,100000,3,Madinat Al Mataar
CNT2133302122,2025-11-03,15000,Office,Dubai Investment Park First
CNT2133554787,2025-12-05,58850,1,Al Murqabat
CNT2129054521,2025-01-31,35500,1,Warsan Fourth
CNT2132798127,2025-09-25,55000,1,Al Suq Al Kabeer
CNT2132859750,2025-09-11,76459,1,Nad Al Shiba First
CNT2130925790,2025-05-15,15000,Office,Saih Shuaib 3
CNT2134111913,2026-01-06,15000,Office,Al Khabeesi
CNT2133999871,2026-01-02,76000,1,Al Barsha South Fourth
CNT2130658647,2025-03-16,162067,Office,Rega Al Buteen
CRT2130736766,2025-05-01,30000,Office,Business Bay
CNT2133862422,2026-01-01,24000,1,Al Qusais
CNT2130854207,2025-04-15,60000,1,Al Qusais
CNT2132350432,2025-08-31,95000,2,Al Nahda First
CNT2133586723,2025-12-14,102000,2,Al Satwa
CNT2132628951,2025-09-15,20000,Office,Trade Center First
CNT2131950197,2025-06-01,70000,1,Al Barsha First
CNT2133269026,2025-11-10,44000,Studio,Wadi Al Safa 5
CNT2133471034,2025-11-10,132000,Office,Port Saeed
CNT2131987633,2025-07-25,10000,Office,Al Goze First
CNT2133425290,2025-10-01,30000,Office,Eyal Nasser
CNT2133937057,2025-12-20,33000,Studio,Dubai Investment Park First
CNT2132674270,2025-11-05,97000,2,Al-Cornich
CRT2134333256,2025-12-25,52000,2,Madinat Al Mataar
CNT2133962256,2025-12-23,15000,Office,Naif
CNT2130175524,2025-04-04,13525,Studio,Jabal Ali Industrial First
CNT2131329523,2025-06-16,15000,Office,Al Barsha First
CNT2131561740,2025-06-28,15000,Office,Al Khabeesi
CNT2132032357,2025-07-30,10000,Office,Al Twar Fifth
CNT2134033872,2025-12-20,60775,1,Al Barsha First
CNT2130189946,2025-04-01,45000,Studio,Um Hurair First
CNT2132434054,2025-09-24,102300,2,Trade Center Second
CNT2131379915,2025-07-04,55000,2,Al Nahda Second
CRT2132172966,2025-08-15,70000,1,Business Bay
CNT2134040529,2026-01-01,41000,Shop,Al Suq Al Kabeer
CNT2132001370,2025-07-26,21000,Office,Dubai Investment Park First
CRT2133748126,2025-11-15,89250,1,Al Khairan First
CNT2131716102,2025-07-05,16000,Office,Al Garhoud
CNT2132857753,2025-10-26,33500,2,Al Goze Fourth
CRT2134294756,2026-01-25,56000,1,Al Yelayiss 2
CNT2133822128,2025-12-11,10000,Office,Al Garhoud
CNT2130547020,2025-01-01,52000,Shop,Al Goze First
CRT2130780089,2025-06-01,48000,Studio,Al Yelayiss 2
CNT2133667833,2025-12-01,40000,1,Al Warsan First
CNT2131687101,2025-07-05,67095,1,Jabal Ali First
CNT2128324005,2025-01-22,11000,Office,Al Twar Fifth
CRT2130277836,2025-04-01,32691,Studio,Al Hebiah Fourth
CNT2131291445,2025-06-12,15000,Office,Hor Al Anz
CNT2132104027,2025-08-05,125000,Shop,Al Qusais
CNT2130557345,2025-04-20,55000,1,Nad Hessa
CNT2131549404,2025-07-01,30800,Studio,Al Warsan First
CNT2133229905,2025-10-01,85000,2,Nad Hessa
CNT2133837644,2025-11-01,41000,1,Al Warsan First
CNT2129965558,2025-02-22,24500,Studio,Al Baraha
CNT2132106559,2025-08-04,10000,Office,Al Jadaf
CNT2131736194,2025-07-07,15000,Office,Al Khabeesi
CNT2132571213,2025-09-15,55000,Studio,Mankhool
CNT2130905225,2025-05-14,32000,Office,Al Mararr
CRT2132163996,2025-08-08,170000,2,Burj Khalifa
CNT2130134936,2025-03-20,49026,2,Al Warsan First
CNT2132394916,2025-07-31,44100,1,Warsan Fourth
CNT2130371578,2025-04-01,120000,2,Al Jadaf
CNT2133132361,2025-10-22,15000,Office,Al Khabeesi
CNT2130436533,2025-04-15,35000,Studio,Al Goze Fourth
CNT2130326107,2025-03-28,15000,Office,Al Khabeesi
CNT2131888178,2025-07-05,54632,1,Al Hudaiba
CRT2132316276,2025-04-01,50000,4,Al Rashidiya
CNT2130590728,2025-04-21,13000,Office,Al Raffa
CNT2131776403,2025-07-09,15000,Office,Dubai Investment Park Second
CRT2134217596,2025-11-01,53130,2,Al Warqa First
CRT2130437716,2025-03-15,120000,2,Me'Aisem First
CNT2132581614,2025-09-01,79500,3,Al Nahda First
CNT2132924097,2025-10-07,20000,Office,Al Murqabat
CNT2131700349,2025-02-02,34500,Room in labor camp,Al Goze Third
CNT2130035715,2025-03-05,46000,Studio,Jabal Ali First
CNT2133335717,2025-10-27,42000,Studio,Al Warsan First
CNT2130721345,2025-04-30,15000,Office,Hor Al Anz
CNT2130527189,2025-04-16,15000,Shop,Al Mararr
CNT2133658724,2025-11-27,20000,Office,Port Saeed
CNT2132265112,2025-07-15,23760,Studio,Naif
CNT2130375782,2025-03-01,37000,Office,Naif
CNT2130124027,2025-03-01,72000,2,Al Suq Al Kabeer
CNT2134002895,2025-12-28,53424,1,Al Muteena
CNT2131370212,2025-06-18,20500,Office,Al Muteena
CNT2131860451,2025-07-20,140000,3,Al Barsha First
CNT2133069401,2025-09-27,40500,1,Muhaisanah Fourth
CNT2131034213,2025-05-23,20000,Office,Al Karama
CNT2130915217,2025-05-14,15000,Office,Hor Al Anz
CNT2127019447,2025-01-01,75000,2,Al Karama
CNT2133606208,2025-11-04,35200,1,Naif
CNT2128734120,2025-04-15,39200,2,Al Qusais
CRT2132293125,2025-11-01,65000,1,Al Barsha South Third
CNT2132056960,2025-07-30,15000,Office,Port Saeed
CNT2132332651,2025-05-01,128858,Warehouse,Dubai Investment Park Second
CNT2132445087,2025-08-25,44000,1,Al Qusais
CNT2134056054,2026-01-01,69000,2,Al Mamzer
CNT2133259725,2025-11-15,57750,1,Hor Al Anz
CNT2132251116,2025-08-14,19500,Office,Mankhool
CNT2127616170,2025-01-08,20000,Office,Port Saeed
CNT2127411797,2025-01-10,57000,2,Al Nahda First
CNT2130417681,2025-04-10,130000,2,Al Khairan First
CNT2131498423,2025-07-01,52000,1,Hor Al Anz
CNT2127813566,2025-01-12,150000,3,Wadi Al Safa 5
CNT2132304667,2025-08-25,56650,2,Al Qusais
CNT2132363977,2025-09-01,120000,4,Wadi Al Safa 7
CNT2133654925,2025-12-01,100000,1,Business Bay
CNT2127866779,2025-02-01,29095,Studio,Al Baraha
CNT2132950420,2025-10-20,60000,1,Nad Al Hamar
CNT2130154292,2025-03-15,35000,Studio,Al Warqa First
CNT2132886527,2025-10-05,120000,2,Al Barsha First
CRT2129457716,2025-01-25,96800,3,Madinat Al Mataar
CNT2132412675,2025-08-29,65000,2,Al Nahda Second
CNT2133199639,2025-10-24,80000,1,Al Khairan First
CNT2131131906,2025-05-04,28000,Studio,Wadi Al Safa 5
CNT2131252534,2025-06-01,100000,3,Mirdif
CNT2133642065,2025-11-10,66944,2,Nad Hessa
CNT2130229430,2025-03-20,10000,Office,Um Hurair Second
CNT2132887856,2025-10-12,36336,Studio,Jabal Ali First
CNT2132969747,2025-10-09,20000,Shop,Dubai Investment Park Second
CNT2131878369,2025-07-17,10000,Office,Al Qusais Industrial Fourth
CNT2127757028,2025-01-10,15000,Office,Al Nahda First
CNT2134105587,2026-01-15,145000,4,Mirdif
CNT2131875650,2025-07-21,90000,2,Al Warqa First
CRT2130189830,2025-04-01,50000,1,Wadi Al Safa 5
CNT2131245780,2025-06-10,10000,Office,Port Saeed
CNT2131141205,2025-04-15,20000,Office,Al Mararr
CNT2133146462,2025-10-28,56700,2,Al Goze Industrial Second
CNT2128712528,2025-02-01,42000,1,Port Saeed
CNT2133654898,2025-11-28,53500,1,Jabal Ali First
CNT2133898413,2025-12-01,52920,2,Al Warsan First
CNT2132963156,2025-11-02,22000,Office,Burj Khalifa
CNT2130912251,2025-04-01,82500,Office,Al Murqabat
CNT2134175918,2026-01-10,140000,4,Madinat Hind 4
CRT2132834556,2025-09-30,15000,Office,Port Saeed
CNT2127619073,2025-01-10,50000,Studio,Al Barsha First
CNT2132879659,2025-10-10,52500,2,Port Saeed
CRT2131371166,2025-06-18,35000,1,Abu Hail
CNT2125896477,2025-01-01,35000,1,Al Hamriya
CNT2133508903,2025-10-27,32999,Studio,Al Rashidiya
CNT2128500400,2025-01-06,36300,1,Al Warqa First
CNT2131211027,2025-06-04,20000,Office,Port Saeed
CNT2133989392,2025-12-29,40000,1,Al Suq Al Kabeer
CNT2131685137,2025-07-03,14000,Office,Mankhool
CNT2131287508,2025-01-24,100000,Office,Um Al Sheif
CNT2130418025,2025-04-08,20000,Office,Al Khabeesi
CNT2130686449,2025-05-14,54600,2,Al Goze Industrial Second
CRT2133685906,2025-11-30,155000,1,Zaabeel Second
CNT2130398591,2025-01-01,92975,Office,Al Barsha South Fourth
CNT2127120573,2025-01-20,51750,2,Nad Hessa
CNT2133966078,2026-01-01,17500,Studio,Al Warsan First
CNT2132720450,2025-08-01,19690,Shop,Al Rashidiya
CNT2134299878,2026-02-10,120000,2,Al Jadaf
CNT2132857411,2025-09-15,50000,1,Eyal Nasser
CNT2132329198,2025-08-21,20000,Office,Trade Center First
CNT2133191747,2025-10-27,55200,3,Al Mamzer
CNT2131583981,2025-06-30,15000,Office,Al Khabeesi
CNT2128916679,2025-02-01,15000,Office,Al Baraha
CRT2130865146,2025-01-25,154000,2,Al Thanyah Fifth
CRT2129046276,2025-01-25,60000,1,Jabal Ali First
CNT2131138734,2025-06-01,88117,Warehouse,Jabal Ali Industrial First
CNT2127581774,2025-01-01,82381,Shop with a mezzanine,Naif
CNT2131170310,2025-06-01,33810,1,Warsan Fourth
CNT2134042099,2025-12-31,47000,Studio,Warsan Fourth
CNT2131193796,2025-06-03,21000,Office,Dubai Investment Park First
CRT2131780246,2025-07-13,40000,Studio,Dubai Investment Park Second
CNT2127644063,2025-01-08,15000,Office,Al Muteena
CRT2131778536,2025-07-09,60000,Shop,Al Barsha South Fifth
CNT2130548406,2025-03-25,79365,2,Jabal Ali First
CNT2130392148,2025-04-06,20000,Office,Hor Al Anz
CNT2132161075,2025-08-10,28000,Office,Al Mararr
CNT2133456670,2025-11-15,100000,3,Madinat Hind 4
CNT2130553068,2025-04-01,90000,Office,Al Mamzer
CNT2131361375,2025-07-26,85000,2,Al Rega
CRT2130301426,2025-03-28,130000,1,Burj Khalifa
CNT2134016779,2025-12-04,127400,Shop with a mezzanine,Jabal Ali First
CNT2130326874,2025-06-19,30450,Studio,Al Goze Industrial Second
CNT2130564497,2025-04-17,50000,Studio,Jabal Ali First
CNT2132024107,2025-07-27,76929,3,Abu Hail
CRT2130766376,2025-05-10,120000,3,Madinat Al Mataar
CRT2127803256,2025-01-17,52000,1,Al Barsha South Fourth
CNT2132446034,2025-08-27,42000,Studio,Al Hebiah Fourth
CNT2132002507,2025-08-07,42000,Studio,Al Barsha South Third
CNT2131692217,2025-07-05,165000,3,Al-Cornich
CNT2133513203,2025-11-17,16000,Office,Business Bay
CNT2131570804,2025-07-01,38000,Studio,Al Warqa First
CNT2128097840,2025-01-31,39999,1,Muhaisanah Fourth
CNT2133893937,2025-12-17,15000,Office,Business Bay
CNT2131262968,2025-06-21,89333,3,Mirdif
CNT2129818814,2025-02-18,15000,Office,Hor Al Anz
CNT2133514694,2025-10-20,63000,2,Nad Al Hamar
CNT2134286522,2026-01-10,101430,Shop,Naif
CNT2130300140,2025-03-29,62500,3,Al Qusais Industrial Fifth
CNT2133255875,2025-10-15,75000,2,Warsan Fourth
CNT2129908559,2025-02-24,20000,Office,Ras Al Khor Industrial Second
CRT2130789916,2025-05-06,50000,Studio,Al Merkadh
CNT2132327659,2025-08-20,40000,1,Al Murqabat
CNT2130803766,2025-04-29,85000,1,Nad Hessa
CRT2133705166,2025-10-11,24000,Studio,Hor Al Anz
CNT2131947307,2025-07-12,86999,3,Al Karama
CNT2132380559,2025-08-15,40800,Office,Al Mamzer
CRT2130078446,2025-02-01,100000,2,Al Barsha South Third
CRT2133868036,2025-12-15,105000,2,Al Hebiah Fourth
CNT2130227416,2025-03-20,15000,Office,Al Mararr
CNT2131864447,2025-07-30,65000,2,Al Nahda First
CNT2130128891,2025-03-09,48400,1,Mirdif
CRT2132735109,2025-09-22,73500,2,Al Yelayiss 2
CNT2131953379,2025-07-23,52270,1,Jabal Ali First
CRT2130273716,2025-03-25,115000,3,Mirdif
CNT2133526087,2026-01-10,95000,1,Al Khairan First
CNT2131797621,2025-04-05,38850,Studio,Al Karama
CNT2132359929,2025-09-30,30000,Studio,Al Suq Al Kabeer
CNT2127592554,2025-01-07,25000,Office,Port Saeed
CNT2131895855,2025-07-01,30613,Room in labor camp,Al Goze Industrial Second
CNT2130660505,2025-04-25,15000,Office,Business Bay
CNT2133750563,2025-12-08,75000,Shop with a mezzanine,Al Suq Al Kabeer
CNT2130896936,2025-05-13,15000,Office,Hor Al Anz
CNT2133874983,2026-01-01,32000,2,Muhaisanah Fourth
CNT2134234027,2026-01-14,15000,Office,Al Karama
CNT2133897027,2025-12-05,66125,1,Business Bay
CNT2131694753,2025-07-03,15000,Office,Port Saeed
CNT2132496724,2025-10-01,39600,Office,Al Dhagaya
CNT2131576062,2025-07-01,54500,2,Al Nahda Second
CNT2134164841,2025-03-01,43659,1,Dubai Investment Park First
CNT2126721369,2025-01-03,71500,1,Madinat Al Mataar
CNT2129048243,2025-01-25,29960,Studio,Al Twar Fifth
CNT2132587988,2025-04-01,85000,1,Business Bay
CNT2133451059,2025-12-01,33000,Studio,Al Nahda Second
CRT2130011156,2025-03-05,75000,1,Al Barsha South Fourth
CNT2133293327,2025-10-07,53500,1,Al Barsha First
CRT2130187686,2025-02-01,105000,1,Al Khairan First
CNT2130569351,2025-04-15,51000,1,Al Jadaf
CNT2130870441,2025-07-26,100070,3,Madinat Al Mataar
CNT2132518720,2025-09-15,46000,1,Al Suq Al Kabeer
CNT2132959859,2025-09-03,109320,Warehouse,Al Goze Industrial Fourth
CNT2130252677,2025-04-18,67760,2,Jabal Ali First
CNT2129195091,2025-01-20,43000,Office,Al Goze Third
CNT2132951327,2025-10-08,20000,Office,Saih Shuaib 2
CNT2130249609,2025-02-20,90000,Studio,Palm Jumeirah
CNT2131324787,2025-06-16,20000,Office,Al Muteena
CNT2132614516,2025-09-14,75000,1,Al Barsha South Fourth
CNT2134235147,2026-01-14,15000,Office,Al Murqabat
CRT2130980406,2025-03-13,26000,Studio,Al Warsan First
CNT2129127040,2025-02-23,48510,2,Al Karama
CNT2127372508,2025-01-10,36000,1,Al Barsha First
CNT2130362744,2025-03-26,90000,1,Al Dhagaya
CRT2133690956,2025-12-05,116000,2,Burj Khalifa
CNT2133653098,2025-11-27,17000,Office,Al Mararr
CNT2133880041,2025-12-16,30000,1,Jabal Ali Industrial First
CNT2133213737,2025-10-28,20000,Office,Trade Center First
CNT2130297471,2025-03-26,180000,3,Jabal Ali First
CNT2132672436,2025-09-11,30000,Studio,Al Barsha South Third
CNT2130405414,2025-04-07,15000,Office,Al Mararr
CNT2127995067,2025-01-14,35000,Office,Hor Al Anz East
CNT2130609410,2025-03-01,61000,2,Al Muteena
CNT2133560772,2025-11-12,75000,2,Hor Al Anz
CNT2133621913,2025-11-25,17000,Office,Al Baraha
CNT2133854249,2025-12-15,158700,4,Nad Hessa
CNT2130557188,2025-05-01,24000,Studio,Al Mararr
CNT2130507943,2025-04-07,57000,1,Jabal Ali First
CNT2127858374,2025-01-13,60000,1,Al Barsha First
CNT2129431897,2025-02-11,99750,2,Business Bay
CNT2131883433,2025-07-17,15000,Office,Al Mararr
CNT2132367045,2025-08-15,63800,3,Muhaisanah Fourth
CNT2127155413,2025-01-01,58400,1,Al Karama
CRT2133952996,2025-12-22,32000,Studio,Al Warsan First
CRT2134179866,2026-01-08,168000,2,Al Thanyah Fourth
CNT2129377722,2025-02-10,37000,Studio,Madinat Hind 4
CRT2131134620,2025-05-31,67000,1,Nad Hessa
CNT2132615762,2025-08-14,80051,Studio,Nad Hessa
CNT2131076466,2025-05-27,11000,Office,Mankhool
CRT2134178816,2026-01-12,78000,Hotel,Madinat Hind 4
CNT2133718124,2025-12-04,20000,Office,Port Saeed
CNT2133451043,2025-10-05,100000,3,Mankhool
CNT2131981025,2025-09-01,47000,1,Al Suq Al Kabeer
CNT2130415709,2025-04-08,20000,Office,Hor Al Anz
CNT2130031027,2025-03-05,15000,Office,Al Khabeesi
CNT2132143145,2025-08-06,15000,Office,Al Muteena
CNT2132675025,2025-11-12,52500,2,Al Nahda Second
CRT2132120586,2025-07-20,73000,1,Al Merkadh
CNT2129255489,2025-02-01,88150,2,Al Jadaf
CNT2133180082,2025-11-01,44500,1,Al Nahda First
CNT2133155802,2025-10-01,142000,3,Nad Hessa
CNT2130119725,2025-03-05,54000,1,Al Murqabat
CNT2133334072,2025-11-10,22000,Studio,Naif
CNT2129910865,2025-02-24,15000,Office,Al Baraha
CNT2133932545,2025-12-04,46800,1,Warsan Fourth
CNT2129366258,2025-01-01,150000,Shop,Al Warsan Third
CRT2132065856,2025-08-01,72000,2,Mirdif
CNT2132993421,2025-11-01,80000,2,Al Qusais
CNT2130362655,2025-04-14,89250,Shop,Al Suq Al Kabeer
CNT2130201314,2025-03-18,44665,2,Al Raffa
CNT2128503717,2025-02-09,85999,2,Al Barsha First
CNT2130275367,2025-02-15,140000,Warehouse,Ras Al Khor Industrial First
CNT2133298128,2025-11-03,20000,Office,Al Murqabat
CRT2130897886,2025-03-01,50000,1,Nad Hessa
CRT2133750066,2025-12-01,60000,Shop,Naif
CNT2131084844,2025-04-01,39000,Shop,Naif
CNT2132534082,2025-09-06,67000,Studio,Jabal Ali First
CNT2130625054,2025-04-23,15000,Office,Al Khabeesi
CNT2128318357,2025-01-21,15000,Office,Dubai Investment Park First
CNT2132718269,2025-09-21,20000,Office,Dubai Investment Park First
CNT2133600443,2025-10-25,80000,1,Al Bada
CNT2132552420,2025-09-09,20000,Office,Ras Al Khor Industrial Second
CNT2130317261,2025-03-27,70000,1,Al Barsha South Fourth
CNT2134008429,2026-01-01,52500,2,Al Nahda Second
CNT2127981223,2025-01-01,69828,Shop,Naif
CNT2129686330,2025-02-17,23100,Studio,Al Baraha
CNT2133223407,2025-10-20,130000,3,Mirdif
CNT2131831092,2025-07-14,15000,Office,Saih Shuaib 2
CNT2128101383,2025-01-16,44100,Office,Al Thanyah First
CNT2132875352,2025-09-19,80000,2,Al Hebiah Fourth
CRT2133972996,2025-12-15,30000,1,Muhaisanah First
CNT2129261463,2025-02-07,15000,Office,Hor Al Anz
CNT2133814082,2025-12-22,24200,Studio,Al Warsan First
CNT2134253004,2026-01-10,24000,Office,Al Garhoud
CRT2133515576,2025-11-08,100000,2,Mirdif
CNT2129937211,2025-02-15,60000,Shop with a mezzanine,Al Warsan Third
CRT2129908816,2025-03-01,55000,1,Al Hebiah Fourth
CNT2133001502,2025-10-13,15000,Office,Business Bay
CNT2132615608,2025-03-01,30000,Studio,Al Satwa
CNT2133154455,2025-10-20,42000,1,Al Warsan First
CNT2130116429,2025-03-01,40000,Office,Al Karama
CNT2131583097,2025-07-01,100000,3,Madinat Hind 4
CNT2133095892,2025-10-20,10000,Office,Port Saeed
CRT2134021236,2025-12-30,69876,2,Jabal Ali First
CNT2128824499,2025-02-01,186368,Shop,Trade Center Second
CNT2132878980,2025-10-02,17000,Office,Al Mararr
CNT2131108142,2025-06-01,85000,1,Al Merkadh
CNT2130571514,2025-04-18,20000,Office,Al Khabeesi
CNT2130972229,2025-05-01,95000,Showroom,Mankhool
CNT2131545534,2025-06-26,10000,Office,Al Baraha
CNT2129267221,2025-02-08,15000,Office,Hor Al Anz
CNT2127684619,2025-01-01,42000,2,Naif
CNT2128970028,2025-02-03,20000,Office,Business Bay
CNT2132407721,2025-08-20,54810,2,Al Warsan First
CNT2133690971,2025-11-01,105327,Shop,Al Barsha First
CRT2132773655,2025-09-23,157500,2,Burj Khalifa
CNT2133699568,2026-01-20,72600,2,Mankhool
CNT2133834458,2025-11-20,60000,2,Al Warqa First
CNT2133809218,2025-12-04,115000,3,Madinat Hind 4
CNT2131086958,2025-05-30,95000,2,Mankhool
CNT2132535158,2025-09-15,42000,Studio,Al Hebiah Fourth
CNT2133061839,2025-10-16,19000,Office,Al Garhoud
CNT2134238670,2026-01-14,55000,2,Al Ttay
CRT2133470746,2025-11-12,90000,1,Marsa Dubai
CNT2132391459,2025-08-26,65000,1,Jabal Ali Industrial Second
CNT2130600827,2025-05-10,70000,3,Hor Al Anz
CNT2127746850,2025-01-01,49000,1,Mankhool
CNT2133840596,2025-12-15,80000,1,Al Thanyah Third
CNT2132031434,2025-07-29,10000,Office,Al Mararr
CNT2134221830,2025-12-27,83303,2,Al Warqa First
CNT2131757936,2025-07-01,57750,2,Al Nahda First
CNT2134219251,2026-01-01,38500,2,Al Twar First
CNT2128431251,2025-01-02,62000,1,Al Barsha South Fourth
CNT2129125803,2025-02-05,15000,Office,Dubai Investment Park First
CNT2133153683,2025-11-11,110000,Shop,Naif
CNT2131534100,2025-06-26,42090,Shop,Al Warsan First
CNT2128733118,2025-04-12,104738,3,Al Thanyah First
CNT2132009800,2025-08-01,20000,Office,Al Mararr
CRT2131363536,2025-06-18,35000,1,Abu Hail
CNT2130636487,2025-04-10,43000,Studio,Warsan Fourth
CRT2130759666,2025-05-05,150000,2,Business Bay
CNT2132862988,2025-10-04,39500,1,Al Qusais Industrial Fifth
CNT2129964007,2025-04-02,55100,2,Al Warqa First
CNT2133004876,2025-11-15,120000,2,Business Bay
CNT2132680608,2025-10-27,60900,1,Jabal Ali First
CNT2131493456,2025-09-15,24200,Studio,Al Warsan First
CNT2130150073,2025-03-13,17000,Office,Al Goze First
CNT2134142428,2026-01-03,69999,2,Al Rega
CNT2129649590,2025-02-17,48000,1,Muhaisanah Fourth
CNT2132220894,2025-08-05,48510,1,Dubai Investment Park Second
CRT2133964766,2026-01-05,120000,2,Al Barsha South Third
CNT2134330104,2026-01-20,20000,Office,Dubai Investment Park First
CNT2134036657,2025-12-20,46000,Hotel,Jabal Ali First
CNT2133979142,2026-02-01,49912,Studio,Naif
CRT2130398716,2025-04-01,152250,2,Marsa Dubai
CRT2133008346,2025-10-20,82000,1,Al Barsha South Fourth
CNT2132734731,2025-10-01,65000,1,Mankhool
CRT2132493696,2025-02-25,80000,1,Al Barsha South Fourth
CNT2134297693,2026-01-20,67000,2,Al Nahda First
CNT2130005934,2025-03-03,15000,Office,Hor Al Anz
CNT2130953321,2025-05-01,38000,1,Al Warqa First
CNT2132035730,2025-07-29,75000,Office,Trade Center Second
CNT2133658054,2025-11-19,50578,1,Jabal Ali First
CNT2134108705,2026-01-10,56700,2,Al Goze Industrial Second
CNT2131163485,2025-06-05,50000,Shop,Al Warsan First
CNT2132325441,2025-08-07,26500,Studio,Al Warsan First
CNT2132043706,2025-07-30,15000,Office,Um Hurair Second
CNT2134205274,2026-02-20,50000,1,Nad Al Hamar
CNT2127678140,2025-01-09,25000,Office,Port Saeed
CNT2133340357,2025-12-04,51240,1,Al Barsha South Third
CRT2131101766,2025-01-25,30000,Studio,Naif
CNT2132613384,2025-09-12,15000,Office,Al Goze Third
CNT2133484652,2025-10-30,43831,1,Mirdif
CNT2129973651,2025-02-10,39386,Studio,Al Barsha South Third
CNT2132373203,2025-09-10,110000,2,Al Barsha South Third
CRT2132416495,2025-09-01,132000,2,Al Barsha South Fourth
CNT2130681686,2025-04-28,13000,Office,Mankhool
CNT2129991546,2025-01-15,32000,Studio,Al Karama
CNT2131225276,2025-06-05,110000,3,Madinat Hind 4
CNT2131857637,2025-07-22,40000,1,Al Qusais Industrial Fourth
CNT2133250059,2025-10-30,46000,Office,Rega Al Buteen
CNT2132710529,2025-10-10,70000,2,Al Murqabat
CNT2130009254,2025-02-01,65000,Shop,Eyal Nasser
CNT2128131492,2025-01-01,60000,Office,Al Barsha First
CNT2130052618,2025-03-06,6667,Office,Business Bay
CNT2130140703,2025-03-13,16000,Office,Al Goze First
CNT2134276047,2026-01-16,15000,Office,Al Mizhar First
CNT2131889087,2025-08-18,70999,2,Trade Center First
CRT2133495666,2025-11-20,57000,1,Al Hebiah Fourth
CNT2131960237,2025-06-27,80096,1,Business Bay
CNT2129934866,2025-05-05,93000,3,Mirdif
CRT2133060756,2025-10-24,120000,1,Marsa Dubai
CNT2131688874,2025-07-03,15000,Office,Trade Center Second
CNT2134155352,2026-01-08,15000,Office,Business Bay
CNT2132334543,2025-08-21,15000,Office,Hor Al Anz
CNT2133493896,2026-01-01,67000,Shop,Al Mararr
CNT2132470923,2025-05-01,85000,Shop,Jumeirah First
CNT2133851083,2025-12-15,45000,1,Warsan Fourth
CNT2132592842,2025-09-07,29222,Studio,Dubai Investment Park Second
CNT2128537896,2025-03-20,84000,1,Trade Center Second
CNT2133648433,2025-11-27,15000,Office,Al Khabeesi
CNT2129823350,2025-02-12,66000,1,Port Saeed
CNT2130670206,2025-07-18,92405,2,Al Garhoud
CNT2130106375,2025-04-02,86760,2,Mirdif
CNT2133752432,2025-12-06,24000,Office,Al Mizhar First
CNT2128940756,2025-01-20,42000,1,Al Twar Fifth
CRT2131151806,2025-06-15,67500,1,Al Barsha South Fourth
CNT2133802708,2025-12-04,58000,Studio,Al Thanyah Fifth
CNT2127877661,2025-01-14,56000,1,Nad Hessa
CNT2129443234,2025-02-11,15000,Office,Al Barsha First
CNT2132825182,2025-08-01,38000,Studio,Al Mararr
CRT2127947396,2025-02-01,65000,Office,Business Bay
CNT2131259379,2025-08-21,109560,Office,Burj Khalifa
CNT2134185702,2025-12-12,78000,1,Mankhool
CNT2132629329,2025-09-15,66000,1,Al Barsha South Fourth
CNT2133056414,2025-10-29,65000,1,Al Barsha South Fourth
CNT2133978608,2025-12-05,30000,Studio,Al Warsan First
CNT2129904931,2025-03-18,50000,Office,Al Ras
CNT2133471688,2025-06-01,25025,Shop,Um Hurair Second
CNT2133820646,2025-12-11,20000,Office,Dubai Investment Park First
CNT2131328408,2025-07-01,50000,Shop,Cornich Deira
CNT2134092701,2026-01-05,17000,Office,Al Mararr
CNT2130397258,2025-04-04,85000,2,Jabal Ali First
CNT2131908888,2025-06-02,39000,Studio,Nad Hessa
CNT2133772356,2025-12-08,20000,Office,Dubai Investment Park First
CNT2131848806,2025-07-21,54000,Shop,Nad Al Shiba Third
CNT2128516192,2025-01-01,50600,2,Al Nahda Second
CNT2129837281,2025-02-19,15000,Office,Al Khabeesi
CNT2129577851,2025-02-13,12000,Office,Al Mizhar First
CNT2129377009,2025-02-11,29000,Studio,Al Warsan First
CNT2128571772,2025-01-28,15000,Office,Al Baraha
CNT2132585704,2025-08-25,21500,Room in labor camp,Al Goze Third
CNT2130349804,2025-02-15,68500,2,Al Mararr
CNT2131190912,2025-05-29,71663,2,Al Murqabat
CNT2134312370,2026-01-01,80000,Shop with a mezzanine,Naif
CNT2132241497,2025-08-15,50000,Studio,Jabal Ali First
CNT2132725440,2025-09-16,55000,Office,Al Hebiah First
CNT2132358451,2025-03-10,25200,Office,Al Baraha
CNT2133108581,2025-10-21,15000,Office,Business Bay
CNT2131288266,2025-06-12,15000,Office,Business Bay
CNT2131689881,2025-08-01,56700,2,Al Goze Industrial Second
CNT2129911014,2025-03-08,34500,Studio,Jabal Ali Industrial First
CRT2133676226,2025-07-01,72000,2,Al Nahda Second
CNT2127595197,2025-01-07,20000,Office,Port Saeed
CNT2134239353,2025-02-21,51999,1,Jabal Ali First
CRT2133057386,2025-10-10,45000,Studio,Al Hebiah Fourth
CRT2131955796,2025-04-01,56870,3,Madinat Hind 4
CNT2134256909,2026-02-19,38500,1,Al Warsan First
CNT2131527068,2025-07-01,63000,2,Al Warsan First
CNT2131920949,2025-09-23,60000,2,Al Goze Industrial Second
CNT2129458230,2025-02-20,27000,Studio,Al Mararr
CNT2134184537,2025-12-20,51000,1,Um Hurair First
CNT2128134677,2025-01-28,74999,2,Naif
CNT2131757608,2025-07-01,39000,Office,Al Karama
CNT2133846615,2026-01-01,45000,1,Al Nahda Second
CNT2133422269,2025-10-30,53500,1,Warsan Fourth
CNT2131776350,2025-07-09,10000,Office,Abu Hail
CNT2132133717,2025-07-25,61300,2,Nad Hessa
CNT2130878379,2025-05-20,104000,1,Al Barsha First
CNT2133203916,2025-10-20,36900,1,Warsan Fourth
CNT2133159287,2025-09-10,52500,1,Jabal Ali First
CNT2132309772,2025-09-20,74000,1,Madinat Al Mataar
CNT2134207053,2026-01-16,45000,Studio,Me'Aisem First
CNT2130961927,2025-04-15,35000,Studio,Al Suq Al Kabeer
CNT2129874017,2025-02-06,95550,Office,Trade Center First
CNT2132537224,2025-09-08,15000,Office,Al Mararr
CNT2126688649,2025-01-01,24000,1,Al Qusais
CNT2130775307,2025-05-05,20000,Office,Al Khabeesi
CRT2132550166,2025-09-10,110000,3,Madinat Al Mataar
CNT2130520130,2025-04-15,73500,1,Marsa Dubai
CNT2131128009,2025-06-05,45000,Studio,Mankhool
CNT2131316881,2025-06-16,72000,1,Al Barsha South Fourth
CNT2131073815,2025-06-05,160000,Shop,Hor Al Anz East
CNT2132266051,2025-08-20,70000,Studio,Burj Khalifa
CNT2131955147,2025-04-22,125000,4,Hor Al Anz East
CNT2131863545,2025-07-16,17000,Office,Muhaisanah Fourth
CNT2134254478,2026-01-15,20000,Office,Business Bay
CNT2131057031,2025-05-26,15000,Office,Hor Al Anz
CNT2133303778,2025-11-05,32000,Studio,Al Warsan First
CNT2131252389,2025-07-06,69300,2,Jabal Ali First
CNT2132352136,2025-09-05,58331,1,Al Garhoud
CNT2132802838,2025-08-24,29000,Studio,Al Warsan First
CRT2133973106,2026-01-03,21000,Studio,Al Warsan First
CNT2131658284,2025-06-20,140000,4,Mirdif
CNT2131777770,2025-06-25,43000,Studio,Al Barsha South Fourth
CRT2131169966,2025-06-01,38000,Studio,Me'Aisem First
CNT2130190599,2025-04-16,87339,3,Al Karama
CNT2130891464,2025-05-13,20000,Office,Dubai Investment Park First
CRT2132409306,2025-07-05,75000,2,Al Nahda First
CNT2133434231,2025-11-11,51818,1,Mirdif
CRT2128463336,2025-01-01,100000,Office,Business Bay
CNT2133986257,2026-01-01,84000,3,Mirdif
CNT2130596084,2025-02-20,80000,2,Mankhool
CNT2134135955,2026-01-07,17000,Office,Al Mararr
CRT2128967226,2025-02-01,25000,Office,Naif
CRT2132714856,2025-09-13,124654,1,Marsa Dubai
CNT2132927480,2025-10-07,18000,Office,Al Mararr
CNT2128730430,2025-03-05,45000,2,Al Qusais
CNT2133340018,2025-11-05,20000,Office,Al Murqabat
CNT2132632088,2025-09-15,15000,Office,Al Mararr
CNT2131356955,2025-06-05,29000,Studio,Al Warsan First
CNT2134140429,2026-01-15,75000,2,Al Raffa
CNT2132407007,2025-09-01,38000,Studio,Dubai Investment Park Second
CNT2131673436,2025-07-15,80000,3,Trade Center Second
CNT2130068661,2025-02-10,29000,Studio,Naif
CNT2131751167,2025-07-14,110000,3,Abu Hail
CNT2129941657,2025-03-01,47000,Studio,Nad Hessa
CNT2130928217,2025-06-01,50820,2,Al Nahda Second
CNT2131759372,2025-07-08,15000,Office,Abu Hail
CNT2130510592,2025-04-01,22050,Studio,Hor Al Anz
CNT2133737583,2025-12-05,15000,Office,Al Barsha First
CNT2134296081,2026-02-01,39600,Labor camp,Al Goze Industrial Third
CRT2132149619,2025-08-15,92400,2,Hadaeq Sheikh Mohammed Bin Rashid
CNT2131108857,2025-06-04,53000,1,Ras Al Khor Industrial Third
CRT2130483946,2025-04-01,72000,2,Marsa Dubai
CNT2132113399,2025-08-04,22000,Office,Naif
CNT2133540573,2025-11-15,78000,3,Al Qusais
CNT2133879835,2025-12-16,70000,1,Me'Aisem First
CNT2133488906,2025-11-14,16000,Office,Business Bay
CNT2131708633,2025-07-05,170000,3,Madinat Al Mataar
CNT2132663529,2025-09-20,55000,Studio,Al Barsha South Third
CNT2131953210,2025-07-24,16000,Office,Al Karama
CNT2133494243,2026-01-12,60000,2,Al Goze Industrial Second
CNT2134126272,2026-01-17,56000,2,Al Warsan First
CNT2130412978,2025-04-01,95000,1,Al Bada
CNT2126611709,2025-01-01,32000,2,Muhaisanah Fourth
CNT2127780019,2025-02-02,89780,1,Trade Center First
CRT2130722996,2025-05-10,45000,Studio,Madinat Al Mataar
CNT2132405350,2025-08-27,15000,Office,Saih Shuaib 3
CRT2133849016,2025-12-15,150000,4,Madinat Hind 4
CNT2133578326,2025-11-22,36225,2,Muhaisanah Fourth
CNT2131783219,2025-08-26,26000,1,Al Goze Fourth
CNT2129855451,2025-05-10,56600,2,Wadi Al Safa 3
CRT2133524396,2025-11-01,79695,1,Marsa Dubai
CNT2129844440,2025-02-19,15000,Office,Al Murqabat
CNT2132236834,2025-08-13,20000,Office,Dubai Investment Park Second
CNT2132929163,2025-10-20,84000,1,Wadi Al Safa 5
CNT2134171203,2026-01-29,37000,Studio,Al Goze Industrial Second
CRT2133295176,2025-11-15,71000,1,Al Barsha South Fourth
CNT2128805011,2025-01-01,44100,2,Al Qusais Industrial Fifth
CNT2133240575,2025-10-29,10000,3,Al Thanyah Fourth
CNT2133727630,2025-12-04,15000,Office,Al Murqabat
CNT2130264711,2025-01-16,56000,2,Al Nahda First
CRT2130498456,2025-05-04,73700,1,Al Thanyah Fifth
CNT2133081109,2025-10-18,20000,Office,Jabal Ali Industrial First
CNT2133980382,2026-01-01,105000,2,Al Barsha First
CNT2132686088,2025-09-18,48000,Studio,Al Merkadh
CNT2132522990,2025-08-31,48000,1,Ras Al Khor Industrial Third
CNT2134135906,2026-01-01,41000,1,Al Qusais
CNT2133340038,2025-11-05,19000,Office,Al Mararr
CNT2132194830,2025-08-11,15000,Office,Saih Shuaib 3
CNT2129900272,2025-02-24,15000,Office,Hor Al Anz
CNT2131989847,2025-07-29,70000,1,Jumeirah First
CNT2130532244,2025-01-01,88935,3,Al Murqabat
CNT2133735123,2025-12-05,32000,Office,Trade Center First
CNT2133463512,2025-11-05,67000,1,Jabal Ali First
CNT2130091716,2025-02-25,45000,1,Mankhool
CNT2132618134,2025-09-13,15000,Office,Burj Khalifa
CNT2131697638,2025-07-03,15000,Office,Naif
CRT2128124716,2025-02-02,42000,Studio,Al Jadaf
CNT2132050597,2025-08-06,64999,1,Jabal Ali First
CNT2130153415,2025-03-10,89333,1,Al Thanyah Third
CNT2132101253,2025-08-01,62000,Office,Business Bay
CRT2133842206,2025-12-01,53000,1,Hessyan First
CNT2132350567,2025-08-22,27000,2,Hor Al Anz
CNT2132036331,2025-07-25,90000,Office,Al Qusais Industrial First
CNT2127973167,2025-01-20,60000,2,Al Goze Industrial Second
CNT2132491716,2025-09-15,36000,Studio,Al Qusais Industrial First
CNT2132129081,2025-08-01,79435,1,Al-Cornich
CNT2129976170,2025-03-02,85613,Shop,Al Rashidiya
CRT2130423086,2025-03-05,90000,3,Madinat Hind 4
CNT2132718617,2025-10-01,25000,Studio,Al Mararr
CNT2127773959,2025-01-01,96500,Shop with a mezzanine,Al Buteen
CNT2129974067,2025-02-10,30000,Studio,Al Suq Al Kabeer
CNT2131687647,2025-07-03,15000,Office,Al Suq Al Kabeer
CRT2131322726,2025-06-15,75000,1,Al Hebiah Second
CNT2131170605,2025-06-15,51000,1,Me'Aisem First
CNT2131163988,2025-09-18,149650,Office,Al Goze Industrial Third
CNT2129723966,2025-02-15,20000,Office,Ras Al Khor Industrial Second
CRT2132646346,2025-09-09,90000,Shop,Al Thanyah Fifth
CNT2127799119,2025-01-02,48279,2,Ras Al Khor Industrial Third
CNT2130562417,2025-04-18,15000,Office,Al Barsha First
CRT2132722046,2025-08-11,44000,Shop,Al Warsan First
CRT2129366316,2025-02-09,90000,1,Al Khairan First
CNT2131211877,2025-06-01,150000,4,Rega Al Buteen
CNT2133496191,2025-11-14,24000,1,Hor Al Anz
CRT2130005280,2025-02-09,100000,1,Al Khairan First
CNT2134258213,2026-01-23,32000,Shop,Al Karama
CRT2125793368,2025-01-25,130000,1,Hadaeq Sheikh Mohammed Bin Rashid
CNT2133874319,2025-11-25,38500,2,Muhaisanah Fourth
CNT2126477346,2025-01-01,24000,1,Muhaisanah Fourth
CNT2131581471,2025-06-10,49991,1,Al Barsha South Third
CNT2133462361,2025-11-10,100000,Shop,Oud Metha
CNT2132469042,2025-09-03,90000,2,Al Hamriya
CRT2130647866,2025-04-28,115000,1,Zaabeel Second
CNT2126411590,2025-01-01,164306,Shop,Al Rashidiya
CNT2130343477,2025-03-22,50000,1,Muhaisanah Fourth
CNT2129843987,2025-02-19,17000,Office,Saih Shuaib 2
CNT2133077493,2025-03-05,30000,1,Me'Aisem First
CNT2131861143,2025-07-01,35000,1,Al Hamriya
CNT2131032512,2025-05-11,85000,2,Al Raffa
CRT2133442316,2025-11-15,50000,1,Wadi Al Safa 2
CNT2129885499,2025-02-22,15000,Office,Hor Al Anz
CNT2130194245,2025-03-18,15000,Office,Al Khabeesi
CNT2134201353,2025-12-12,27200,Studio,Al Warsan First
CNT2131415785,2025-08-01,82000,1,Al Bada
CNT2129913096,2025-02-25,78750,2,Al Thanyah First
CNT2128958893,2025-02-03,20000,Office,Port Saeed
CNT2132021904,2025-07-28,20000,Office,Business Bay
CNT2133249799,2025-10-30,15000,Office,Abu Hail
CNT2133666380,2025-12-15,120000,2,Business Bay
CNT2131772717,2025-02-19,95000,Warehouse,Ras Al Khor Industrial Second
CNT2130810339,2025-05-06,85000,Studio,Business Bay
CNT2133620832,2025-11-27,34000,Studio,Al Warsan First
CRT2129117286,2025-03-01,36000,Studio,Jabal Ali First
CNT2130187088,2025-03-17,15000,Office,Hor Al Anz
CNT2134329791,2026-02-14,98700,2,Al Barsha First
CNT2131259511,2025-06-01,24000,Studio,Al Suq Al Kabeer
CNT2133753464,2025-12-01,30000,Office,Al Khabeesi
CNT2133439999,2025-10-25,62700,2,Al Twar Fifth
CNT2131379911,2025-03-03,185955,3,Wadi Al Safa 5
CNT2125886848,2025-01-10,71000,1,Al Barsha South Fourth
CNT2132791674,2025-09-28,70000,2,Al Warqa First
CRT2132747816,2025-07-25,35000,Studio,Madinat Al Mataar
CNT2134022520,2026-01-01,87725,Shop,Al Barsha South Fourth
CNT2125455304,2025-01-01,56500,1,Al Karama
CNT2131694685,2025-07-03,15000,Office,Al Khabeesi
CNT2133769604,2025-10-29,69300,2,Mirdif
CNT2133283369,2025-11-01,59000,1,Al Nahda Second
CNT2132747094,2025-09-10,45000,2,Oud Metha
CNT2129999471,2025-03-03,20000,Office,Port Saeed
CNT2132234236,2025-08-13,22000,Office,Port Saeed
CNT2129773671,2025-02-17,15000,Office,Al Khabeesi
CNT2129816828,2025-03-01,133000,4,Nad Al Hamar
CNT2132083296,2025-08-01,10000,Office,Al Barsha First
CNT2132730565,2025-09-25,50000,1,Warsan Fourth
CNT2132825238,2025-09-22,65100,1,Madinat Dubai Almelaheyah
CNT2133329041,2025-11-06,73500,3,Nad Al Hamar
CNT2131766408,2025-07-15,40000,Studio,Wadi Al Safa 5
CNT2131569845,2025-06-30,20000,Office,Dubai Investment Park First
CNT2127779554,2025-01-10,28500,Office,Al Twar Fifth
CNT2134276512,2026-01-15,95000,2,Al Nahda First
CNT2133153993,2025-08-17,38500,Shop,Muhaisanah Third
CNT2131509581,2025-06-24,15000,Office,Al Khabeesi
CNT2132266911,2025-09-01,165000,Shop,Hor Al Anz East
CNT2130984454,2025-05-20,15000,Office,Hor Al Anz
CNT2130744377,2025-03-18,71852,Labor camp,Al Goze Industrial Fourth
CNT2132805791,2025-09-17,42000,Room in labor camp,Muhaisanah Second
CNT2133255713,2025-10-19,55000,1,Jabal Ali First
CNT2131877402,2025-06-25,80000,2,Port Saeed
CNT2133786085,2025-11-07,84000,2,Al Barsha South Fourth
CNT2132329835,2025-08-01,36381,Studio,Jabal Ali First
CNT2133073218,2025-10-10,58212,1,Al Barsha South Fourth
CNT2131367273,2025-06-16,31000,Studio,Al Mararr
CNT2132650013,2025-08-24,114975,2,Trade Center First
CNT2129050531,2025-02-01,95000,2,Al Barsha South Third
CNT2133146422,2025-10-29,157999,2,Al Wasl
CRT2132123936,2025-07-05,43050,1,Wadi Al Safa 5
CRT2133626866,2025-12-01,134000,2,Marsa Dubai
CNT2132106565,2025-09-20,39050,1,Al Goze Industrial Second
CRT2131343326,2025-06-01,135000,2,Al Thanyah Fifth
CNT2132134217,2025-08-15,110000,1,Business Bay
CNT2134124615,2026-01-07,18000,Office,Naif
CNT2132945901,2025-10-08,18000,Office,Al Mararr
CNT2132206921,2025-08-12,35000,Office,Al Mararr
CNT2130634227,2025-04-10,100000,Warehouse,Al Khabeesi
CNT2131796017,2025-07-17,72999,2,Al Rega
CRT2134208043,2025-09-02,185000,Hotel,Burj Khalifa
CNT2132127328,2025-06-27,25000,Studio,Al Warsan First
CNT2133038291,2025-10-15,20000,Office,Al Raffa
CNT2134236805,2026-02-25,85000,1,Al Bada
CNT2130102284,2025-03-18,55440,2,Al Warqa First
CNT2128966603,2025-02-10,46000,1,Al Warsan First
CNT2133831497,2025-08-26,32000,Studio,Al Warsan First
CNT2128804169,2025-03-05,45805,Office,Al Thanyah Fifth
CNT2130392438,2025-04-06,21000,Office,Port Saeed
CNT2133825565,2026-01-04,89196,3,Jabal Ali First
CNT2130958217,2025-05-20,20000,Studio,Al Hebiah Fourth
CNT2134076583,2025-12-01,45000,Shop,Al Karama
CNT2134007913,2026-01-06,60000,2,Al Qusais Industrial Second
CNT2134204884,2026-01-12,17000,Office,Al Mararr
CNT2133609171,2025-11-26,110000,2,Oud Metha
CNT2132901687,2025-10-02,140000,2,Business Bay
CRT2131250196,2025-06-10,84000,4,Madinat Hind 4
CRT2132490016,2025-09-01,63000,2,Al Muteena
CNT2128116921,2025-01-23,55125,2,Al Goze Fourth
CNT2131705320,2025-08-10,69000,Office,Al Garhoud
CRT2130837886,2025-05-15,56000,1,Me'Aisem First
CNT2128437509,2025-02-20,40500,1,Al Qusais Industrial Fifth
CNT2131655405,2025-07-01,15000,Office,Saih Shuaib 2
CNT2130764184,2025-02-26,30000,1,Al Warsan First
CNT2129046754,2025-02-07,60000,2,Al Goze Industrial Second
CNT2131865731,2025-08-01,40000,Studio,Al Muteena
CNT2130525020,2025-04-10,50000,1,Wadi Al Safa 5
CNT2130348014,2025-04-02,35000,Office,Port Saeed
CNT2127936420,2025-01-01,70350,1,Al Thanyah First
CNT2133195077,2025-10-24,62000,2,Al Goze Industrial Second
CRT2130269826,2025-03-17,150000,2,Al Khairan First
CNT2133952389,2026-01-01,60000,Shop,Hor Al Anz
CNT2128932291,2025-02-02,78000,1,Oud Metha
CNT2133234487,2025-10-29,144000,Room in labor camp,Jabal Ali Industrial First
CNT2131240887,2025-06-11,56999,2,Ras Al Khor Industrial Third
CNT2131193845,2025-06-03,15000,Office,Al Baraha
CNT2131404063,2025-06-20,15000,Office,Al Muteena
CNT2129818109,2025-02-05,81000,1,Hadaeq Sheikh Mohammed Bin Rashid
CNT2132999701,2025-10-13,53000,1,Nad Hessa
CRT2129256956,2025-01-23,94500,1,Al Thanyah Third
CNT2132698004,2025-09-25,51000,1,Warsan Fourth
CNT2133471268,2025-11-05,66000,2,Al Suq Al Kabeer
CNT2131506936,2025-06-24,20000,Office,Port Saeed
CRT2132354736,2025-08-14,108000,2,Al Merkadh
CNT2130802629,2025-05-10,64000,1,Al Barsha South Fourth
CNT2132147196,2025-08-06,15000,Office,Port Saeed
CNT2129829421,2025-02-24,46000,Office,Ras Al Khor Industrial Third
CNT2134142290,2026-01-08,15000,Office,Al Suq Al Kabeer
CRT2133558716,2025-11-21,100000,1,Al Merkadh
CNT2133805375,2025-12-21,37722,Shop,Al Warsan First
CRT2132045776,2025-06-27,135000,Studio,Palm Jumeirah
CNT2133282111,2025-12-22,76000,1,Al Hebiah Second
CNT2133826912,2025-11-14,48000,1,Al Warqa First
CNT2129823749,2025-02-18,15000,Office,Al Goze Industrial First
CNT2128079414,2025-01-01,29000,Studio,Al Karama
CNT2133223047,2025-12-07,80000,2,Oud Metha
CNT2133576969,2025-08-12,88000,2,Al Satwa
CNT2130412781,2025-04-08,20000,Office,Hor Al Anz
CNT2133311302,2025-10-11,57000,1,Mirdif
CNT2133471127,2026-01-01,52500,Shop,Al Aweer First
CNT2130761521,2025-04-20,180000,5,Al Bada
CNT2131802423,2025-07-11,15000,Office,Al Khabeesi
CNT2132583158,2025-09-03,170458,4,Jabal Ali First
CRT2132480406,2025-09-08,66000,1,Al Barsha South Fourth
CRT2129450046,2025-03-10,46000,1,Al Mararr
CNT2122578712,2025-07-20,125211,Office,Rega Al Buteen
CRT2129859336,2025-02-21,175000,4,Al Yelayiss 2
CNT2128493720,2025-01-25,95712,3,Jabal Ali First
CNT2131993605,2025-07-25,16000,Office,Um Hurair Second
CNT2130150089,2025-03-01,55000,1,Al Saffa First
CNT2127914039,2025-01-13,15000,Office,Ras Al Khor Industrial Second
CNT2128121101,2025-01-01,62400,Room in labor camp,Al Goze Third
CNT2131026097,2025-05-23,131244,Office,Al Safouh Second
CRT2132285726,2025-08-18,39000,Studio,Wadi Al Safa 5
CNT2131313751,2025-05-25,52800,2,Al Warqa First
CNT2133059602,2025-10-16,55000,Shop,Al Mararr
CNT2131746931,2025-07-08,17000,Office,Business Bay
CNT2132568926,2025-09-14,94000,2,Madinat Al Mataar
CNT2133215884,2025-10-28,15000,Office,Al Goze Industrial First
CNT2133058206,2025-10-08,96060,Office,Port Saeed
CNT2133234948,2025-11-01,170000,2,Al Thanyah Third
CNT2133132334,2025-10-24,68500,2,Ras Al Khor Industrial Third
CNT2131773920,2025-07-08,56000,2,Al Nahda Second
CNT2130561587,2025-02-14,36000,Shop,Al Goze First
CNT2130813721,2025-04-25,94000,2,Al Murqabat
CRT2130465876,2025-01-05,28665,Studio,Madinat Hind 4
CNT2127880894,2025-01-01,46450,2,Naif
CNT2133400563,2025-10-29,51545,1,Al Hebiah Fourth
CNT2130363902,2025-04-05,80000,2,Al Nahda Second
CNT2132299059,2025-09-01,45000,2,Al Nahda Second
CNT2127867044,2025-01-20,61000,1,Al Barsha First
CNT2131956039,2025-07-23,15000,Office,Business Bay
CNT2132200366,2025-08-11,17000,Office,Business Bay
CNT2127973971,2025-01-01,45000,Office,Um Ramool
CNT2133903403,2025-12-01,49500,2,Al Nahda Second
CNT2128119019,2025-01-17,15000,Office,Naif
CNT2130653610,2025-04-25,15000,Office,Al Muteena
CNT2129825354,2025-02-24,128492,Office,Um Hurair Second
CNT2131828325,2025-05-01,86400,1,Business Bay
CNT2133702224,2025-12-15,120000,7,Hor Al Anz
CNT2132876964,2025-10-01,28000,Studio,Hor Al Anz
CNT2126637868,2025-01-01,110250,2,Wadi Al Safa 5
CNT2132415646,2025-08-19,47250,1,Warsan Fourth
CRT2132161056,2025-08-10,140000,1,Marsa Dubai
CNT2130913521,2025-04-27,55000,1,Mankhool
CNT2130744178,2025-05-01,20000,Office,Al Khabeesi
CNT2127567504,2025-01-07,15000,Office,Trade Center Second
CNT2124940055,2025-01-01,85000,1,Trade Center First
CNT2133788406,2025-12-09,15000,Office,Al Barsha First
CRT2130748618,2025-05-10,105000,3,Al Yelayiss 2
CNT2130001355,2025-03-05,151800,Shop with a mezzanine,Al Dhagaya
CNT2132420417,2025-08-28,15000,Office,Business Bay
CNT2132810254,2025-09-29,20000,Office,Al Murqabat
CNT2133544472,2026-01-01,109581,2,Marsa Dubai
CRT2127855006,2025-01-01,45000,1,Al Warsan First
CNT2131160972,2025-05-15,65000,Staff accommodatoion,Al Karama
CNT2132870647,2025-11-02,60000,2,Muhaisanah Fourth
CNT2132400405,2025-10-15,50820,1,Al Barsha South Third
CNT2131382587,2025-06-27,38999,2,Al Qusais
CNT2133428546,2025-11-19,66350,Shop,Al Warsan First
CNT2130755280,2025-05-02,15000,Office,Al Barsha First
CNT2133950067,2025-12-22,15000,Office,Abu Hail
CNT2129841175,2025-02-01,42600,1,Al Raffa
CNT2133785035,2025-12-22,100000,2,Business Bay
CNT2131406027,2025-07-01,50000,Studio,Al Karama
CRT2132608216,2025-09-20,60000,2,Al Warsan First
CNT2132738525,2025-10-02,177000,2,Al Safouh First
CNT2132705790,2025-09-14,11100,Room in labor camp,Al Goze Industrial Second
CNT2131385059,2025-06-19,15000,Office,Al Baraha
CNT2133906623,2025-12-18,15000,Office,Al Goze Third
CNT2130298612,2025-03-26,15000,Office,Trade Center Second
CNT2133830627,2025-12-11,90000,Office,Mankhool
CRT2134087236,2026-01-01,115000,2,Al Merkadh
CNT2132640190,2025-09-15,90000,1,Al Barsha South Third
CNT2130196876,2025-04-01,46000,1,Muhaisanah Fourth
CRT2130346350,2025-03-06,24000,1,Jabal Ali First
CNT2129041184,2025-02-01,47794,1,Wadi Al Safa 3
CNT2133336591,2025-11-05,68000,1,Al Hamriya
CRT2132149026,2025-08-01,125000,1,Um Suqaim Third
CNT2131326203,2025-09-15,43659,1,Hor Al Anz East
CNT2132029009,2025-07-29,15000,Office,Al Muteena
CRT2129253246,2025-02-05,27000,1,Al Baraha
CNT2131338200,2025-05-31,87000,2,Nad Hessa
CNT2131201017,2025-06-11,69575,2,Al Barsha First
CNT2132505665,2025-09-04,88000,1,Al Jadaf
CNT2131739279,2025-07-07,15000,Office,Al Mararr
CNT2131859638,2025-08-01,70000,1,Al Barsha South Third
CRT2132702216,2025-10-01,107500,1,Marsa Dubai
CNT2133866441,2025-12-16,70000,1,Me'Aisem First
CRT2130056806,2025-03-17,50000,Studio,Al Goze Fourth
CNT2132276037,2025-08-22,75999,1,Madinat Dubai Almelaheyah
CNT2130478963,2025-04-18,63000,1,Al Goze Third
CNT2131558420,2025-06-03,105000,3,Al Raffa
CNT2133914383,2025-10-01,49000,1,Dubai Investment Park Second
CNT2127926508,2025-01-01,66792,Office,Oud Metha
CNT2133655519,2025-11-27,20000,Office,Dubai Investment Park First
CNT2131246183,2025-06-01,37000,Studio,Madinat Al Mataar
CNT2131540860,2025-06-15,72000,1,Nad Hessa
CNT2133582153,2026-01-01,89000,Office,Al Khabeesi
CNT2128535894,2025-01-01,82224,Shop with a mezzanine,Al Buteen
CNT2132972374,2025-10-01,25000,Shop,Jabal Ali First
CNT2131775363,2025-07-09,15000,Office,Al Murqabat
CNT2132774526,2025-10-01,95000,1,Marsa Dubai
CNT2130088727,2025-03-01,65780,2,Um Hurair Second
CNT2131578637,2025-07-05,55000,1,Al Warqa First
CNT2128543863,2025-01-27,17000,Office,Saih Shuaib 3
CNT2128058596,2025-02-05,150000,2,Marsa Dubai
CNT2133184179,2026-01-01,40000,1,Naif
CNT2126726488,2025-01-01,37000,1,Al Suq Al Kabeer
CNT2129196018,2025-02-20,55000,1,Al Karama
CNT2123400182,2025-02-01,40000,1,Al Murqabat
CNT2132087722,2025-06-10,31500,Kiosk,Al Rashidiya
CNT2130280155,2025-01-01,48300,2,Al Qusais Industrial First
CNT2132372795,2025-08-25,20000,Office,Port Saeed
CRT2133537496,2025-11-23,33000,Studio,Al Warsan First
CNT2129455542,2025-03-03,32760,2,Al Qusais
CNT2131225200,2025-06-09,12000,Office,Al Safouh Second
CRT2130460966,2025-03-01,99099,Office,Nad Hessa
CNT2133347168,2025-11-06,15000,Office,Al Mararr
CNT2130947157,2025-05-25,100000,2,Al Barsha First
CNT2130876539,2025-05-15,100000,2,Al Thanyah First
CRT2134214256,2026-02-01,45000,Office,Business Bay
CNT2130680933,2025-05-30,68000,2,Nad Hessa
CNT2128521011,2025-01-26,145000,2,Business Bay
CNT2133554432,2025-11-20,25000,Studio,Al Mararr
CRT2134165746,2026-01-08,72000,Studio,Business Bay
CNT2128478911,2025-02-02,45000,Shop,Mirdif
CNT2132130677,2025-08-15,34000,1,Muhaisanah Fourth
CNT2133548199,2025-10-01,95000,2,Hor Al Anz East
CNT2131979886,2025-07-01,65000,Store,Naif
CRT2134271736,2026-01-15,54000,1,Me'Aisem First
CNT2132970853,2025-09-01,39000,1,Al Nahda First
CNT2132523546,2025-09-11,80999,1,Al Barsha First
CNT2134087858,2026-01-01,80000,2,Mankhool
CNT2132252897,2025-08-01,75000,Warehouse,Um Ramool
CNT2134197346,2026-01-01,44725,Office,Al Hamriya Port
CNT2130398473,2025-04-07,15000,Office,Al Khabeesi
CNT2129743851,2025-01-11,70000,Studio,Al Barsha South Fifth
CNT2133739368,2025-12-05,110000,2,Al Barsha South Fourth
CNT2128539029,2025-02-03,44651,1,Al Goze Industrial Second
CNT2132279414,2025-08-18,45000,Office,Trade Center Second
CNT2132041968,2025-08-03,95000,1,Trade Center First
CNT2128820323,2025-01-31,20000,Office,Business Bay
CRT2129694676,2025-02-14,15000,Shop,Hor Al Anz
CNT2130437592,2025-03-21,55000,Studio,Al Sabkha
CNT2131302908,2025-06-13,10000,Office,Al Barsha First
CNT2131870297,2025-07-01,72000,2,Madinat Al Mataar
CRT2133110876,2025-10-26,78000,1,Al Barsha South Third
CNT2129189730,2025-02-07,76590,1,Marsa Dubai
CNT2133501420,2025-11-15,20000,Office,Saih Shuaib 2
CNT2131767156,2025-07-09,15000,Office,Business Bay
CNT2130910517,2025-05-14,22000,Office,Dubai Investment Park First
CNT2131489307,2025-06-21,25000,Studio,Al Baraha
CNT2133643320,2025-11-26,15000,Office,Al Mararr
CRT2131718154,2025-07-07,175000,3,Wadi Al Safa 7
CNT2132575696,2025-09-10,40000,Office,Al Murqabat
CNT2133756448,2025-11-24,62000,2,Al Murqabat
CNT2133939773,2026-01-11,21500,Office,Al Karama
CNT2133784777,2025-12-10,70000,2,Al Nahda First
CNT2133499109,2025-11-01,45000,1,Al Raffa
CNT2130324365,2025-03-28,15000,Office,Al Mararr
CNT2133249385,2025-10-01,55200,Room in labor camp,Al Goze Third
CNT2133416685,2025-11-08,20000,Office,Dubai Investment Park First
CNT2129375751,2025-01-23,64900,Office,Business Bay
CRT2133179246,2025-10-25,35000,1,Abu Hail
CNT2131254544,2025-06-05,15000,Office,Al Nahda First
CNT2130508193,2025-02-23,60900,2,Al Qusais Industrial Fourth
CNT2131768068,2025-07-15,25410,Studio,Al Warsan First
CRT2130529406,2025-03-25,39000,Studio,Madinat Al Mataar
CNT2133019720,2025-10-21,130000,3,Trade Center Second
CNT2131550253,2025-06-26,18000,Office,Al Karama
CNT2128449732,2025-03-01,43700,1,Wadi Al Safa 3
CNT2128520122,2025-02-11,49500,1,Mirdif
CNT2133266925,2025-10-31,20000,Office,Saih Shuaib 2
CNT2133775837,2025-12-08,15000,Office,Al Khabeesi
CNT2131519139,2025-07-01,55000,Shop,Eyal Nasser
CNT2130810023,2025-04-16,29095,Studio,Jabal Ali Industrial First
CNT2129043981,2025-02-08,27000,Office,Al Garhoud
CNT2131943023,2025-06-20,60040,1,Al Karama
CNT2130766667,2025-05-15,75000,2,Al Karama
CNT2133896981,2026-01-01,79008,Shop,Al Qusais Industrial First
CNT2132003997,2025-08-01,73000,3,Al Nahda Second
CNT2131890317,2025-07-18,16000,Office,Al Goze Third
CNT2133340846,2025-11-01,36225,2,Muhaisanah Fourth
CNT2133506575,2025-11-25,75000,2,Al Thanyah First
CNT2128492756,2025-01-01,69000,2,Um Hurair First
CNT2132494032,2025-09-01,75000,Shop,Naif
CNT2132552661,2025-09-09,15000,Office,Saih Shuaib 3
CNT2133935191,2025-12-15,71500,2,Al Satwa
CNT2130134874,2025-03-12,20000,Office,Al Khabeesi
CRT2132621806,2025-09-14,46000,Studio,Jabal Ali First
CNT2132567442,2025-09-08,57000,1,Dubai Investment Park Second
CRT2127872716,2025-01-11,75000,1,Me'Aisem First
CNT2134057017,2025-12-28,80000,2,Warsan Fourth
CNT2130294101,2025-03-26,50000,2,Dubai Investment Park First
CNT2130247184,2025-03-01,54575,1,Al Barsha South Third
CNT2132054044,2025-07-28,47300,Office,Al Qusais Industrial First
CNT2129926419,2025-02-14,25000,Office,Al Wasl
CNT2128521984,2025-01-24,20000,Office,Naif
CNT2131220027,2025-06-01,32000,2,Muhaisanah Fourth
CNT2133892223,2026-01-05,117953,3,Al Thanyah Fifth
CNT2133430373,2025-11-10,91000,Shop,Al Karama
CNT2132189806,2025-08-09,18000,Studio,Jabal Ali First
CNT2130168169,2025-02-24,85560,Shop,Al Dhagaya
CNT2131348540,2025-06-17,20000,Office,Trade Center First
CRT2134236016,2026-01-15,185000,3,Al Hebiah Sixth
CNT2133197883,2025-10-15,42350,1,Dubai Investment Park Second
CNT2130291468,2025-02-01,135000,Warehouse,Dubai Investment Park First
CNT2132361311,2025-08-23,15000,Office,Al Khabeesi
CRT2130578636,2025-04-07,80000,1,Al Barsha South Third
CNT2132703422,2025-03-01,44000,Garage,Ras Al Khor Industrial First
CRT2130691806,2025-04-26,115000,1,Al Kifaf
CRT2130492436,2025-04-17,72000,1,Wadi Al Safa 2
CNT2133249469,2025-09-04,98000,Warehouse,Ras Al Khor Industrial Second
CNT2134297096,2025-12-20,81586,2,Mirdif
CNT2132672866,2025-10-01,125000,2,Al Merkadh
CNT2132223897,2025-09-10,55500,2,Al Qusais Industrial Fifth
CNT2131872825,2025-09-11,136500,2,Um Al Sheif
CNT2130425248,2025-03-12,137500,Shop,Al Warqa First
CNT2133234167,2025-11-05,32000,Studio,Al Warsan First
CNT2131716296,2025-07-05,15000,Office,Al Suq Al Kabeer
CRT2129841166,2025-01-21,160000,3,Wadi Al Safa 5
CNT2128819508,2025-02-01,48300,2,Al Qusais Industrial First
CNT2130316198,2025-04-02,42000,Studio,Nad Hessa
CNT2128042884,2025-01-01,40425,Studio,Al Barsha First
CNT2130059168,2025-03-01,78000,2,Oud Metha
CNT2131531942,2025-06-25,15000,Office,Oud Metha
CNT2133013018,2025-10-14,15000,Office,Al Khabeesi
CNT2131295559,2025-06-12,15000,Office,Hor Al Anz
CNT2130349912,2025-04-02,21000,Office,Port Saeed
CNT2132721329,2025-11-15,85000,2,Oud Metha
CRT2133468196,2025-11-01,99000,1,Marsa Dubai
CNT2129749471,2025-02-05,120000,Shop,Dubai Investment Park First
CNT2129924048,2025-03-01,125000,Shop,Al Qusais
CNT2129932639,2025-03-01,51000,1,Al Hebiah Fourth
CNT2132978037,2025-10-15,145000,2,Trade Center First
CNT2134100532,2026-02-01,26082,Office,Al Twar Fifth
CNT2128109529,2025-01-25,46000,Studio,Jabal Ali First
CRT2130496586,2025-04-02,55200,Studio,Jabal Ali First
CNT2132043393,2025-06-03,45000,Studio,Jabal Ali First
CNT2133302439,2025-12-01,54000,1,Al Warqa First
CNT2134056116,2025-12-01,41745,1,Al Nahda Second
CNT2131700664,2025-05-04,37584,Room in labor camp,Al Goze Third
CNT2133804751,2025-12-10,36000,Studio,Al Dhagaya
CNT2130784139,2025-05-19,103000,3,Mirdif
CNT2131372329,2025-06-12,120000,Office,Dubai Investment Park First
CNT2130002450,2025-03-03,15000,Office,Al Goze Third
CRT2130367216,2025-04-04,114000,2,Marsa Dubai
CNT2130821278,2025-03-02,70000,1,Al Thanyah First
CNT2131414851,2025-07-06,108000,2,Al Barsha South Third
CNT2128543723,2025-01-27,15000,Office,Al Twar Fifth
CNT2128120765,2025-01-17,15000,Office,Al Thanyah First
CNT2133241357,2025-06-26,102688,2,Hor Al Anz East
CNT2131788625,2025-07-10,10000,Office,Al Goze Third
CNT2132122988,2025-08-11,115000,1,Business Bay
CNT2133944010,2025-12-22,15000,Office,Al Murqabat
CNT2133966821,2026-01-01,79181,2,Al Barsha First
CRT2130450286,2025-01-15,38000,1,Saih Shuaib 2
CNT2132926113,2025-10-07,20000,Office,Al Baraha
CNT2132834625,2025-09-20,125000,2,Al Hebiah Third
CNT2133661057,2025-12-05,80000,2,Al Barsha South Fourth
CNT2133700847,2025-12-01,39100,1,Nad Hessa
CNT2128801873,2025-01-22,43050,Studio,Mankhool
CNT2132475585,2025-08-15,22000,Studio,Naif
CNT2130386749,2025-03-27,80000,Shop,Naif
CRT2131546006,2025-07-01,40000,Hotel,Madinat Hind 4
CNT2133005886,2025-10-13,15000,Office,Al Mararr
CNT2131242312,2025-06-27,61492,2,Jabal Ali First
CNT2133450970,2025-11-08,90000,Studio,Al Barsha South Fifth
CNT2130282189,2025-03-25,20000,Office,Al Khabeesi
CNT2130812987,2025-05-13,42000,1,Al Warsan First
CNT2132636142,2025-09-19,74100,2,Mirdif
CNT2131808795,2025-07-15,65000,1,Al Barsha South Fourth
CNT2133419469,2025-11-07,68250,1,Al Barsha South Fourth
CNT2131319269,2025-07-01,45000,2,Al Qusais
CNT2130366792,2025-04-12,32500,Studio,Al Warsan First
CNT2133403861,2025-11-15,48882,1,Nad Hessa
CNT2133038950,2025-09-21,84000,2,Al Thanyah First
CNT2131546430,2025-07-01,35000,Shop,Al Mararr
CNT2130649228,2025-04-24,40000,Studio,Al Warsan First
CNT2133516420,2025-11-04,87285,1,Al Thanyah Third
CNT2130745707,2025-04-18,126000,Room in labor camp,Al Goze Industrial First
CNT2132344478,2025-08-10,65000,3,Al Suq Al Kabeer
CRT2133630436,2025-11-16,150000,3,Jumeirah Third
CRT2132741336,2025-10-05,90000,Office,Business Bay
CNT2132618334,2025-09-15,95000,2,Al Barsha South Third
CNT2133312405,2025-05-11,145000,Room in labor camp,Al Goze Industrial First
CNT2130443161,2025-04-10,15000,Office,Al Goze Industrial First
CRT2130720396,2025-05-01,60000,Studio,Al Barsha South Third
CNT2132761429,2025-10-04,61000,2,Ras Al Khor Industrial Third
CNT2134090661,2026-01-10,50000,Office,Hor Al Anz East
CNT2133318754,2025-11-10,47000,Studio,Al Muteena
CRT2133115396,2025-11-01,40000,Shop,Al Waheda
CNT2133606007,2025-11-29,57750,1,Mirdif
CNT2130879036,2025-06-01,65000,2,Naif
CNT2131761707,2025-05-01,65000,1,Al Raffa
CNT2131746093,2025-07-20,108000,4,Mirdif
CNT2131879481,2025-07-17,15000,Office,Saih Shuaib 2
CNT2128493583,2025-03-27,34000,Studio,Mankhool
CNT2131837451,2025-06-19,94500,2,Trade Center First
CNT2127577368,2025-01-16,170000,3,Mankhool
CRT2132082474,2025-08-01,172000,2,Palm Jumeirah
CNT2129851642,2025-02-19,15000,Office,Al Goze Industrial First
CRT2133513876,2025-11-13,50600,Studio,Al Barsha South Third
CNT2130330162,2025-04-10,65000,2,Al Qusais Industrial Fifth
CNT2132974864,2025-10-12,46000,1,Al Murqabat
CNT2132649483,2025-09-17,69000,2,Al Mamzer
CRT2134328116,2026-01-20,95000,1,Al Barsha South Fourth
CNT2130677236,2025-04-24,42000,Studio,Jabal Ali First
CNT2131882956,2025-07-17,15000,Office,Al Khabeesi
CNT2131901309,2025-08-10,68250,3,Madinat Hind 4
CNT2132183203,2025-08-06,47000,1,Hor Al Anz East
CRT2132164126,2025-08-10,140000,2,Burj Khalifa
CRT2128314246,2025-01-21,15000,Office,Hor Al Anz
CRT2130055266,2025-02-20,44100,Studio,Al Merkadh
CNT2131580676,2025-06-30,3600,Room in labor camp,Jabal Ali Industrial First
CNT2130586833,2025-05-01,31050,Studio,Dubai Investment Park Second
CNT2129375583,2025-02-05,38500,1,Muhaisanah Fourth
CNT2132105323,2025-08-10,77200,2,Al Barsha South Fourth
CNT2127029501,2025-01-03,98500,3,Madinat Dubai Almelaheyah
CNT2131237105,2025-06-01,70000,2,Madinat Hind 4
CNT2131531746,2025-01-13,92000,2,Mankhool
CNT2133793687,2025-10-01,45000,2,Jabal Ali Industrial First
CNT2130421854,2025-02-15,140000,5,Madinat Hind 4
CNT2130686602,2025-05-05,85000,1,Al Barsha South Fourth
CNT2130418512,2025-04-08,20000,Office,Hor Al Anz
CNT2132572845,2025-09-10,20000,Office,Ras Al Khor Industrial Second
CNT2134165933,2026-01-09,20000,Office,Naif
CNT2129891500,2025-03-10,58000,2,Wadi Al Safa 5
CNT2127137368,2025-01-14,42600,1,Al Qusais Industrial First
CNT2134303605,2025-03-15,47000,Studio,Al Barsha South Third
CNT2131111865,2025-08-19,37700,Studio,Al Barsha South Third
CNT2133012684,2025-10-14,15000,Office,Al Khabeesi
CNT2130699455,2025-04-20,103966,3,Nad Hessa
CNT2132729609,2025-10-02,44000,Studio,Al Nahda First
CNT2131840507,2025-07-01,28000,Warehouse,Um Ramool
CNT2127686592,2025-01-06,120000,2,Al Thanyah First
CNT2133789749,2025-12-09,20000,Office,Al Murqabat
CNT2131117872,2025-03-04,30000,Room in labor camp,Dubai Investment Park First
CNT2130755957,2025-05-02,15000,Office,Hor Al Anz
CNT2130837614,2025-01-25,105000,2,Business Bay
CNT2129982356,2025-01-01,66000,Office,Al Ras
CNT2133883854,2025-12-01,187000,Warehouse,Al Qusais Industrial Second
CNT2134280475,2026-01-17,100000,1,Burj Khalifa
CRT2134319706,2026-02-01,70000,Studio,Al Thanyah Fifth
CRT2127210986,2025-01-01,89000,2,Jabal Ali First
CNT2127654010,2025-01-01,93000,2,Al Murqabat
CNT2132855876,2025-10-03,78000,2,Al Qusais
CNT2131148273,2025-06-01,48000,2,Al Qusais
CNT2132737319,2025-10-01,51861,1,Wadi Al Safa 3
CNT2134124246,2026-01-07,20000,Office,Oud Metha
CNT2131654408,2025-07-01,20000,Office,Port Saeed
CNT2131739155,2025-06-13,110000,2,Mankhool
CRT2133682976,2025-11-29,105000,1,Al Merkadh
CNT2133587341,2025-12-23,48070,1,Jabal Ali First
CNT2130592042,2025-03-31,60953,1,Wadi Al Safa 5
CNT2131797458,2025-01-01,94500,1,Al Kheeran
CNT2134037642,2025-12-28,135000,2,Al Khairan First
CNT2130214508,2025-03-19,14000,Office,Al Goze Third
CNT2128102769,2025-02-25,12000,Office,Al Raffa
CRT2130121446,2025-03-10,57000,1,Al Hebiah Fourth
CNT2132687655,2025-09-18,10000,Office,Dubai International Airport
CRT2133549446,2025-10-05,28000,Shop,Al Bada
CRT2132400244,2025-09-01,42000,Hotel,Jabal Ali First
CNT2128263171,2025-01-01,83000,Shop,Al Buteen
CNT2133731386,2025-11-23,72883,1,Al Barsha South Fourth
CNT2132523288,2025-10-01,32000,Office,Al Goze Industrial First
CNT2130167407,2025-01-01,73000,Shop,Naif
CNT2131768339,2025-07-23,92000,2,Al Jadaf
CNT2134316533,2026-02-06,38203,1,Warsan Fourth
CNT2130602717,2025-04-15,108500,3,Al Raffa
CNT2131139242,2025-05-20,38000,1,Al Twar Fifth
CRT2132372436,2025-09-01,150000,3,Al Mizhar Third
CRT2132054096,2025-08-01,120000,1,Hadaeq Sheikh Mohammed Bin Rashid
CNT2130072461,2025-03-07,20000,Office,Business Bay
CRT2134284486,2026-01-19,100000,1,Hadaeq Sheikh Mohammed Bin Rashid
CNT2133841845,2026-03-06,46230,1,Madinat Al Mataar
CNT2132027314,2025-07-20,53130,1,Al Barsha First
CRT2132467816,2025-09-03,55000,1,Al Barsha South Fourth
CNT2131023890,2025-05-01,34150,1,Wadi Al Safa 2
CRT2131393136,2025-07-04,95000,Office,Al Thanyah Fifth
CNT2130866667,2025-05-08,67200,Room in labor camp,Al Goze Third
CNT2128130435,2025-02-05,44000,1,Al Hamriya
CNT2124254721,2025-01-01,82800,2,Oud Metha
CNT2131986921,2025-07-25,15000,Office,Hor Al Anz East
CNT2132627156,2025-09-01,37000,1,Al Nahda Second
CRT2132340446,2025-08-21,50000,1,Hor Al Anz
CNT2130710937,2025-04-07,28200,Room in labor camp,Al Goze Third
CNT2130884296,2025-04-21,46080,Room in labor camp,Jabal Ali Industrial First
CNT2134114445,2025-11-01,104500,2,Trade Center Second
CNT2129763821,2025-02-17,15000,Office,Dubai Investment Park First
CNT2129915548,2025-02-25,20000,Office,Ras Al Khor Industrial Second
CNT2133686250,2025-12-01,68000,2,Wadi Al Safa 5
CNT2130252260,2025-03-06,45000,1,Warsan Fourth
CNT2130685222,2025-05-02,160000,2,Marsa Dubai
CRT2130250976,2025-03-22,120000,Office,Business Bay
CRT2128498756,2025-02-01,143810,2,Hadaeq Sheikh Mohammed Bin Rashid
CNT2133555794,2025-12-01,35000,Studio,Al Warsan First
CNT2131832266,2025-07-21,78000,Office,Al Murqabat
CNT2129264845,2025-03-01,79438,2,Al Qusais
CRT2133576420,2025-10-10,44000,Studio,Al Jadaf
CNT2132479819,2025-09-02,20000,Office,Naif
CNT2130234927,2025-02-10,30000,Shop,Jabal Ali Industrial First
CRT2133022156,2025-10-22,100000,1,Marsa Dubai
CRT2133872026,2025-12-10,86000,3,Mirdif
CNT2131049804,2025-05-24,15000,Office,Business Bay
CNT2134167332,2026-01-09,17000,Office,Al Baraha
CRT2132352540,2025-08-23,165000,4,Al Yufrah 1
CNT2132071450,2025-07-30,50000,Shop,Al Suq Al Kabeer
CNT2131961917,2025-07-23,15000,Office,Al Goze Industrial First
CRT2133908676,2025-09-01,70000,2,Dubai Investment Park First
CNT2133938210,2025-12-15,132000,Office,Business Bay
CNT2130953546,2025-05-17,15000,Office,Al Muteena
CNT2129994567,2025-03-03,15000,Shop,Al Mararr
CRT2130314096,2025-04-01,58000,1,Wadi Al Safa 7
CNT2132928589,2025-10-07,20000,Office,Al Raffa
CNT2134061035,2026-01-15,100999,1,Business Bay
CNT2130404211,2025-04-07,15000,Office,Al Goze Industrial First
CNT2133075347,2025-10-17,10000,Office,Port Saeed
CNT2127866846,2025-01-13,27505,Shop,Al Warsan First
CNT2123726698,2025-01-10,156500,2,Um Hurair Second
CNT2132213007,2025-06-15,95000,Warehouse,Ras Al Khor Industrial Second
CNT2132743319,2025-10-01,75000,2,Al Bada
CNT2130043762,2025-03-06,145814,3,Jumeirah Second
CRT2131696886,2025-07-01,52000,Studio,Al Hebiah Third
CNT2133677955,2025-12-01,25955,Studio,Al Warsan First
CNT2130110825,2025-03-11,15000,Office,Al Goze Industrial Third
CNT2133764574,2025-12-08,15000,Office,Al Murqabat
CNT2131402573,2025-01-01,52030,1,Al Bada
CNT2131003383,2025-06-01,47250,1,Naif
CNT2129948167,2025-03-02,126788,4,Al Baraha
CNT2131105786,2025-05-28,15000,Office,Al Khabeesi
CRT2130686916,2025-03-27,60000,Office,Business Bay
CNT2129858338,2025-02-20,130000,2,Mankhool
CNT2133795024,2025-12-09,15000,Office,Business Bay
CNT2130843737,2025-07-31,36225,Shop,Naif
CNT2127441104,2025-01-01,140000,Shop with a mezzanine,Al Mararr
CNT2132091197,2025-08-03,34650,1,Al Qusais Industrial Fifth
CNT2127748494,2025-01-16,92000,3,Hessyan First
CNT2133512961,2025-11-17,15000,Office,Al Goze Third
CNT2133033283,2025-10-15,125000,1,Palm Jumeirah
CNT2129869351,2025-03-01,61000,1,Al Barsha First
CNT2132308893,2025-08-19,15000,Office,Naif
CNT2133978478,2026-01-10,35000,1,Hor Al Anz
CRT2132276396,2025-08-15,185000,2,Al Barsha South Second
CNT2130263614,2025-03-22,68000,Studio,Al Barsha South Fourth
CNT2130113591,2025-01-27,100000,1,Al Jadaf
CNT2131165097,2025-06-02,10000,Office,Port Saeed
CRT2134221856,2025-10-15,50000,Shop,Hatta
CNT2131917380,2025-07-26,38000,Studio,Wadi Al Safa 5
CNT2130895178,2025-01-16,40000,Shop,Hor Al Anz
CRT2133349286,2025-10-01,69000,1,Me'Aisem First
CRT2130688757,2025-06-02,170000,2,Al Barsha South Fifth
CRT2127983436,2025-01-17,100000,Shop,Al Merkadh
CNT2132121767,2025-09-04,90321,1,Marsa Dubai
CNT2133952297,2025-12-15,63000,2,Hor Al Anz East
CNT2133647467,2025-10-12,80300,Warehouse,Ras Al Khor Industrial Second
CNT2130149061,2025-03-17,58000,Studio,Al Jadaf
CNT2127645119,2025-01-01,61892,Shop,Naif
CNT2131733121,2025-07-07,34800,Room in labor camp,Jabal Ali Industrial First
CNT2133335144,2025-11-07,69500,2,Al Barsha South Fourth
CNT2130033293,2025-02-10,39500,2,Al Qusais Industrial Fourth
CNT2134099146,2025-12-27,63000,1,Mankhool
CNT2130280072,2025-04-30,46800,1,Nad Hessa
CNT2134143374,2026-01-08,20000,Office,Naif
CNT2126428978,2025-01-25,55000,2,Al Warsan First
CNT2133030229,2025-10-16,42000,Studio,Al Barsha South Fourth
CNT2132113473,2025-08-01,141041,Shop,Hor Al Anz East
CRT2132450346,2025-08-25,42000,1,Nad Hessa
CRT2131061736,2025-06-01,97000,1,Burj Khalifa
CNT2130462909,2025-04-11,30000,Office,Al Goze Third
CNT2131391710,2025-06-24,57750,1,Jabal Ali First
CNT2132153075,2025-08-05,10000,Office,Al Barsha First
CRT2130488926,2025-04-15,150000,3,Wadi Al Safa 5
CRT2132818926,2025-09-21,120000,5,Al Jafliya
CNT2133728828,2025-12-04,20000,Office,Port Saeed
CNT2132281451,2025-08-18,17000,Office,Al Goze Third
CNT2132390117,2025-08-26,10000,Office,Mankhool
CNT2133964333,2025-12-23,15000,Office,Al Khabeesi
CNT2130854529,2025-10-17,16000,Office,Rega Al Buteen
CNT2132023898,2025-08-02,67000,1,Nad Hessa
CNT2132223165,2025-08-16,56000,1,Al Hebiah Fourth
CNT2127931822,2025-01-01,110000,3,Mirdif
CNT2133521516,2025-11-17,12000,Office,Mankhool
CNT2132809413,2025-09-29,20000,Office,Al Rega
CNT2131963892,2025-07-23,15000,Office,Al Khabeesi
CNT2133879385,2025-12-16,20000,Office,Saih Shuaib 2
CNT2128808465,2025-01-16,105000,1,Business Bay
CRT2132733306,2025-09-21,60000,1,Al Warsan First
CNT2130216937,2025-03-07,152999,3,Al Bada
CRT2133834716,2025-12-15,33000,Studio,Al Warsan First
CNT2133161386,2025-10-23,20000,Office,Ras Al Khor Industrial Second
CNT2133198095,2025-11-26,49664,1,Al Rega
CNT2134193797,2026-01-12,17000,Office,Al Mararr
CNT2132114677,2025-08-10,112000,2,Al Jadaf
CNT2132738088,2025-10-01,38500,Studio,Madinat Al Mataar
CNT2134145215,2026-03-01,90653,2,Al Jadaf
CNT2130418586,2025-04-09,65000,2,Al Goze Industrial Second
CNT2128724476,2025-03-01,36000,Studio,Al Warsan First
CNT2130502858,2025-04-16,50820,1,Jabal Ali First
CNT2127848940,2025-01-13,15000,Office,Burj Khalifa
CNT2133412565,2025-10-01,43900,1,Wadi Al Safa 5
CNT2132740348,2025-09-23,16000,Office,Al Hamriya
CNT2131889401,2025-07-25,61950,2,Al Yelayiss 2
CNT2131021197,2025-05-22,65000,1,Al Hebiah Sixth
CRT2131229060,2025-06-15,145000,3,Al Yelayiss 2
CNT2130112555,2025-05-15,82500,2,Al Mamzer
CNT2128734873,2025-01-29,22500,Office,Al Rega
CNT2129864025,2025-02-15,54000,1,Al Barsha South Fifth
CRT2133737776,2025-12-06,42000,Studio,Al Barsha South Fourth
CNT2134066723,2026-01-01,97000,Office,Ras Al Khor Industrial Third
CNT2131824363,2025-07-01,53500,1,Jabal Ali First
CNT2134002119,2026-01-05,85000,1,Al Barsha South Third
CNT2131968469,2025-07-24,15000,Office,Oud Metha
CNT2132796211,2025-09-26,15000,Office,Al Mararr
CNT2125117341,2025-01-23,135000,2,Al Merkadh
CNT2132033202,2025-08-01,135000,2,Al Barsha South Fourth
CNT2130117444,2025-03-20,140000,Warehouse,Ras Al Khor Industrial First
CNT2133472051,2025-11-12,160000,Office,Business Bay
CRT2132007136,2025-07-25,110000,3,Madinat Al Mataar
CNT2129827409,2025-02-25,57000,1,Wadi Al Safa 3
CNT2129837467,2025-02-21,72931,2,Jabal Ali First
CNT2134048612,2025-12-01,42000,Studio,Al Barsha South Fourth
CNT2133766085,2026-01-01,81000,2,Mankhool
CNT2133338971,2025-10-27,27420,Room in labor camp,Saih Shuaib 2
CNT2130100870,2025-03-17,31999,1,Al Qusais
CNT2132306545,2025-08-15,89250,1,Al Thanyah Third
CNT2134309602,2025-12-29,20000,Office,Al Twar Fifth
CNT2130075026,2025-02-20,36300,Studio,Al Hebiah Third
CNT2134009827,2025-12-27,6000,Room in labor camp,Jabal Ali Industrial First
CNT2126510325,2025-01-20,75000,2,Al Murqabat
CNT2133516005,2026-01-10,55000,1,Al Jadaf
CNT2126977483,2025-01-01,36383,Shop,Al Suq Al Kabeer
CNT2130291102,2025-03-25,18000,Office,Muhaisanah Fourth
CNT2133261822,2025-10-31,20000,Office,Al Khabeesi
CNT2129363696,2025-02-05,40000,1,Al Twar Fifth
CRT2128965246,2025-01-25,157000,Office,Business Bay
CNT2132138524,2025-08-06,10000,Office,Mankhool
CNT2131979867,2025-05-01,25800,Room in labor camp,Jabal Ali Industrial First
CNT2128929076,2025-01-15,60000,Shop,Al Goze First
CNT2132556733,2025-06-15,46500,Shop,Hor Al Anz East
CNT2131123519,2025-05-22,40000,Studio,Madinat Al Mataar
CNT2130757607,2025-05-10,75000,2,Al Warqa First
CNT2132489098,2025-08-10,30000,Studio,Al Warsan First
CRT2131946032,2025-07-25,125000,2,Al Thanyah Fifth
CNT2132947194,2025-10-01,56000,1,Al Murqabat
CNT2131485814,2025-05-01,109725,2,Al Safouh Second
CRT2132878566,2025-10-01,38000,Studio,Al Barsha South Fourth
CRT2132141856,2025-08-11,120000,Office,Al Thanyah Fifth
CNT2129451106,2025-02-12,38000,Studio,Warsan Fourth
CNT2129184511,2025-02-06,15000,Office,Al Murqabat
CNT2132547605,2025-08-31,73377,1,Al Safouh Second
CNT2133788285,2025-12-09,20000,Office,Al Khabeesi
CNT2129814993,2025-02-21,45980,2,Ras Al Khor Industrial Third
CNT2133114933,2025-10-21,20000,Office,Al Khabeesi
CNT2131532215,2025-06-26,135000,2,Al Barsha South Fourth
CRT2131891086,2025-08-01,36960,Studio,Jabal Ali First
CNT2130486843,2025-04-14,21000,Office,Business Bay
CNT2131355102,2025-06-17,15000,Office,Al Karama
CNT2134017660,2025-12-15,49335,1,Jabal Ali First
CRT2129805296,2025-02-17,15000,Office,Hor Al Anz
CNT2128566985,2025-02-01,54000,2,Al Nahda Second
CRT2133152336,2025-09-09,29000,Studio,Wadi Al Safa 5
CRT2130764516,2025-04-01,46000,Studio,Al Merkadh
CNT2131859344,2025-07-16,15000,Office,Al Hamriya
CNT2131752411,2025-07-16,54575,1,Al Barsha South Third
CNT2129124971,2025-01-01,94000,Shop with a mezzanine,Eyal Nasser
CNT2133565385,2026-01-01,20000,Office,Al Suq Al Kabeer
CNT2130965155,2025-05-01,84000,1,Marsa Dubai
CNT2134023157,2025-12-01,59000,Office,Al Wasl
CNT2131716156,2025-07-06,65000,1,Al Barsha South Third
CNT2130186402,2025-04-15,39000,2,Al Qusais Industrial Fifth
CNT2133784260,2025-12-25,75000,Shop,Nad Al Shiba Third
CNT2131576683,2025-06-30,20000,Office,Dubai Investment Park First
CNT2134054062,2026-01-05,65000,1,Al Barsha First
CNT2131826537,2025-05-25,90000,Warehouse,Ras Al Khor Industrial Second
CRT2130440556,2025-01-01,77000,Shop,Al Goze First
CRT2128298546,2025-01-16,78000,2,Al Hebiah Fourth
CNT2134186084,2026-02-01,40000,1,Al Nahda Second
CNT2134330893,2026-02-01,62000,1,Al Qusais
CNT2133878574,2025-12-16,20000,Office,Dubai International Airport
CNT2131139576,2025-05-30,15000,Office,Al Muteena
CNT2130492333,2025-04-14,20000,Office,Hor Al Anz
CNT2130607907,2025-04-15,56100,1,Al Barsha First
CRT2131187095,2025-06-01,130000,3,Al Yelayiss 2
CRT2131665526,2025-07-07,79000,Office,Business Bay
CNT2131803112,2025-07-20,72000,1,Oud Metha
CNT2133840537,2026-01-05,48000,2,Al Nahda Second
CNT2130007366,2025-03-03,15000,Office,Al Goze Industrial First
CNT2130493457,2025-02-16,73054,Office,Al Saffa First
CNT2129261776,2025-01-20,39500,Shop,Al Suq Al Kabeer
CNT2127767590,2025-04-03,60900,2,Mirdif
CNT2133565375,2025-11-20,15000,Office,Al Barsha First
CNT2130870212,2025-06-15,19550,Studio,Al Baraha
CNT2131078023,2025-05-17,76073,2,Mirdif
CNT2131862060,2025-01-25,70000,1,Al Nahda First
CNT2132214968,2025-08-22,141750,2,Al Kheeran
CNT2130471622,2025-04-24,95000,2,Warsan Fourth
CRT2132933876,2025-06-01,60000,3,Muhaisanah Third
CNT2134133741,2026-01-12,70000,1,Mankhool
CNT2130812207,2025-05-10,175000,2,Jumeirah First
CNT2134169240,2026-01-01,150000,Office,Al Thanyah First
CNT2133997692,2025-12-26,20000,Office,Hor Al Anz
CNT2131852066,2025-07-16,35000,Shop,Al Aweer First
CNT2130002188,2025-03-03,15000,Office,Al Goze Industrial First
CRT2134218306,2026-01-01,65000,1,Jabal Ali First
CNT2132984767,2025-08-26,20000,Office,Trade Center First
CNT2132714191,2025-09-21,53000,1,Madinat Al Mataar
CNT2130708455,2025-05-05,70000,1,Al Nahda First
CRT2129369766,2025-02-15,90000,2,Al Yelayiss 2
CNT2128577407,2025-01-01,25200,Room in labor camp,Jabal Ali Industrial First
CNT2129893206,2025-04-15,20000,Shop,Naif
CNT2133541309,2025-11-18,20000,Office,Trade Center First
CNT2132625905,2025-09-15,15000,Office,Al Mararr
CNT2130011991,2025-04-05,90000,2,Mankhool
CNT2133813588,2025-12-16,105000,2,Al Nahda Second
CNT2131900441,2025-07-29,55000,Studio,Al Thanyah First
CNT2134086282,2026-01-05,56650,2,Al Nahda First
CNT2130635649,2025-04-04,47999,1,Al Goze Fourth
CNT2132556200,2025-09-09,15000,Office,Hor Al Anz
CNT2130624366,2025-04-26,42000,Studio,Dubai Investment Park Second
CNT2131206289,2025-05-31,39215,1,Nad Hessa
CRT2130977186,2025-04-12,46124,Studio,Al Merkadh
CNT2130259597,2025-03-15,170000,Warehouse,Ras Al Khor Industrial Second
CNT2131381857,2025-08-09,133419,3,Wadi Al Safa 7
CNT2130742557,2025-05-07,49999,Studio,Jabal Ali First
CNT2132576416,2025-09-10,130000,2,Al Barsha South Fourth
CNT2134335507,2025-12-25,85000,Shop,Al Ras
CNT2133970102,2025-12-23,43000,Studio,Al Goze Third
CNT2129127267,2025-01-15,29000,Studio,Al Warsan First
CRT2133580856,2025-11-15,37950,Studio,Al Barsha South Fourth
CNT2130745913,2025-06-12,65205,2,Al Goze Industrial Second
CNT2133893264,2025-12-07,70000,1,Al Barsha South Fourth
CNT2131216013,2025-06-04,15000,Office,Dubai Investment Park First
CNT2131647432,2025-05-01,63945,2,Al Karama
CRT2128323376,2025-01-21,60000,2,Madinat Al Mataar
CRT2131318846,2025-05-13,50000,Office,Al Thanyah Fifth
CNT2131297961,2025-06-01,47000,1,Al Murqabat
CNT2127429804,2025-01-10,170000,Shop,Oud Metha
CNT2131060782,2025-05-01,20000,Office,Naif
CNT2131257143,2025-04-01,45000,Shop,Al Karama
CNT2132280601,2025-08-18,15000,Office,Al Khabeesi
CRT2128323686,2025-01-01,100000,3,Muhaisanah Third
CNT2134280524,2025-12-21,51939,Studio,Al Barsha South Fifth
CRT2130158206,2025-03-25,163013,3,Al Hebiah Third
CNT2132964361,2025-10-25,44873,Hotel,Jabal Ali First
CNT2130178501,2025-02-20,37110,Studio,Warsan Fourth
CNT2133526152,2025-12-10,34000,Studio,Naif
CNT2130931020,2025-05-15,70000,Studio,Burj Khalifa
CRT2134124606,2025-07-04,29000,Studio,Al Warsan First
CRT2131286986,2025-05-15,170000,4,Al Garhoud
CNT2133906466,2025-12-10,30870,1,Al Twar Fifth
CNT2133997316,2025-12-26,16000,Office,Al Goze First
CNT2132942791,2025-10-20,38000,1,Al Nahda Second
CNT2130677137,2025-05-02,38115,2,Muhaisanah Fourth
CNT2133085207,2025-10-18,139688,1,Al Thanyah Third
CNT2131940103,2025-07-20,95000,2,Al Hebiah Fifth
CNT2125765759,2025-01-12,50000,Office,Cornich Deira
CNT2133903980,2025-11-27,24000,1,Lehbab First
CRT2128127746,2025-01-17,15000,Shop,Hor Al Anz
CNT2126609223,2025-01-01,30000,Studio,Al Ras
CNT2130304573,2025-04-26,144900,3,Al Bada
CNT2131853995,2025-09-26,100000,2,Wadi Al Safa 7
CNT2131747460,2025-07-08,15000,Office,Al Muteena
CNT2130704400,2025-04-29,15000,Office,Al Khabeesi
CNT2133909398,2025-12-18,15000,Office,Hor Al Anz
CNT2133657632,2025-12-05,27000,1,Muhaisanah Fourth
CNT2132220661,2025-08-18,48000,Studio,Al Merkadh
CNT2129823885,2025-02-18,15000,Office,Al Khabeesi
CNT2134230358,2026-01-19,105000,2,Um Ramool
CRT2130331806,2025-03-20,120000,2,Al Barsha South Fourth
CRT2132608026,2025-09-01,110000,Shop,Al Thanyah Fifth
CNT2128571917,2025-01-29,53900,2,Al Karama
CNT2133880661,2025-12-10,60000,2,Al Suq Al Kabeer
CNT2128096257,2025-01-30,43243,1,Al Goze Industrial Second
CNT2133205628,2025-10-15,42350,1,Dubai Investment Park Second
CNT2131171135,2025-06-05,78000,1,Business Bay
CNT2133580539,2025-11-24,153000,3,Al Yelayiss 2
CNT2130654157,2025-04-01,94500,Warehouse,Ras Al Khor Industrial Second
CNT2127783280,2025-01-01,65000,2,Nad Hessa
CNT2130858791,2025-03-10,72000,1,Al Muteena
CNT2133559023,2025-11-20,105000,1,Burj Khalifa
CNT2131162611,2025-06-02,15000,Office,Saih Shuaib 3
CNT2133884868,2025-02-20,42000,1,Nad Hessa
CNT2133880203,2025-12-08,19999,Studio,Muhaisanah Fourth
CNT2132411635,2025-08-27,20000,Office,Business Bay
CNT2131951252,2025-07-23,20900,Office,Al Khabeesi
CNT2132828004,2025-09-20,64000,1,Mankhool
CNT2130120939,2025-02-20,63900,2,Wadi Al Safa 3
CRT2133522956,2025-10-15,72000,2,Al Qusais
CRT2133427506,2025-11-10,185000,2,Al Merkadh
CNT2130894097,2025-05-13,15000,Office,Al Khabeesi
CNT2131318978,2025-07-02,40000,1,Al Warqa First
CNT2129853133,2025-02-20,30000,Studio,Naif
CNT2134230661,2026-01-14,15000,Office,Business Bay
CRT2133264846,2025-10-20,40000,Studio,Al Hebiah Fourth
CNT2134155830,2026-01-11,48000,Hotel,Jabal Ali First
CNT2131720866,2025-07-01,59000,Shop,Naif
CNT2130300254,2025-02-20,90000,2,Al Garhoud
CRT2132959276,2025-10-10,55000,Studio,Al Barsha South Second
CNT2132923293,2025-10-07,38497,Shop,Al Mararr
CNT2132272440,2025-08-01,24000,Room in labor camp,Jabal Ali Industrial First
CNT2132530579,2025-09-15,27000,Studio,Al Baraha
CNT2130815753,2025-05-08,62000,1,Mirdif
CNT2133928770,2026-01-01,96000,Office,Al Barsha First
CNT2131024302,2025-05-22,20000,Office,Al Karama
CNT2129047723,2025-02-01,115500,Office,Al Rega
CNT2133067897,2025-10-01,85000,Shop,Um Ramool
CNT2130409727,2025-04-14,73000,1,Jabal Ali First
CRT2131023396,2025-05-24,57595,1,Al Hebiah Third
CNT2130985918,2025-05-20,40000,3,Al Suq Al Kabeer
CNT2133641157,2025-11-26,135000,2,Al Merkadh
CRT2130907708,2025-04-30,72708,1,Al Merkadh
CNT2132793721,2025-09-29,122000,1,Al Thanyah Fifth
CNT2128107167,2025-01-10,50000,1,Al Sabkha
CNT2130016836,2025-02-15,44100,1,Al Muteena
CNT2127039961,2025-01-12,87150,3,Mirdif
CRT2132547826,2025-07-25,90000,2,Al Hebiah Fourth
CNT2128131615,2025-02-01,165000,Shop with a mezzanine,Al Ras
CRT2131370616,2025-06-05,75000,Shop,Al Dhagaya
CNT2127435870,2025-01-01,22000,Studio,Al Mararr
CNT2134066538,2026-01-15,55000,2,Naif
CNT2127942594,2025-01-11,42000,1,Al Nahda Second
CNT2132517855,2025-10-01,165000,2,Um Suqaim Third
CNT2133404892,2025-06-15,52000,1,Al Hebiah Fourth
CNT2132904060,2025-10-06,50000,Studio,Al Barsha South Third
CNT2132341435,2025-08-21,15000,Office,Al Khabeesi
CRT2131273966,2025-05-22,75000,1,Business Bay
CNT2131302039,2025-06-01,96000,2,Jumeirah First
CNT2124768549,2025-01-01,39900,Studio,Al Raffa
CNT2130811964,2025-05-01,46000,1,Al Qusais
CNT2127959478,2025-01-14,10000,Office,Dubai International Airport
CRT2133915866,2025-12-20,145000,2,Al Merkadh
CNT2131280264,2025-05-01,85000,2,Al Murqabat
CRT2133506646,2025-11-07,80000,3,Madinat Hind 4
CNT2133500847,2025-11-15,15000,Office,Al Mararr
CNT2133670131,2025-11-28,56000,Studio,Wadi Al Safa 7
CNT2133048618,2025-11-01,48000,Office,Al Twar Fifth
CNT2132591473,2025-09-11,25000,Shop,Naif
CRT2133094226,2025-10-20,80000,1,Al Barsha South Fourth
CNT2129799744,2025-02-15,50000,1,Al Buteen
CNT2133198555,2025-10-27,45045,1,Al Nahda First
CNT2132821764,2025-09-29,20000,Office,Dubai Investment Park First
CNT2131953953,2025-08-05,60000,1,Al Barsha South Fourth
CNT2130312225,2026-04-10,30000,Office,Al Warsan First
CNT2131759357,2025-07-01,100000,2,Al Thanyah Fifth
CNT2134105012,2025-08-01,38000,1,Warsan Fourth
CNT2133892466,2025-12-10,80000,2,Al Bada
CNT2130094233,2025-01-01,29000,Office,Naif
CNT2133250034,2025-09-01,43960,Office,Dubai International Airport
CNT2130148411,2025-03-18,62000,1,Al Garhoud
CRT2133987766,2025-12-13,149914,2,Burj Khalifa
CNT2134122223,2026-01-01,45000,Office,Ras Al Khor Industrial Third
CNT2134042621,2025-12-21,120000,1,Burj Khalifa
CNT2133721902,2026-01-02,42000,1,Al Qusais Industrial First
CNT2133199417,2025-11-01,78000,1,Al Satwa
CNT2129618615,2025-02-14,46000,Studio,Al Thanyah Fifth
CNT2129259014,2025-02-07,15000,Office,Al Barsha First
CRT2131563136,2025-06-26,88000,1,Business Bay
CNT2134265876,2026-01-15,72000,2,Al Warqa First
CNT2127263079,2025-01-01,32760,1,Naif
CNT2131768813,2025-08-14,121770,Office,Um Hurair Second
CNT2130287890,2025-03-01,80785,Shop,Um Suqaim Second
CNT2127579519,2025-02-01,72000,2,Al Thanyah First
CNT2131905225,2025-06-22,5000,Office,Rega Al Buteen
CNT2131752522,2025-07-08,10000,Office,Abu Hail
CRT2130272996,2025-05-01,43000,Studio,Al Merkadh
CNT2134196822,2026-01-20,42000,Shop,Al Mararr
CNT2133857312,2025-12-15,10000,Office,Al Garhoud
CNT2131933731,2025-07-22,15000,Office,Al Murqabat
CNT2132407686,2025-08-01,70000,Office,Mankhool
CRT2132668666,2025-10-05,84000,1,Al Barsha South Fourth
CNT2132771851,2025-09-26,110400,Studio,Al Goze Third
CNT2134017062,2026-01-05,32000,Studio,Al Ras
CRT2133512916,2025-11-17,15000,Office,Port Saeed
CNT2129048947,2025-03-04,52000,2,Al Qusais Industrial Fifth
CNT2132508993,2025-05-11,91350,2,Al Hebiah First
CNT2130014501,2025-03-05,17800,Office,Al Mararr
CNT2133710113,2026-01-01,10000,Office,Al Muteena
CNT2131361347,2025-07-01,22000,Shop,Cornich Deira
CNT2133070065,2025-10-17,15000,Office,Business Bay
CNT2132604940,2025-09-12,15000,Office,Al Khabeesi
CNT2132548181,2025-10-03,38000,Studio,Me'Aisem First
CRT2130920706,2025-02-15,22000,Shop,Al Dhagaya
CNT2128573617,2025-02-25,12000,Office,Al Raffa
CNT2130676676,2025-06-15,57000,2,Al Twar Fifth
CNT2133259674,2025-10-06,25920,Room in labor camp,Saih Shuaib 4
CNT2128729775,2025-01-25,40950,2,Al Warsan First
CNT2133095242,2025-11-14,54450,1,Mirdif
CNT2129368463,2025-02-10,17000,Office,Saih Shuaib 2
CNT2133470392,2025-11-01,64521,1,Nad Hessa
CNT2130861883,2025-05-20,45000,1,Madinat Hind 4
CNT2130064174,2025-03-01,28000,Office,Al Ras
CNT2130299124,2025-03-26,15000,Studio,Hor Al Anz
CNT2131417836,2025-01-01,46300,Shop,Naif
CNT2134150567,2026-01-10,37799,1,Ras Al Khor Industrial Third
CNT2126876824,2025-01-01,24200,Office,Al Khabeesi
CNT2132998821,2025-10-13,15000,Office,Al Khabeesi
CNT2130202550,2025-03-18,15000,Office,Al Khabeesi
CNT2131166954,2025-04-20,52500,1,Dubai Investment Park First
CNT2132950584,2025-10-08,15000,Warehouse,Ras Al Khor Industrial First
CNT2131762903,2025-03-01,75000,Shop,Al Warsan First
CNT2133855497,2025-12-16,78750,2,Mankhool
CNT2129832929,2025-01-10,92400,Office,Mankhool
CNT2130072364,2025-03-07,15000,Office,Al Goze Third
CNT2133916379,2025-10-24,71500,2,Ras Al Khor Industrial Third
CNT2132800077,2025-09-21,65000,2,Al Karama
CNT2131129652,2025-05-30,22000,Office,Port Saeed
CNT2132904889,2025-10-06,90000,Office,Hor Al Anz East
CNT2129594702,2025-02-13,15000,Office,Al Nahda First
CNT2133198617,2025-10-25,33600,Office,Al Goze Third
CNT2131758453,2025-07-01,126000,3,Al Yelayiss 2
CNT2134093696,2025-12-16,38000,Office,Port Saeed
CNT2132691570,2025-09-18,15000,Office,Al Karama
CNT2133743484,2025-11-25,100000,3,Al Murqabat
CRT2129719626,2025-02-20,30000,Studio,Al Warsan First
CNT2131126083,2025-06-15,50000,Studio,Al Barsha South Fourth
CNT2132423502,2025-10-24,30615,Office,Madinat Al Mataar
CNT2129848033,2025-02-19,15000,Office,Port Saeed
CNT2131119779,2025-06-01,100000,1,Trade Center First
CNT2130117650,2025-03-11,20000,Office,Business Bay
CRT2131952395,2025-07-30,115000,3,Madinat Al Mataar
CRT2132870386,2025-10-01,50000,Studio,Al Merkadh
CNT2132850653,2025-10-02,45000,Studio,Al Merkadh
CNT2132237040,2025-10-30,38200,1,Warsan Fourth
CNT2130371081,2025-01-01,66000,2,Mankhool
CNT2130045999,2025-02-10,62000,Shop,Al Warsan First
CNT2130245136,2025-04-01,52920,2,Al Karama
CNT2130236599,2025-03-25,90050,1,Me'Aisem First
CNT2129373979,2025-03-01,45000,Office,Al Sabkha
CNT2131212813,2025-06-04,15000,Office,Al Baraha
CNT2130052542,2025-03-01,48840,Office,Al Ras
CNT2127291957,2025-02-07,25500,1,Muhaisanah Fourth
CNT2134083241,2025-11-14,167913,Office,Al Thanyah Fifth
CNT2134077211,2025-12-28,31939,Studio,Jabal Ali First
CNT2130993197,2025-06-19,79999,2,Al Murqabat
CNT2133097857,2025-10-01,53500,1,Warsan Fourth
CNT2130719463,2025-05-01,40000,1,Al Hamriya
CNT2133098138,2025-10-20,20000,Office,Trade Center First
CNT2132976259,2025-10-10,20000,Office,Al Karama
CNT2128313698,2025-01-05,62100,Shop,Al Warsan First
CNT2130346940,2025-03-15,36383,2,Muhaisanah Fourth
CNT2128437898,2025-01-01,88000,3,Mirdif
CNT2133131367,2025-10-25,44000,Studio,Madinat Al Mataar
CNT2128562669,2025-01-30,49500,Studio,Al Hebiah Fourth
CNT2130755075,2025-04-01,48510,1,Al Suq Al Kabeer
CNT2130723082,2025-04-28,80500,2,Al Murqabat
CNT2131286152,2025-06-12,15000,Office,Al Barsha First
CNT2130164428,2025-03-12,120000,2,Mankhool
CNT2132324780,2025-08-01,125000,Warehouse,Al Goze Industrial Fourth
CNT2129117729,2025-02-05,15000,Office,Dubai Investment Park First
CNT2131333066,2025-05-15,35000,1,Al Warsan First
CNT2132128437,2025-09-14,64433,2,Jabal Ali First
CNT2132377882,2025-07-20,121000,2,Al Karama
CNT2133654121,2025-11-27,15000,Office,Al Garhoud
CNT2131492999,2025-08-12,52346,1,Jabal Ali First
CNT2131291139,2025-06-01,25360,Shop,Al Khawaneej Second
CNT2133634688,2025-12-01,90000,2,Al Barsha First
CNT2133079338,2025-10-20,80000,1,Al Barsha South Fourth
CNT2130902196,2025-02-04,64000,1,Jabal Ali First
CNT2133197000,2025-10-25,66918,Shop,Al Warsan First
CNT2130683883,2025-04-22,50600,Shop,Al Warsan First
CNT2129825339,2025-01-15,39820,Office,Jabal Ali First
CNT2129939889,2025-02-26,20000,Office,Port Saeed
CNT2133414275,2025-11-08,20000,Office,Dubai Investment Park First
CNT2127355635,2025-01-01,150000,Shop,Al Dhagaya
CNT2128320913,2025-01-11,52091,1,Jabal Ali First
CNT2133817151,2025-11-25,45000,1,Al Nahda First
CNT2133989579,2025-12-27,54574,1,Mirdif
CNT2133596768,2025-10-24,75000,1,Al Barsha South Fourth
CNT2131940299,2025-07-01,100000,Shop,Al Karama
CNT2133299182,2025-11-03,10000,Office,Al Garhoud
CNT2133987234,2025-12-22,73600,Office,Al Qusais Industrial Second
CNT2133849150,2026-01-06,60000,3,Al Qusais Industrial Fifth
CNT2134113521,2026-01-06,58000,Studio,Al Barsha South Third
CNT2133894313,2025-12-28,105800,3,Trade Center Second
CNT2131139908,2025-05-20,36000,Shop,Muhaisanah Second
CNT2131868720,2025-07-16,15000,Office,Al Mararr
CNT2131128968,2025-06-16,56700,2,Hor Al Anz
CNT2131041797,2025-06-05,112376,Office,Al Safouh Second
CNT2134320662,2026-01-20,20000,Office,Dubai Investment Park First
CRT2133412526,2025-11-14,151000,2,Nad Al Shiba First
CRT2131583046,2025-07-16,125000,1,Business Bay
CRT2127158256,2025-01-04,50000,1,Nad Hessa
CNT2133005520,2025-10-25,38000,Studio,Wadi Al Safa 5
CNT2131092500,2025-06-02,160000,3,Jumeirah First
CRT2129981968,2025-02-01,90000,Studio,Business Bay
CNT2132686092,2025-09-20,55000,1,Al Hebiah Fourth
CNT2130855526,2025-05-13,40500,Studio,Warsan Fourth
CNT2131965837,2025-06-30,41500,1,Madinat Al Mataar
CNT2132986233,2025-08-15,115000,4,Mirdif
CNT2130328755,2025-04-15,46000,1,Nad Hessa
CNT2132315563,2025-08-20,16000,Office,Mankhool
CNT2130502993,2025-04-15,11000,Office,Mankhool
CNT2130760342,2025-05-01,34776,Studio,Dubai Investment Park Second
CRT2127984656,2025-01-01,35000,Shop,Al Suq Al Kabeer
CRT2127805004,2025-01-13,150000,2,Al Thanyah Third
CNT2133204935,2025-10-05,71300,1,Trade Center First
CNT2127686226,2025-01-14,25955,Studio,Al Warsan First
CNT2129436255,2025-03-04,70000,Shop,Al Goze Third
CRT2130675326,2025-05-01,57000,1,Al Hebiah Fourth
CNT2132856929,2025-09-20,110000,3,Rega Al Buteen
CNT2131295127,2025-06-01,94875,Studio,Al Goze Industrial Second
CNT2132103129,2025-08-09,57750,1,Al Karama
CNT2130451692,2025-04-01,36500,Studio,Me'Aisem First
CNT2133022794,2025-11-21,20000,1,Muhaisanah Fourth
CNT2133607843,2025-11-24,52000,1,Al Murqabat
CNT2133896429,2025-12-17,20000,Office,Dubai Investment Park First
CNT2130236357,2025-04-01,33000,Studio,Al Suq Al Kabeer
CNT2130982401,2025-04-27,34500,1,Nad Hessa
CRT2133187786,2025-08-15,45000,Studio,Jabal Ali First
CNT2129952193,2025-02-10,30800,Studio,Eyal Nasser
CNT2128091630,2025-01-09,35000,1,Al Warsan First
CNT2132736440,2025-10-01,60000,1,Al Barsha First
CNT2132487435,2025-09-28,61492,2,Jabal Ali First
CNT2131876559,2025-07-15,74000,2,Al Raffa
CNT2130823799,2025-05-09,52000,Shop,Al Warsan First
CNT2133863348,2025-12-15,20000,Kiosk,Nad Al Shiba Third
CNT2129648990,2025-03-01,36000,Shop with a mezzanine,Al Twar First
CNT2130819186,2025-05-01,36000,1,Al Nahda Second
CRT2131343636,2025-06-20,32000,Studio,Al Warsan First
CNT2128525495,2025-01-24,140000,3,Mankhool
CRT2132744766,2025-09-30,55000,1,Wadi Al Safa 2
CNT2131771662,2025-06-15,87000,1,Business Bay
CRT2133416216,2025-11-10,50000,1,Madinat Hind 4
CNT2134285851,2026-01-17,20000,Office,Dubai Investment Park First
CNT2130086270,2025-05-01,152000,4,Nad Hessa
CRT2130380666,2025-04-01,110400,Office,Al Thanyah Fifth
CNT2131006443,2025-05-21,15000,Office,Saih Shuaib 3
CNT2130466735,2025-04-01,39500,2,Al Qusais Industrial Fourth
CNT2132330970,2025-09-13,19000,Studio,Muhaisanah Fourth
CNT2133782900,2025-12-10,87000,2,Mankhool
CNT2131199857,2025-06-01,44000,2,Al Nahda Second
CNT2130259271,2025-03-24,51999,1,Naif
CNT2132213220,2025-08-12,20000,Office,Ras Al Khor Industrial Third
CNT2132656991,2025-10-01,95000,3,Al Warqa First
CNT2130991302,2025-01-01,21000,1,Al Suq Al Kabeer
CRT2129914056,2025-01-01,17280,Shop,Ras Al Khor Industrial Third
CNT2129837284,2025-03-10,93000,2,Mankhool
CNT2132335068,2025-08-19,29000,Studio,Al Warsan First
CNT2131496361,2025-06-30,62000,1,Al Nahda First
CNT2132511314,2025-10-10,57200,1,Jabal Ali First
CNT2131960035,2025-06-20,55000,2,Al Warqa First
CRT2130186766,2025-03-26,41000,Studio,Al Hebiah Second
CNT2133599833,2025-11-01,81000,2,Al Barsha First
CRT2130846221,2025-05-25,85000,1,Al Barsha South Fourth
CNT2133068905,2025-10-17,17000,Shop,Al Mararr
CNT2133907342,2026-02-27,91508,3,Mirdif
CNT2131694088,2025-07-03,15000,Office,Al Goze Industrial First
CRT2132245756,2025-08-15,102275,1,Al Khairan First
CNT2131900737,2025-08-19,114345,2,Jumeirah First
CRT2130805096,2025-05-10,95000,3,Madinat Hind 4
CNT2131547142,2025-06-26,10000,Office,Al Mararr
CNT2130445886,2025-06-10,90000,2,Trade Center Second
CNT2130381022,2025-04-04,11000,Office,Mankhool
CNT2132103152,2025-09-01,52000,1,Me'Aisem First
CNT2131796389,2025-06-15,156000,Showroom,Hor Al Anz East
CNT2131748339,2025-07-01,48400,1,Al Karama
CNT2128510845,2025-02-07,49091,1,Al Goze Industrial Second
CNT2130235307,2025-03-27,60000,1,Al Warqa First
CRT2132533426,2025-07-15,75000,2,Al Nahda First
CNT2131823779,2025-07-19,180000,3,Marsa Dubai
CNT2127021501,2025-01-09,15000,Office,Trade Center Second
CNT2129113954,2025-02-01,21000,Office,Al Safouh Second
CNT2133807157,2025-12-08,62000,2,Hor Al Anz East
CNT2130784962,2025-05-05,15000,Office,Al Khabeesi
CNT2129918517,2025-01-02,36750,Studio,Al Ras
CNT2130078401,2025-03-08,15000,Office,Hor Al Anz
CNT2134192072,2026-01-20,25000,Office,Ras Al Khor Industrial Second
CNT2131569219,2025-07-10,40000,1,Muhaisanah Fourth
CRT2134176466,2026-01-01,54000,1,Nad Hessa
CNT2129436424,2025-02-01,94500,3,Al Karama
CNT2129188428,2025-02-17,39878,2,Al Nahda First
CNT2132572727,2025-08-14,40000,Office,Naif
CNT2133272100,2025-10-01,72600,Office,Nad Hessa
CNT2128320156,2025-02-15,58000,2,Oud Metha
CNT2127617513,2025-01-01,56000,Shop,Al Ras
CRT2133619716,2025-10-21,60000,2,Al Warqa First
CRT2132118326,2025-05-01,30000,Studio,Muhaisanah Fourth
CNT2133086828,2025-10-20,15000,Office,Al Khabeesi
CNT2133966881,2025-12-01,90750,Warehouse,Jabal Ali Industrial First
CNT2127249596,2025-01-02,125000,3,Rega Al Buteen
CRT2130384666,2025-03-01,48000,Studio,Nad Hessa
CNT2129872979,2025-02-25,90000,3,Madinat Hind 4
CNT2130246173,2025-04-10,51450,1,Warsan Fourth
CNT2131549975,2025-06-01,47000,2,Al Qusais
CNT2131961557,2025-07-31,35565,1,Al Warsan First
CNT2133216692,2025-10-31,32000,Studio,Al Barsha South Fourth
CNT2133877022,2025-12-10,58322,1,Business Bay
CRT2133459666,2025-11-10,180000,2,Business Bay
CNT2128965587,2025-01-30,5000,Office,Al Goze Industrial First
CNT2134190019,2026-01-23,46000,Studio,Al Muteena
CRT2132539546,2025-09-09,78000,1,Business Bay
CNT2130417854,2025-04-08,15000,Office,Al Khabeesi
CRT2133101811,2025-11-01,160000,3,Wadi Al Safa 3
CNT2133290228,2025-11-05,68000,1,Al Thanyah Fifth
CNT2133584216,2025-11-21,36000,Office,Burj Khalifa
CNT2133647953,2025-10-01,25000,Shop with a mezzanine,Al Suq Al Kabeer
CNT2133252023,2025-10-30,15000,Office,Abu Hail
CNT2132611041,2025-10-15,40000,Studio,Al Raffa
CNT2133993767,2025-12-25,15000,Office,Al Mararr
CNT2130972816,2025-05-19,15000,Office,Al Murqabat
CNT2130173072,2025-03-16,15000,Showroom,Al Garhoud
CRT2132870216,2025-10-02,88000,1,Marsa Dubai
CNT2129585147,2025-02-19,57999,1,Jabal Ali First
CNT2131873895,2025-07-17,16000,Office,Al Goze Third
CNT2133721626,2025-12-01,82500,Office,Al Garhoud
CNT2132116668,2025-07-15,177000,3,Burj Khalifa
CNT2130669275,2025-04-26,15000,Office,Al Khabeesi
CRT2129731666,2025-02-18,77000,1,Al Thanyah Third
CNT2128529798,2025-02-07,25000,Office,Port Saeed
CNT2132270105,2025-08-16,27000,Studio,Al Baraha
CRT2131091315,2025-06-01,70000,Hotel,Jabal Ali First
CNT2132977765,2025-09-01,90000,Shop,Al Hamriya
CNT2130820014,2025-05-07,35658,Office,Business Bay
CNT2134053884,2025-12-31,15000,Office,Al Mararr
CNT2131893284,2025-08-01,32000,Studio,Al Barsha South Third
CNT2131094480,2025-06-14,51700,2,Al Nahda Second
CRT2129995176,2025-03-07,120000,2,Business Bay
CNT2130077716,2025-04-01,35000,1,Al Qusais Industrial First
CNT2131904527,2025-07-24,56999,2,Ras Al Khor Industrial Third
CRT2130108916,2025-03-01,35640,1,Al Warsan First
CNT2133345225,2025-11-01,50500,1,Mankhool
CNT2132190885,2025-08-01,140000,2,Hadaeq Sheikh Mohammed Bin Rashid
CNT2131662182,2025-07-01,15000,Office,Naif
CNT2133832381,2025-10-25,34980,Studio,Al Barsha South Fourth
CNT2134042126,2026-01-02,93000,3,Hessyan First
CNT2133658383,2026-01-01,130000,2,Business Bay
CRT2131011096,2025-03-25,48000,2,Al Warsan First
CNT2131714693,2025-07-05,15000,Office,Al Barsha First
CNT2132200802,2025-08-01,62500,2,Dubai Investment Park First
CNT2133950898,2025-05-05,45000,1,Nad Hessa
CNT2130026075,2025-01-06,74000,1,Al Thanyah Fifth
CNT2131370169,2025-06-03,87125,2,Al Barsha First
CNT2129369607,2025-02-10,52500,Office,Trade Center First
CNT2133677467,2025-12-01,44348,Office,Trade Center First
CNT2133425118,2025-11-10,20000,Office,Dubai Investment Park First
CRT2128532297,2025-01-25,94500,1,Burj Khalifa
CNT2132609038,2025-09-12,20000,Office,Dubai Investment Park First
CRT2128922308,2025-02-01,170363,4,Al Yelayiss 1
CNT2132777750,2025-08-01,12000,Shop,Muhaisanah Second
CRT2130334456,2025-04-01,160000,4,Madinat Al Mataar
CNT2131876469,2025-07-17,121050,Office,Al Twar Fifth
CNT2128321175,2025-01-21,20000,Office,Hor Al Anz
CNT2131745049,2025-08-01,65000,1,Al Hebiah First
CNT2130206197,2025-04-05,78750,2,Al Karama
CNT2133719767,2025-12-04,21000,Office,Ras Al Khor Industrial Second
CNT2132647225,2025-10-17,47000,2,Al Qusais Industrial Fifth
CRT2132598016,2025-10-01,87000,2,Al Yelayiss 2
CNT2133530331,2025-11-18,15000,Office,Al Goze First
CNT2129885506,2025-02-22,20000,Office,Hor Al Anz
CRT2132158936,2025-06-18,45000,1,Mirdif
CNT2133992819,2026-01-01,100000,Restaurant,Al Khawaneej Second
CRT2133313796,2025-10-25,100000,2,Me'Aisem First
CRT2134313066,2026-01-04,54000,Studio,Al Merkadh
CNT2128791958,2025-01-01,42000,1,Hor Al Anz East
CRT2131692896,2025-02-28,92000,2,Al Thanyah First
CNT2130213037,2025-03-15,102500,2,Al Murqabat
CNT2132590107,2025-08-25,68250,1,Business Bay
CNT2130328324,2025-04-25,50820,1,Mirdif
CNT2130530167,2025-04-15,48999,Studio,Jabal Ali First
CNT2134137475,2025-11-15,96000,Warehouse,Dubai Investment Park Second
CNT2131740582,2025-07-08,48000,Studio,Nad Hessa
CNT2131402213,2025-05-25,75000,Shop,Al Suq Al Kabeer
CNT2132595571,2025-09-11,20000,Office,Al Muteena
CNT2130665281,2025-04-22,35655,1,Al Warsan First
CNT2131804909,2025-07-01,39725,Shop,Al Warsan First
CNT2132180660,2025-08-25,40000,Studio,Nad Hessa
CNT2132207249,2025-08-11,15000,Office,Naif
CNT2132773048,2025-08-07,42000,Room in labor camp,Jabal Ali Industrial First
CNT2134046502,2025-12-02,90000,2,Mankhool
CNT2127866785,2025-01-18,58800,1,Al Warqa First
CNT2130416139,2025-04-08,16000,Office,Business Bay
CNT2129928190,2025-02-25,77000,Shop,Al Buteen
CNT2128437050,2025-01-10,56000,Shop,Al Mararr
CNT2127412646,2025-01-03,21000,Office,Rega Al Buteen
CRT2130610626,2025-05-01,40606,1,Wadi Al Safa 5
CNT2130026914,2025-03-01,112560,Shop,Nad Hessa
CNT2132710491,2025-10-07,50000,1,Al Hebiah Fourth
CNT2133752418,2025-12-06,15000,Office,Al Muteena
CNT2129777138,2025-02-17,20000,Office,Business Bay
CNT2134309009,2026-01-15,85000,2,Oud Metha
CNT2133002620,2025-10-23,40000,1,Al Qusais Industrial Fifth
CNT2128520639,2025-01-29,57999,2,Al Karama
CNT2130979567,2025-05-10,25500,1,Muhaisanah Fourth
CNT2131241582,2025-06-12,115000,2,Business Bay
CNT2134209087,2025-11-10,120000,Shop,Al Twar Second
CRT2132018316,2025-08-03,114692,2,Al Khairan First
CNT2131715079,2025-07-05,20000,1,Al Bada
CNT2133348428,2025-10-01,35000,Studio,Al Baraha
CNT2132490093,2025-06-01,39000,1,Al Warsan First
CNT2128961964,2025-02-03,6000,Room in labor camp,Al Goze Third
CRT2131191316,2025-06-15,55000,1,Dubai Investment Park Second
CNT2132946265,2025-09-12,61000,1,Business Bay
CNT2130804381,2025-06-07,45000,Studio,Al Hebiah Fourth
CNT2130811485,2025-05-24,35000,1,Hor Al Anz
CNT2133300422,2025-11-05,38000,1,Al Qusais Industrial Fifth
CNT2133230104,2025-10-29,55845,1,Al Qusais Industrial Fourth
CNT2130776448,2025-04-16,56000,1,Hor Al Anz East
CRT2133619216,2025-12-09,100000,Shop,Al Twar Fifth
CNT2129375517,2025-02-04,35200,Office,Business Bay
CNT2133568030,2025-11-20,105000,2,Al Goze Fourth
CNT2133454573,2025-10-17,68650,1,Al Karama
CNT2134334792,2026-01-13,150000,2,Al Thanyah Fifth
CNT2130025141,2025-03-16,35587,1,Al Warsan First
CRT2132998936,2025-07-01,48000,Shop,Al Dhagaya
CNT2128289508,2025-01-24,73500,2,Al Satwa
CRT2127883056,2025-01-15,162750,2,Burj Khalifa
CNT2130288553,2025-02-15,148800,Office,Al Ras
CNT2130301590,2025-02-22,65048,2,Mirdif
CRT2127680696,2025-01-20,55000,1,Al Barsha South Fifth
CNT2127491869,2025-01-06,15000,Office,Wadi Al Safa 2
CRT2131811540,2025-07-25,105000,1,Marsa Dubai
CNT2130489986,2025-02-10,159390,3,Nad Hessa
CRT2130779346,2025-06-15,170000,2,Al Thanyah Fifth
CNT2132780999,2025-09-25,15000,Office,Dubai Investment Park First
CNT2134012657,2025-12-27,15000,Office,Naif
CRT2130671226,2025-05-01,45000,Studio,Al Warsan First
CNT2133696061,2025-12-06,63956,Shop,Madinat Dubai Almelaheyah
CNT2130664474,2025-05-10,63500,1,Warsan Fourth
CNT2133661000,2025-09-20,36500,Studio,Nad Hessa
CRT2131688186,2025-07-04,45000,1,Nad Hessa
CNT2127421636,2025-01-04,10000,Office,Al Wasl
CNT2132216480,2025-08-12,10000,Office,Port Saeed
CNT2132733367,2025-09-20,125000,2,Al Barsha South Fourth
CNT2127975816,2025-01-14,45980,1,Jabal Ali First
CNT2131154948,2025-06-17,150006,Office,Dubai Investment Park First
CNT2133960663,2025-06-01,104564,Warehouse,Al Goze Industrial Fourth
CRT2130802056,2025-05-01,115000,5,Hor Al Anz
CRT2131091396,2025-05-15,85800,3,Madinat Hind 4
CRT2132843256,2025-10-05,180000,4,Al Yelayiss 1
CNT2132774611,2025-09-25,20000,Office,Naif
CNT2133538110,2025-11-23,52000,Studio,Wadi Al Safa 7
CNT2132373962,2025-08-25,15000,Office,Al Mararr
CRT2133416089,2025-10-25,24475,Studio,Al Warsan First
CNT2130407276,2025-04-15,45000,1,Warsan Fourth
CNT2131187929,2025-06-01,70000,Office,Naif
CNT2132986990,2025-10-11,15000,Office,Al Khabeesi
CNT2129734972,2025-02-20,39300,1,Al Warqa First
CNT2132148311,2025-09-10,60000,2,Al Nahda Second
CNT2131918487,2025-04-01,46500,1,Al Barsha South Third
CRT2133950316,2025-10-01,75000,Shop,Naif
CNT2130469187,2025-04-15,99734,2,Al Nahda First
CRT2132880416,2025-10-04,100000,2,Rega Al Buteen
CNT2131655177,2025-07-01,65000,1,Al Satwa
CNT2129366035,2025-02-10,55000,Shop,Al Suq Al Kabeer
CNT2130217852,2025-04-20,155000,2,Business Bay
CNT2133543219,2025-11-15,48000,Studio,Jabal Ali First
CNT2128292654,2025-02-01,84000,Shop,Al Dhagaya
CNT2130339127,2025-04-30,48450,Shop,Al Wasl
CNT2132559434,2025-09-19,70331,Office,Al Safouh Second
CNT2133415325,2025-11-08,43000,Shop,Al Mararr
CRT2134206656,2025-12-10,23650,Studio,Al Warsan First
CNT2127377087,2025-01-01,121280,Shop,Al Barsha First
CNT2129858749,2025-02-01,55000,Warehouse,Um Ramool
CNT2131170967,2025-06-02,70000,1,Al Bada
CNT2133655570,2025-12-15,27000,1,Muhaisanah Fourth
CNT2132220167,2025-08-16,30030,2,Al Qusais
CNT2133929018,2025-12-20,24500,Studio,Al Warsan First
CNT2133197395,2025-09-07,60900,2,Mirdif
CNT2132649087,2025-09-22,43000,Studio,Al Karama
CRT2134192656,2026-01-10,36000,Studio,Madinat Al Mataar
CNT2131200543,2025-06-03,10000,Office,Al Baraha
CNT2130525840,2025-04-16,25000,Office,Port Saeed
CNT2128118428,2025-01-25,21000,Shop,Naif
CNT2132865978,2025-10-10,22000,Studio,Naif
CNT2132951877,2025-10-08,15000,Office,Al Khabeesi
CNT2132463122,2025-09-01,20000,Office,Dubai Investment Park Second
CNT2132607912,2025-09-22,65000,1,Nad Hessa
CRT2131036556,2025-06-01,95000,3,Al Twar First
CRT2133030456,2025-10-05,34000,Studio,Madinat Al Mataar
CNT2132356838,2025-08-20,17000,Office,Port Saeed
CNT2132610951,2025-09-10,55000,Office,Business Bay
CNT2127155857,2025-01-15,41927,1,Nad Al Hamar
CNT2133825353,2025-12-31,27500,Studio,Al Warsan First
CNT2130092447,2025-03-01,55440,2,Al Raffa
CRT2127594826,2025-01-08,55000,Studio,Al Merkadh
CNT2133856568,2025-11-25,48000,Studio,Al Bada
CNT2132872743,2025-09-23,39900,1,Al Karama
CNT2132860443,2025-10-01,28000,Office,Trade Center First
CNT2133181798,2025-11-01,60000,Studio,Al Barsha South Fourth
CNT2133723705,2025-12-04,20000,Office,Al Khabeesi
CNT2133546764,2025-12-01,60000,1,Nad Al Hamar
CNT2130987269,2025-05-20,15000,Office,Business Bay
CNT2131414896,2025-07-05,38000,1,Al Muteena
CNT2131083380,2025-05-27,15000,Office,Business Bay
CRT2132470146,2025-09-01,85000,1,Marsa Dubai
CNT2133656133,2025-11-27,20000,Office,Al Muteena
CNT2134087079,2026-01-25,113000,2,Trade Center Second
CNT2131081173,2025-04-13,135482,Warehouse,Al Goze Industrial First
CNT2133499629,2025-11-15,70800,Studio,Al Merkadh
CNT2126843800,2025-01-01,100000,Office,Al Nahda Second
CNT2133676790,2025-11-15,120000,2,Al Murqabat
CRT2131317966,2025-06-19,120000,1,Burj Khalifa
CNT2133776497,2025-12-10,32500,Studio,Al Qusais
CNT2133440493,2025-11-11,13000,Office,Al Raffa
CNT2134207939,2025-12-15,104000,3,Mankhool
CNT2133596510,2025-12-01,86000,2,Madinat Al Mataar
CNT2130962549,2025-05-19,16000,Office,Al Goze Third
CNT2131899276,2025-08-12,59000,2,Al Warqa First
CNT2129905655,2025-02-24,15000,Office,Dubai Investment Park First
CNT2133886703,2026-01-01,46000,2,Al Qusais Industrial Fifth
CNT2132409958,2025-05-21,31770,2,Al Nahda Second
CNT2134291810,2026-02-01,23000,Studio,Al Mararr
CNT2133396264,2025-11-24,43537,2,Al Karama
CNT2132544219,2025-09-02,157658,3,Al Saffa Second
CNT2134243495,2026-02-01,46000,Studio,Al Barsha South Third
CNT2131006153,2025-05-21,21000,Office,Dubai Investment Park First
CNT2132884320,2025-10-03,15000,Office,Al Goze First
CNT2132928386,2025-09-26,50000,Studio,Al Merkadh
CNT2132297594,2025-08-19,20000,Office,Saih Shuaib 2
CNT2132172862,2025-07-17,24000,Office,Al Mararr
CNT2132726816,2025-09-22,30000,1,Al Dhagaya
CNT2128129505,2025-01-19,70000,2,Warsan Fourth
CRT2132612556,2025-09-12,12000,Office,Nad Hessa
CRT2129055746,2025-01-17,29700,Studio,Al Hebiah Fourth
CNT2127890577,2025-01-13,15000,Office,Al Mararr
CNT2130706322,2025-04-25,65000,Shop,Al Mararr
CNT2132264260,2025-08-15,15000,Office,Al Suq Al Kabeer
CNT2133496847,2025-11-14,20000,Office,Al Khabeesi
CNT2131228017,2025-06-24,40000,1,Al Qusais
CNT2131967129,2025-07-16,47000,1,Al Qusais
CNT2128573215,2025-01-28,20000,Office,Al Goze Industrial First
CNT2132674902,2025-10-18,153000,2,Jumeirah First
CNT2130213767,2025-04-03,62000,2,Al Karama
CNT2134332957,2026-01-20,17000,Office,Al Mararr
CNT2133038604,2025-10-16,78000,2,Nad Hessa
CNT2133966902,2025-09-01,57000,2,Al Nahda First
CNT2133588881,2025-11-22,15000,Office,Al Hamriya
CRT2134217046,2026-01-13,10000,Office,Hor Al Anz
CNT2132244615,2025-08-14,20000,Office,Ras Al Khor Industrial Second
CNT2130528022,2025-03-25,51865,1,Al Karama
CRT2129443106,2025-02-01,175000,3,Wadi Al Safa 5
CNT2133068388,2025-11-06,40950,1,Al Goze Industrial Second
CRT2131846866,2025-07-20,110000,3,Mirdif
CNT2130719851,2025-05-15,115000,Duplex,Al Raffa
CNT2133071862,2025-10-02,186271,2,Al Wasl
CNT2131979370,2025-08-07,145000,4,Madinat Hind 4
CRT2133493186,2025-10-01,94000,3,Jabal Ali Industrial Second
CNT2133796946,2025-11-25,7000,Warehouse,Dubai Investment Park Second
CNT2131313968,2025-06-14,15000,Office,Hor Al Anz
CNT2132538186,2025-04-18,137500,2,Al Safouh Second
CNT2130606834,2025-04-25,90500,2,Al Barsha First
CNT2132485498,2025-07-01,50000,Shop,Cornich Deira
CNT2132072585,2025-08-10,75000,2,Nad Hessa
CNT2130289430,2025-04-01,113305,Shop,Mirdif
CNT2132639169,2025-09-17,86000,2,Al Jadaf
CNT2132041764,2025-09-01,78000,1,Nad Hessa
CNT2132155767,2025-07-23,68000,2,Warsan Fourth
CNT2134093000,2026-01-05,15000,Office,Al Khabeesi
CNT2130609117,2025-04-20,50000,1,Al Hudaiba
CNT2131072787,2025-05-26,20000,Office,Saih Shuaib 2
CNT2129944895,2025-03-01,39281,Studio,Al Karama
CNT2132875500,2025-10-02,165000,1,Marsa Dubai
CNT2131059413,2025-06-01,45000,Studio,Oud Metha
CNT2130832371,2025-04-25,55000,1,Al Barsha South Third
CNT2131931361,2025-08-01,90000,3,Hor Al Anz East
CNT2130649699,2025-04-25,33000,Studio,Nad Hessa
CNT2131542961,2025-01-25,15750,1,Al Jadaf
CRT2129912436,2025-02-20,100000,1,Al Merkadh
CNT2126686494,2025-01-01,38115,1,Muhaisanah Fourth
CNT2132832312,2025-09-30,15000,Office,Al Goze Third
CNT2132264099,2025-07-01,28800,Labor camp,Jabal Ali Industrial First
CNT2133680227,2025-12-01,50000,Studio,Al Barsha South Third
CRT2131063786,2025-03-09,125000,Shop,Al Merkadh
CNT2133844194,2025-12-20,100000,2,Al Barsha First
CNT2134134115,2026-01-06,70000,1,Ras Al Khor Industrial Third
CNT2133246294,2025-10-30,15000,Office,Saih Shuaib 3
CNT2134265162,2025-12-23,30200,Studio,Naif
CRT2133643966,2025-02-08,69000,1,Al Thanyah Fifth
CNT2133570985,2025-11-23,55000,1,Muhaisanah Fourth
CNT2131104649,2025-06-05,83000,2,Al Barsha South Third
CNT2133830204,2025-11-27,32000,Studio,Warsan Fourth
CNT2130684022,2025-05-07,49266,1,Mirdif
CRT2133989956,2025-12-24,35000,2,Abu Hail
CNT2131535613,2025-06-25,20000,Office,Burj Khalifa
CNT2130298312,2025-03-26,15000,Office,Al Nahda Second
CNT2130470231,2025-02-25,77385,2,Mankhool
CNT2133977783,2025-12-24,17000,Office,Abu Hail
CNT2128967832,2025-02-03,15000,Office,Al Muteena
CNT2132917056,2025-09-10,48000,Room in labor camp,Al Goze Third
CNT2132723443,2025-10-05,103950,2,Business Bay
CNT2130255273,2025-03-22,20000,Office,Al Rega
CNT2131889883,2025-07-18,15000,Office,Al Khabeesi
CNT2131726250,2025-06-10,37000,1,Al Nahda Second
CNT2130420150,2025-03-18,86000,4,Mirdif
CNT2129981817,2025-02-28,32340,1,Al Baraha
CNT2128703052,2025-01-11,40000,Studio,Al Hebiah Third
CNT2129112976,2025-01-07,30000,Studio,Al Baraha
CNT2132757228,2025-06-25,47000,2,Al Nahda Second
CRT2133293056,2025-11-03,38182,2,Abu Hail
CRT2128827366,2025-02-01,48000,Studio,Al Merkadh
CNT2132598231,2025-09-02,30000,Studio,Eyal Nasser
CNT2133632518,2025-11-26,20000,Office,Dubai Investment Park First
CNT2130274182,2025-03-01,127000,4,Mirdif
CNT2128053522,2025-02-01,48000,2,Al Karama
CNT2127342611,2025-02-01,178275,4,Jabal Ali First
CNT2133599864,2025-11-24,15000,Office,Al Goze First
CRT2130858756,2025-05-25,46500,1,Al Warsan First
CNT2129702325,2025-03-01,100000,2,Marsa Dubai
CNT2129363040,2025-01-11,59000,2,Warsan Fourth
CRT2130203606,2025-03-18,15000,Office,Hor Al Anz
CNT2134120830,2026-01-15,120000,2,Nad Al Shiba First
CNT2133650858,2025-11-27,15000,Office,Port Saeed
CRT2133928906,2025-12-20,78000,2,Wadi Al Safa 5
CNT2134211212,2025-12-01,54000,2,Al Nahda Second
CNT2131408134,2025-06-20,20000,Office,Al Muteena
CNT2132646546,2025-09-16,20000,Office,Al Muteena
CRT2133006626,2025-08-05,38000,Studio,Al Hebiah Fourth
CNT2132337648,2025-08-21,20000,Office,Business Bay
CNT2130553622,2025-03-05,27000,Office,Al Mararr
CNT2132361711,2025-07-06,25200,Studio,Al Baraha
CNT2132134508,2025-08-10,53255,1,Al Jadaf
CNT2130835078,2025-05-08,15000,Office,Hor Al Anz
CNT2130185845,2025-03-11,52500,1,Al Satwa
CNT2132449005,2025-08-05,23000,Studio,Al Suq Al Kabeer
CNT2133655953,2025-11-30,42000,Studio,Al Murqabat
CNT2132724853,2025-08-15,13800,Labor camp,Muhaisanah Second
CRT2132075286,2025-08-01,175000,2,Marsa Dubai
CRT2127357113,2025-01-08,65000,1,Wadi Al Safa 7
CNT2130203153,2025-03-18,20000,Office,Al Rega
CNT2129368268,2025-03-05,54000,2,Al Nahda Second
CNT2131044380,2025-05-23,15000,Office,Hor Al Anz
CNT2132809166,2025-09-20,107400,3,Trade Center Second
CNT2129124526,2025-01-01,28000,Studio,Naif
CNT2130461142,2025-04-11,15000,Office,Al Mararr
CRT2130799916,2025-05-08,70000,1,Al Merkadh
CNT2130098734,2025-02-25,88540,Office,Dubai Investment Park First
CNT2131985470,2025-08-09,93500,2,Jabal Ali First
CNT2132807944,2025-10-10,167500,3,Jumeirah Third
CRT2132454346,2025-08-26,38500,Studio,Jabal Ali First
CNT2129269437,2025-02-17,85000,Shop,Al Karama
CNT2130900530,2025-05-02,124837,Office,Um Al Sheif
CNT2133729372,2025-12-04,70000,Labor camp,Al Ttay
CNT2131519507,2025-04-20,54000,Room in labor camp,Muhaisanah Second
CNT2130193586,2025-03-20,120000,3,Madinat Hind 4
CNT2132614484,2025-09-01,32500,1,Eyal Nasser
CNT2133607413,2025-10-20,35700,Studio,Al Warsan First
CNT2129367263,2025-01-16,127098,Office,Madinat Al Mataar
CNT2134194814,2026-01-12,15000,Office,Business Bay
CNT2134094718,2026-01-06,61000,1,Mankhool
CNT2129977210,2025-03-01,110000,Shop,Al Ras
CNT2129842006,2025-02-12,68250,Shop,Al Warsan First
CNT2133670952,2025-11-28,20000,Office,Trade Center First
CNT2130810671,2025-03-23,54000,1,Al Barsha South Fourth
CNT2130780804,2025-05-10,150000,3,Al Thanyah Fifth
CNT2133101743,2025-10-23,39000,Studio,Warsan Fourth
CRT2132773466,2025-10-01,135000,3,Mirdif
CNT2131059758,2025-05-26,15000,Office,Saih Shuaib 3
CNT2132982930,2025-10-10,15000,Office,Naif
CRT2133975276,2026-01-05,90000,1,Mirdif
CNT2132747605,2025-09-20,85000,Studio,Palm Jumeirah
CNT2130486108,2025-04-14,15000,Office,Al Mararr
CRT2128105871,2025-01-20,125000,3,Madinat Al Mataar
CNT2132514593,2025-09-04,15000,Office,Al Goze Industrial First
CRT2130895756,2025-05-11,32000,Studio,Me'Aisem First
CNT2130854871,2025-05-15,43890,1,Al Hebiah Fourth
CNT2129681259,2025-02-16,136000,1,Trade Center Second
CNT2133152813,2025-11-01,38000,Office,Trade Center First
CNT2132199055,2025-07-03,69000,2,Al Mamzer
CNT2132974078,2025-10-15,52000,2,Al Nahda Second
CNT2130391016,2025-02-05,75000,2,Wadi Al Safa 2
CNT2133431788,2025-11-22,54000,1,Al Nahda First
CNT2133146706,2025-10-16,46000,Studio,Al Raffa
CNT2130102161,2025-03-10,15000,Office,Hor Al Anz
CNT2129985862,2025-03-01,45000,1,Al Nahda Second
CNT2130701178,2025-02-01,50000,Shop,Al Suq Al Kabeer
CNT2132962247,2025-11-01,62370,Office,Madinat Al Mataar
CNT2131488889,2025-07-01,55000,2,Al Murqabat
CRT2131265396,2025-07-08,125000,3,Al Yelayiss 2
CNT2132735723,2025-09-25,50000,Studio,Al Suq Al Kabeer
CNT2134184675,2026-01-12,85000,1,Al Merkadh
CNT2128120297,2025-02-01,70000,2,Al Raffa
CNT2133751677,2025-12-06,20000,Office,Al Mararr
CNT2132351430,2025-08-25,90000,2,Al Murqabat
CNT2130147663,2025-03-17,135000,3,Trade Center Second
CNT2131347627,2025-06-05,33500,Studio,Eyal Nasser
CNT2129892002,2025-03-01,24675,Studio,Al Warsan First
CNT2130973535,2025-06-10,70000,2,Al Jadaf
CNT2131835567,2025-07-10,25500,Studio,Eyal Nasser
CNT2130126409,2025-04-01,51450,2,Al Nahda Second
CNT2130198898,2025-04-05,72000,2,Mankhool
CNT2130831995,2025-05-07,70000,1,Al Nahda First
CNT2134260019,2026-01-15,54000,2,Al Qusais
CRT2132643756,2025-08-20,96000,2,Al Barsha South Third
CNT2133737627,2025-12-05,17000,Office,Al Mararr
CNT2133830201,2025-12-01,59425,2,Al Warqa First
CNT2131708153,2025-04-01,78000,Studio,Al Barsha South Fourth
CNT2130066499,2025-04-28,140000,2,Al Satwa
CNT2134316829,2026-02-01,51000,Studio,Al Barsha South Third
CRT2133061356,2025-10-15,90000,1,Business Bay
CNT2133292865,2025-11-03,19000,Shop,Abu Hail
CNT2131210717,2025-05-06,69000,3,Muhaisanah Fourth
CNT2130045756,2025-02-03,130000,2,Business Bay
CNT2127750037,2025-01-01,56356,Office,Al Goze Industrial First
CNT2130666551,2025-04-25,15000,Office,Al Khabeesi
CNT2128514272,2025-02-01,85000,2,Trade Center First
CNT2130307757,2025-04-04,80000,2,Al Barsha South Third
CNT2132724795,2025-09-22,15000,Office,Saih Shuaib 3
CNT2132729143,2025-09-23,48000,Studio,Wadi Al Safa 5
CNT2133620194,2026-02-17,56595,2,Al Goze Industrial Second
CNT2128130692,2025-01-18,15000,Office,Al Mararr
CNT2130166980,2025-03-10,80000,3,Madinat Hind 4
CRT2134263126,2026-01-15,90000,1,Al Barsha South Fifth
CNT2127548201,2025-01-07,10000,Office,Trade Center First
CNT2126214280,2025-01-01,34600,Studio,Naif
CRT2134056208,2026-01-06,180000,Hotel,Business Bay
CNT2133827187,2025-12-07,54600,1,Wadi Al Safa 3
CNT2133244652,2025-08-15,42500,Studio,Al Merkadh
CNT2132505395,2025-09-03,10000,Office,Jabal Ali Industrial First
CRT2134023136,2025-11-15,55000,1,Al Warsan First
CNT2130005757,2025-03-01,62400,Room in labor camp,Al Goze Third
CNT2131756345,2025-07-20,45100,Shop,Al Mararr
CNT2131205518,2025-07-10,61000,1,Al Karama
CNT2133114941,2025-09-10,37510,Studio,Al Barsha South Third
CNT2130376761,2025-05-15,114345,2,Trade Center First
CNT2131701447,2025-07-25,66990,2,Al Karama
CNT2133147485,2025-11-19,53000,2,Al Nahda Second
CNT2131349227,2025-03-31,43200,Room in labor camp,Al Goze Industrial Fourth
CNT2134168018,2026-02-01,100000,2,Al Rega
CNT2133806763,2025-11-15,72740,2,Oud Metha
CNT2130422859,2025-04-08,20000,Office,Hor Al Anz
CNT2129799131,2025-02-01,100000,Warehouse,Ras Al Khor Industrial Second
CNT2127872610,2025-01-13,15000,Office,Al Khabeesi
CNT2132432801,2025-08-29,10000,Office,Naif
CNT2132925600,2025-10-01,155000,Shop,Al Warqa Fourth
CRT2131834357,2025-07-18,140000,2,Al Khairan First
CRT2134032856,2025-07-20,35500,1,Al Warsan First
CNT2127178967,2025-01-03,77000,2,Al Nahda First
CRT2133052916,2025-09-04,150000,2,Al Barsha South Fourth
CNT2130321499,2025-03-11,52000,Office,Al Wasl
CNT2130874666,2025-06-10,85000,2,Jumeirah First
CNT2133912023,2025-12-18,20000,Office,Dubai Investment Park First
CNT2133250570,2025-10-30,20000,Office,Al Murqabat
CNT2133627181,2025-11-25,15000,Office,Al Murqabat
CNT2133114155,2025-10-21,28500,Office,Mankhool
CRT2132902006,2025-10-10,66000,1,Al Barsha First
CNT2131987248,2025-08-01,82000,2,Al Thanyah First
CNT2133625415,2025-08-22,16800,Room in labor camp,Al Goze Third
CNT2131425394,2025-05-20,40000,2,Al Muteena
CNT2131787108,2025-07-10,12000,Office,Al Mizhar First
CNT2130443191,2025-05-05,112657,Shop,Al Warsan First
CNT2132064447,2025-04-18,56200,1,Al Barsha South Fourth
CNT2129952851,2025-03-01,27386,Shop,Nad Al Hamar
CNT2130555769,2025-04-16,87500,2,Jabal Ali First
CNT2128103759,2025-01-20,33000,1,Al Nahda First
CNT2131579115,2025-07-10,45000,1,Al Hamriya
CNT2132605149,2025-09-12,22500,Office,Dubai Investment Park First
CNT2130621769,2025-04-23,15000,Office,Burj Khalifa
CNT2130799748,2025-05-15,59000,1,Saih Shuaib 2
CRT2132293686,2025-08-20,75000,Office,Business Bay
CNT2131799837,2025-07-09,46800,Room in labor camp,Muhaisanah Second
CNT2131764364,2025-08-01,62040,Office,Nad Hessa
CNT2132627481,2025-08-23,72600,Office,Al Garhoud
CNT2133495180,2025-11-09,95000,2,Al Karama
CNT2130801841,2025-06-19,34000,1,Al Twar Fifth
CNT2134052927,2025-10-10,51000,2,Al Nahda Second
CNT2130926420,2025-05-20,60500,1,Jabal Ali First
CNT2132776313,2025-09-25,81320,2,Al Goze Fourth
CNT2131851305,2025-08-27,44000,1,Al Nahda First
CNT2133480152,2025-10-20,41000,1,Al Warsan First
CNT2128723156,2025-01-01,28000,Studio,Warsan Fourth
CNT2130316479,2025-03-29,80000,1,Al Barsha South Fourth
CNT2133072530,2025-10-20,80000,1,Nad Al Shiba First
CNT2134000237,2025-12-26,44000,1,Al Qusais
CNT2129431647,2025-02-11,38586,2,Muhaisanah Fourth
CRT2133738086,2025-12-01,52000,Studio,Al Merkadh
CRT2132119816,2025-03-31,40000,1,Muhaisanah Fourth
CNT2133489919,2025-11-14,20800,Office,Dubai Investment Park First
CRT2131339066,2025-06-20,185000,3,Business Bay
CNT2133300379,2025-11-03,30000,Office,Al Garhoud
CNT2126950171,2025-01-01,24000,1,Al Qusais
CNT2131143410,2025-05-01,35000,1,Warsan Fourth
CNT2132487615,2025-09-05,175000,4,Jabal Ali First
CNT2133625488,2025-12-01,43000,Studio,Warsan Fourth
CRT2130176896,2025-04-01,40000,Studio,Al Barsha South Second
CNT2133906776,2025-12-17,95000,2,Al Karama
CNT2129708011,2025-02-10,102000,3,Al Hamriya
CNT2132185322,2025-08-20,60000,1,Al Nahda First
CNT2132155039,2025-03-01,21600,Labor camp,Jabal Ali Industrial First
CNT2130180605,2025-01-01,55000,2,Al Qusais
CNT2133902886,2025-12-22,95201,2,Al-Cornich
CNT2130520452,2025-04-05,45000,1,Warsan Fourth
CNT2133966580,2025-12-23,20000,Office,Al Mararr
CNT2130210207,2025-03-19,42000,1,Al Murqabat
CNT2130809836,2025-05-01,57000,2,Al Hamriya
CNT2133449853,2025-08-01,57500,1,Al Satwa
CNT2127641354,2025-02-20,58000,2,Al Qusais Industrial Fourth
CNT2132009981,2025-07-06,130000,Warehouse,Al Garhoud
CNT2130424931,2025-04-07,80000,2,Wadi Al Safa 5
CNT2131962783,2025-07-23,15000,Office,Hor Al Anz
CRT2133196296,2025-11-08,67000,Studio,Al Thanyah First
CNT2131392175,2025-06-19,20000,Shop,Dubai Investment Park Second
CRT2131554982,2025-06-30,135000,1,Marsa Dubai
CNT2132506423,2025-09-10,73999,1,Al Barsha First
CNT2133883072,2025-12-06,54000,Studio,Al Barsha South Third
CNT2133110219,2025-11-01,33000,Studio,Al Muteena
CNT2132870839,2025-10-01,99750,Office,Hor Al Anz East
CRT2133135946,2025-11-01,52000,Office,Naif
CNT2128962173,2025-03-30,51000,1,Mirdif
CNT2133749760,2025-11-02,54000,Room in labor camp,Al Goze Industrial Second
CNT2130591201,2025-04-11,25000,Studio,Al Muteena
CNT2130096712,2025-03-15,58800,Office,Trade Center First
CRT2129744346,2025-03-01,105000,1,Marsa Dubai
CNT2132508629,2025-09-04,30000,Office,Jabal Ali Industrial First
CNT2132835576,2025-08-20,80000,Warehouse,Jabal Ali Industrial First
CRT2132971506,2025-10-10,70000,1,Jabal Ali First
CNT2134196693,2026-01-12,15000,Office,Hor Al Anz
CRT2133284756,2025-11-05,142000,3,Al Yelayiss 2
CNT2134266139,2026-01-15,15000,Office,Al Muteena
CNT2134027580,2025-12-27,71000,1,Al Barsha South Fourth
CNT2132137017,2025-08-06,13000,Office,Al Goze First
CRT2130488886,2025-04-20,17500,Shop,Al Qusais Industrial Second
CNT2131040747,2025-06-01,48000,Studio,Hor Al Anz East
CNT2134187134,2025-07-06,42000,Studio,Jabal Ali First
CNT2132485250,2025-09-02,53000,Studio,Al Barsha South Fourth
CNT2130878780,2025-05-12,15000,Office,Al Hamriya
CNT2132650529,2025-09-16,15000,Office,Al Goze Industrial First
CNT2132319969,2025-08-20,20000,Office,Al Murqabat
CNT2128022296,2025-01-05,70000,Shop,Al Satwa
CNT2128968081,2025-02-10,42000,Studio,Jabal Ali First
CNT2131871897,2025-07-12,145000,Shop,Al Qusais
CNT2134030904,2025-12-22,96000,2,Al Warsan First
CNT2131312946,2025-08-10,44700,1,Nad Al Hamar
CNT2128590277,2025-01-28,40000,Room in labor camp,Jabal Ali Industrial First
CNT2130634574,2025-02-28,55000,1,Al Buteen
CNT2132273197,2025-09-15,67253,2,Jabal Ali First
CNT2134103931,2026-01-01,38000,1,Al Warsan First
CNT2131509834,2025-07-01,44000,1,Madinat Al Mataar
CNT2130711365,2025-05-02,105000,1,Marsa Dubai
CNT2130610595,2025-03-01,70000,Shop,Business Bay
CNT2128819662,2025-02-15,72000,2,Port Saeed
CNT2127485959,2025-01-01,62790,Office,Al Garhoud
CNT2129877295,2025-01-18,131700,Warehouse,Dubai Investment Park First
CRT2131545396,2025-06-01,18000,Shop,Al Suq Al Kabeer
CNT2133943716,2025-12-22,21071,Office,Al Khabeesi
CNT2134332929,2025-06-01,55000,Shop,Ras Al Khor Industrial First
CNT2129713977,2025-02-15,20000,Office,Al Khabeesi
CNT2131405252,2025-06-20,15000,Office,Dubai Investment Park Second
CNT2133597505,2025-12-01,90000,3,Al Rega
CNT2130022610,2025-02-28,39600,Office,Al Suq Al Kabeer
CRT2130479087,2025-04-07,101396,2,Al Hebiah First
CNT2132069198,2025-07-31,15000,Office,Al Goze Industrial First
CNT2134110453,2026-01-06,15000,Office,Business Bay
CNT2131764503,2025-07-01,46900,1,Al Dhagaya
CRT2130084806,2025-03-10,115000,1,Marsa Dubai
CNT2129370257,2025-02-15,175000,Warehouse,Al Goze Industrial Fourth
CNT2132096005,2025-09-13,51909,1,Jabal Ali First
CNT2132334772,2025-08-03,85000,Office,Al Thanyah Fifth
CNT2134307300,2026-01-20,71663,Shop,Eyal Nasser
CRT2130136976,2025-03-15,60000,Studio,Al Thanyah Fifth
CNT2132218431,2025-08-12,15000,Office,Hor Al Anz
CNT2129447980,2025-02-20,24000,1,Al Qusais
CNT2133179307,2025-10-01,94500,Shop,Al Barsha South Fourth
CNT2131166597,2025-06-02,10000,Office,Trade Center First
CNT2128511167,2025-02-10,43000,Studio,Warsan Fourth
CRT2132878828,2025-10-03,48000,Studio,Al Merkadh
CRT2130812606,2025-05-12,125000,3,Al Hebiah Fifth
CNT2130524556,2025-04-16,20000,Office,Hor Al Anz
CNT2127566292,2025-02-28,53130,2,Al Goze Industrial Second
CNT2131552201,2025-07-01,54000,1,Warsan Fourth
CNT2131905025,2025-06-26,136000,Office,Al Thanyah Fifth
CNT2132844567,2025-09-13,41954,Studio,Nad Hessa
CNT2132818293,2025-10-08,160000,3,Al Hebiah First
CNT2130114811,2025-03-10,20000,Office,Business Bay
CNT2126955882,2025-01-01,105000,2,Al Barsha First
CNT2131985478,2025-08-07,56000,1,Al Hebiah Fifth
CNT2127509271,2025-01-06,17000,Office,Um Hurair Second
CNT2133416258,2025-05-01,69500,2,Al Barsha South Third
CNT2133866509,2025-12-15,45000,1,Al Nahda First
CNT2128299844,2025-01-01,70000,2,Al Suq Al Kabeer
CRT2132748156,2025-09-10,126500,1,Zaabeel Second
CRT2132642876,2025-10-01,48000,1,Hor Al Anz East
CNT2133622098,2025-01-15,14999,Room in labor camp,Al Goze Industrial Second
CNT2132135828,2025-07-10,110000,Shop,Eyal Nasser
CRT2130481176,2025-04-14,141750,2,Al Thanyah Third
CNT2131534220,2025-06-25,25000,Office,Al Raffa
CNT2128820179,2025-01-31,15000,Office,Al Baraha
CNT2133274579,2025-09-15,22896,Room in labor camp,Dubai Investment Park First
CNT2132456787,2025-09-05,63500,1,Al Hebiah Fourth
CNT2133809261,2025-12-10,29216,Office,Naif
CNT2130413752,2025-05-01,175000,Shop,Oud Metha
CNT2133713044,2025-12-03,110000,2,Trade Center First
CRT2131009496,2025-06-01,125000,3,Madinat Al Mataar
CNT2132933789,2025-10-10,53500,2,Al Suq Al Kabeer
CNT2130712764,2025-05-01,38000,Studio,Me'Aisem First
CNT2130111686,2025-03-11,120000,2,Al Barsha First
CNT2133489078,2025-08-15,109250,Warehouse,Al Qusais Industrial First
CNT2134043769,2026-01-01,37000,1,Al Qusais Industrial Fifth
CNT2127678662,2025-01-25,57000,1,Al Murqabat
CNT2132636053,2025-09-10,73000,Shop,Eyal Nasser
CNT2133265585,2025-10-31,12000,Office,Al Goze First
CNT2130182790,2025-03-15,120000,2,Marsa Dubai
CNT2131769685,2025-08-01,46286,1,Al Raffa
CNT2128005338,2025-01-01,34178,1,Al Qusais
CNT2134168427,2026-01-09,15000,Office,Mankhool
CNT2131381640,2025-06-19,20000,Office,Trade Center First
CNT2133541632,2025-11-18,15000,Office,Business Bay
CNT2133826736,2025-11-20,30000,Shop,Naif
CRT2132897306,2025-10-17,88000,1,Burj Khalifa
CNT2129782885,2025-02-15,65000,Office,Al Twar Fifth
CNT2132318541,2025-08-20,12000,Office,Port Saeed
CNT2132079414,2025-02-01,64602,Shop,Hor Al Anz East
CNT2132359272,2025-08-09,60000,2,Al Nahda First
CRT2132380486,2025-08-25,128000,1,Al Barsha South Fourth
CNT2133448202,2025-10-20,50000,1,Al Raffa
CNT2131546537,2025-06-24,38500,Studio,Jabal Ali First
CRT2133195686,2025-10-27,120000,1,Al Merkadh
CNT2134280519,2025-12-11,42000,Studio,Jabal Ali First
CNT2133515514,2025-11-13,75000,1,Nad Al Hamar
CNT2130258405,2025-03-23,59000,1,Nad Hessa
CNT2130856595,2025-05-01,96000,Shop,Al Buteen
CNT2132818091,2025-09-29,20000,Office,Saih Shuaib 2
CNT2131489341,2025-06-15,59843,2,Al Nahda Second
CRT2131282178,2025-06-13,54000,1,Madinat Al Mataar
CRT2130260986,2025-03-11,145000,3,Wadi Al Safa 5
CNT2133755019,2025-05-20,49333,Shop,Al Goze Industrial First
CNT2133316717,2025-10-01,38000,Shop,Eyal Nasser
CRT2131680586,2025-07-01,56000,1,Al Hebiah Fourth
CNT2131763736,2025-07-01,53000,2,Al Suq Al Kabeer
CNT2134190341,2026-01-12,85260,Warehouse,Ras Al Khor Industrial Second
CNT2127332519,2025-01-05,120000,2,Al Goze Industrial Second
CNT2131773803,2025-07-09,10000,Office,Al Goze Third
CNT2129267061,2025-02-14,48000,2,Al Qusais
CNT2133848982,2026-01-04,55500,1,Al Barsha South Third
CNT2133783959,2025-11-30,140500,3,Al Murqabat
CRT2130201016,2025-03-15,90000,2,Al Barsha South Fifth
CNT2132512691,2025-05-05,114000,Room in labor camp,Muhaisanah Second
CNT2134291563,2026-01-20,102000,1,Al Barsha South Fourth
CNT2132034437,2025-05-01,130000,Warehouse,Al Qusais Industrial Third
CNT2133287102,2025-08-20,50000,Studio,Al Merkadh
CRT2131250976,2025-06-03,120000,6,Al Hudaiba
CNT2133849482,2025-12-13,17000,Office,Al Mararr
CNT2132935030,2025-10-05,38000,Studio,Al Barsha South Fourth
CNT2129754470,2025-02-01,38900,1,Al Warsan First
CNT2134265358,2026-01-01,40000,1,Al Twar Fifth
CNT2132689262,2025-09-18,15000,Office,Dubai Investment Park First
CNT2131322882,2025-08-01,65000,2,Al Wasl
CRT2134017356,2026-01-02,62000,1,Jabal Ali First
CRT2131018596,2025-06-01,50000,Studio,Jabal Ali First
CNT2130745157,2025-04-01,43632,Room in labor camp,Muhaisanah Second
CNT2133439466,2025-11-01,60000,2,Naif
CRT2131308086,2025-06-25,115000,1,Marsa Dubai
CNT2130229419,2025-04-03,136000,Office,Port Saeed
CNT2132506632,2025-09-03,20000,Office,Jabal Ali Industrial First
CNT2130242372,2025-04-05,50000,1,Al Nahda First
CNT2127510739,2025-01-10,80000,1,Al Satwa
CNT2133097045,2025-10-10,100000,Warehouse,Ras Al Khor Industrial First
CNT2131806479,2025-07-11,15000,Office,Al Mararr
CNT2134250970,2026-01-15,20000,Office,Port Saeed
CRT2132309786,2025-08-20,120000,3,Madinat Hind 4
CNT2130630145,2025-04-23,20000,Office,Al Khabeesi
CNT2128436699,2025-01-01,23000,Studio,Naif
CNT2133436951,2025-11-10,15000,Office,Al Khabeesi
CNT2133238000,2025-10-29,20000,Office,Saih Shuaib 2
CNT2133856787,2026-01-01,24000,1,Al Qusais
CNT2130203285,2025-03-18,15000,Office,Trade Center First
CNT2130061053,2025-03-20,41500,1,Al Qusais Industrial First
CNT2129864612,2025-02-20,15000,Office,Hor Al Anz
CNT2130579190,2025-05-01,42000,Studio,Nad Hessa
CNT2130802092,2025-07-01,43000,Studio,Dubai Investment Park First
CNT2131184565,2025-06-03,15000,Office,Hor Al Anz
CNT2133846980,2025-12-22,78750,2,Al Karama
CNT2132411631,2025-08-27,20000,Office,Dubai Investment Park First
CRT2133950896,2025-05-26,75000,2,Oud Metha
CNT2134312540,2026-01-20,120000,1,Marsa Dubai
CNT2129123509,2025-01-01,42500,1,Al Nahda First
CNT2131263969,2025-08-01,33541,Studio,Al Muteena
CNT2132525328,2025-09-08,56000,1,Wadi Al Safa 5
CNT2134086310,2026-01-20,147315,4,Al Garhoud
CNT2133498480,2025-11-21,52500,1,Al Hebiah Fourth
CNT2130969775,2025-05-21,56000,1,Wadi Al Safa 5
CNT2132929128,2025-10-07,10000,Office,Saih Shuaib 2
CRT2129674386,2025-02-14,125000,1,Al Thanyah Third
CNT2133392314,2025-11-01,72000,Shop,Me'Aisem First
CNT2132351621,2025-08-01,42000,Studio,Al Thanyah First
CNT2134121169,2026-01-11,29999,1,Al Qusais
CNT2131312745,2025-06-14,15000,Office,Al Barsha First
CNT2127484402,2025-01-10,91000,2,Al Barsha South Fifth
CNT2131137356,2025-06-01,78000,1,Al Satwa
CNT2132987802,2025-08-01,42000,Office,Al Bada
CNT2132794222,2025-09-10,70560,Office,Al Rega
CNT2127494157,2025-01-11,60000,1,Al Hebiah Fourth
CNT2131694759,2025-07-08,66000,2,Wadi Al Safa 2
CNT2128699200,2025-02-01,42000,Studio,Dubai Investment Park Second
CNT2129935517,2025-05-10,63250,1,Al Barsha South Third
CNT2133957543,2025-12-17,40000,1,Warsan Fourth
CRT2130182526,2025-02-10,50000,1,Nad Hessa
CNT2133224235,2025-10-22,63000,1,Mankhool
CNT2125515403,2025-01-29,150000,Shop,Al Dhagaya
CNT2130638069,2025-05-01,47300,2,Al Nahda Second
CNT2130405473,2025-04-07,15000,Office,Burj Khalifa
CNT2127632312,2025-01-26,51818,1,Mirdif
CNT2133596677,2026-01-01,118000,3,Al Murqabat
CNT2133288893,2025-11-05,18000,Studio,Al Baraha
CRT2134202116,2025-12-01,151136,Office,Business Bay
CNT2130399327,2025-05-01,33000,Shop,Al Baraha
CNT2128135213,2025-01-22,101640,2,Business Bay
CNT2132169335,2025-09-01,150000,3,Al Rega
CNT2131810610,2025-07-12,160000,3,Wadi Al Safa 5
CNT2131532774,2025-06-30,85000,1,Hadaeq Sheikh Mohammed Bin Rashid
CNT2131413480,2025-06-21,15000,Office,Al Khabeesi
CRT2130469469,2025-02-17,73500,1,Al Barsha South Fourth
CNT2128020398,2025-01-20,35000,Shop,Al Mararr
CNT2134318960,2026-01-15,120000,2,Al Thanyah Fifth
CNT2131956213,2025-07-05,67198,2,Mirdif
CNT2127157639,2025-01-01,50782,1,Al Barsha South Fourth
CNT2132724894,2025-10-10,32000,Studio,Me'Aisem First
CNT2132078036,2025-08-01,10000,Office,Al Barsha First
CRT2130437546,2025-04-09,15000,Office,Hor Al Anz
CNT2128114772,2025-01-01,158680,Warehouse,Al Goze Industrial Third
CNT2131952868,2025-07-23,15000,Office,Al Suq Al Kabeer
CRT2134248486,2025-11-01,25000,Studio,Al Warsan First
CNT2133471909,2025-11-25,44100,1,Al Nahda First
CNT2133013975,2025-11-09,51500,2,Al Warsan First
CNT2131064466,2025-05-26,15000,Office,Hor Al Anz
CNT2132236456,2025-06-01,39000,Room in labor camp,Al Goze Industrial Second
CRT2134023666,2026-01-03,71000,1,Al Barsha South Fourth
CNT2133321288,2025-11-04,20000,Office,Al Khabeesi
CNT2132519636,2025-09-01,50000,2,Al Warqa First
CNT2133550926,2025-11-19,15000,Office,Al Khabeesi
CRT2133723136,2025-11-16,110400,2,Hadaeq Sheikh Mohammed Bin Rashid
CNT2133094773,2025-10-20,17000,Office,Al Goze First
CNT2129450734,2025-02-20,65000,1,Um Hurair First
CNT2134327535,2026-01-21,46200,1,Al Murqabat
CNT2132378464,2025-08-25,60000,1,Al Barsha South Fourth
CNT2131147059,2025-06-01,55000,1,Al Mamzer
CNT2133725959,2025-11-24,120000,1,Muhaisanah Fourth
CRT2131766986,2025-07-20,65000,1,Wadi Al Safa 7
CNT2127221209,2025-01-01,45000,1,Al Hamriya
CNT2129822938,2025-02-18,20000,Office,Business Bay
CNT2133404510,2025-11-01,35000,Office,Al Barsha First
CNT2127298853,2025-03-28,60900,2,Mirdif
CNT2134309514,2025-12-31,79200,2,Nad Hessa
CNT2126891345,2025-01-01,25500,Shop,Al Karama
CNT2134198575,2025-12-17,41000,1,Al Warsan First
CNT2134132916,2026-02-01,123900,Room in labor camp,Saih Shuaib 2
CNT2129368724,2025-02-10,15000,Office,Hor Al Anz
CNT2130332257,2025-03-28,117241,3,Madinat Hind 4
CNT2132394055,2025-08-05,71002,Shop,Al Ras
CRT2134082766,2026-01-06,82000,2,Nad Hessa
CNT2127764167,2025-01-10,55019,3,Al Goze Fourth
CNT2130255490,2025-03-22,15000,Office,Business Bay
CNT2133832259,2025-12-01,54000,1,Al Barsha South Fourth
CNT2133289275,2025-10-15,58000,Office,Nad Hessa
CNT2130201315,2025-05-25,66667,3,Al Warsan First
CRT2130545936,2025-05-01,62000,1,Al Barsha South Fourth
CNT2133785411,2025-11-25,44100,1,Al Nahda First
CNT2131392540,2025-06-19,20000,Office,Al Thanyah First
CNT2133245170,2025-10-12,27720,Room in labor camp,Saih Shuaib 3
CNT2132484656,2025-10-01,155000,3,Al Bada
CRT2133155276,2025-10-22,80000,3,Madinat Hind 4
CNT2133190641,2025-10-27,15000,Shop,Naif
CRT2132814376,2025-08-29,35000,Shop,Hor Al Anz
CNT2134175077,2026-01-10,80000,Studio,Business Bay
CRT2133516196,2025-10-30,72000,2,Wadi Al Safa 5
CNT2126399517,2025-01-01,24000,1,Muhaisanah Fourth
CRT2127137686,2025-01-04,50000,Studio,Al Barsha South Fourth
CNT2133714391,2025-12-03,20000,Office,Dubai Investment Park First
CNT2132186615,2025-08-15,53000,1,Warsan Fourth
CNT2131195331,2025-06-01,40000,1,Al Mararr
CNT2134189739,2026-01-08,84970,Office,Al Rega
CNT2132108985,2025-08-19,80000,1,Al Jadaf
CNT2132667522,2025-09-05,100000,1,Al Khairan First
CNT2134177320,2026-01-08,95000,2,Al Satwa
CNT2134292672,2026-01-01,60000,2,Naif
CNT2131650229,2025-07-01,26667,Office,Wadi Al Safa 2
CNT2131146688,2025-07-20,60000,3,Al Murqabat
CNT2133582043,2025-11-11,88550,Warehouse,Ras Al Khor Industrial Second
CNT2130586351,2025-02-15,30000,Office,Dubai Investment Park First
CNT2129582225,2025-02-17,40950,1,Al Goze Industrial Second
CNT2130234327,2025-02-19,143444,Warehouse,Dubai Investment Park Second
CNT2133738802,2025-12-05,15000,Office,Al Murqabat
CRT2132954956,2025-10-09,85000,1,Business Bay
CNT2133500770,2025-11-15,20000,Office,Dubai Investment Park First
CNT2134298163,2026-01-15,74635,2,Al Garhoud
CNT2133968195,2025-07-05,31500,1,Al Muteena
CNT2133167262,2025-12-01,87000,2,Oud Metha
CNT2134198069,2026-01-17,117000,3,Nad Hessa
CNT2133461681,2025-11-12,44000,Office,Al Suq Al Kabeer
CRT2130885256,2025-05-17,135000,1,Business Bay
CRT2133744997,2025-12-05,65100,1,Al Merkadh
CNT2131888139,2025-08-20,42000,2,Al Nahda Second
CNT2130363449,2025-05-20,33000,1,Al Twar First
CRT2132487476,2025-05-01,40000,Shop,Hor Al Anz
CNT2132412265,2025-08-27,20000,Office,Saih Shuaib 2
CNT2132645342,2025-09-04,46000,2,Al Warqa First
CNT2131813942,2025-08-01,48000,1,Hor Al Anz East
CRT2132942746,2025-10-07,97200,Studio,Al Merkadh
CNT2130842533,2025-05-09,15000,Office,Al Karama
CNT2131826080,2025-07-14,22500,Office,Mankhool
CNT2132670712,2025-08-05,40000,Studio,Wadi Al Safa 5
CNT2131809515,2025-07-14,52500,Studio,Al Barsha South Fourth
CNT2130152660,2025-03-25,54600,2,Al Qusais Industrial Fifth
CNT2131892868,2025-07-10,34000,Office,Muhaisanah Fourth
CNT2130228875,2025-03-01,80266,Office,Mankhool
CNT2133957788,2025-12-23,15000,Office,Al Mizhar First
CNT2128818645,2025-01-25,75075,2,Al Satwa
CNT2132357417,2025-07-26,53350,1,Al Barsha South Fourth
CNT2129434031,2025-01-10,32143,Studio,Wadi Al Safa 5
CNT2132933060,2025-10-07,35000,Office,Al Qusais Industrial Third
CNT2132367035,2025-05-08,38036,2,Muhaisanah Fourth
CNT2133989600,2026-01-01,46000,Studio,Al Karama
CRT2132514616,2025-09-08,120000,3,Al Warsan First
CNT2130255927,2025-03-26,130000,3,Al Bada
CNT2134262240,2026-02-12,74500,2,Al Barsha First
CNT2132062330,2025-07-05,60095,2,Al Warqa First
CNT2129703068,2025-02-10,62000,2,Al Warqa First
CNT2133049922,2025-10-18,60000,Studio,Al Barsha South Fourth
CNT2132690484,2025-08-15,39000,1,Wadi Al Safa 2
CNT2132811997,2025-09-12,61200,Studio,Al Merkadh
CNT2130120517,2025-03-09,65000,Office,Business Bay
CNT2132752854,2025-11-22,75000,1,Al Barsha South Fourth
CNT2134089302,2026-05-23,90000,Studio,Al Thanyah Fifth
CNT2130188259,2025-01-12,94500,Office,Ras Al Khor Industrial First
CNT2132097189,2025-09-01,35090,1,Warsan Fourth
CNT2130952713,2025-05-17,20000,Office,Saih Shuaib 2
CNT2133137932,2025-08-30,34300,Studio,Al Hebiah Fourth
CNT2134091727,2026-01-10,72000,1,Jabal Ali First
CNT2134288536,2026-01-17,20000,Office,Dubai Investment Park First
CNT2133221515,2025-09-15,40000,1,Al Hamriya
CNT2131938767,2025-07-22,15000,Office,Saih Shuaib 3
CNT2129836614,2025-01-01,145530,Workshop,Al Goze Industrial First
CNT2130327111,2025-04-12,95000,1,Burj Khalifa
CNT2131674632,2025-07-10,65000,1,Al Barsha South Fourth
CNT2132164210,2025-07-13,46000,Shop,Al Mararr
CRT2133991469,2026-01-01,90000,2,Al Barsha South Fourth
CNT2130973344,2025-05-19,15000,Office,Al Khabeesi
CRT2132374856,2025-08-21,105000,Studio,Business Bay
CRT2133860276,2025-04-22,146740,3,Jabal Ali First
CNT2132783632,2025-09-28,62000,1,Al Karama
CRT2128812756,2025-02-01,42000,Studio,Al Hebiah Fourth
CNT2131957231,2025-04-08,82000,2,Al Barsha First
CNT2130586281,2025-04-21,15000,Office,Al Khabeesi
CNT2133180666,2025-10-25,10000,Office,Al Wasl
CNT2129902780,2025-02-26,37000,Studio,Warsan Fourth
CNT2131009952,2025-07-01,70000,1,Al Jadaf
CNT2132844362,2025-09-30,32000,Office,Port Saeed
CNT2134302548,2026-01-19,20000,Office,Dubai Investment Park First
CNT2128733494,2025-02-08,33000,Studio,Al Buteen
CNT2133899575,2025-10-15,42000,Studio,Al Khabeesi
CNT2133679430,2025-11-25,72000,1,Al Barsha South Fourth
CNT2133650193,2025-09-15,66000,1,Al Raffa
CNT2131746434,2025-07-15,65000,Studio,Al Thanyah First
CNT2133486115,2025-10-12,70000,1,Al Jadaf
CNT2131584515,2025-05-26,63000,1,Al Karama
CNT2131555736,2025-07-08,105270,Shop,Muhaisanah Fourth
CNT2131076431,2025-05-20,59000,1,Warsan Fourth
CNT2131687798,2025-06-05,50000,Office,Al Qusais Industrial Second
CRT2133777146,2025-11-01,52877,Studio,Marsa Dubai
CNT2134067076,2026-01-01,48500,Shop,Ras Al Khor Industrial Third
CRT2134095036,2026-01-15,68000,2,Al Barsha First
CNT2127762909,2025-01-10,15000,Office,Al Goze Industrial First
CNT2131929583,2025-07-22,20000,Office,Al Baraha
CNT2132487954,2025-08-27,115000,3,Al Barsha First
CNT2130628032,2025-04-20,98000,3,Nad Al Hamar
CRT2132288676,2025-08-18,54545,2,Marsa Dubai
CNT2132493153,2025-08-30,65000,2,Hor Al Anz East
CNT2131522842,2025-06-26,42000,1,Al Goze Industrial Second
CNT2130081334,2025-02-01,20000,Studio,Naif
CRT2133705076,2025-11-10,147000,Hotel,Business Bay
CNT2129927254,2025-02-25,15000,Office,Um Hurair Second
CNT2131052003,2025-06-01,50000,2,Al Mararr
CNT2127441491,2025-01-12,58000,1,Nad Hessa
CNT2132419377,2025-08-28,15000,Office,Al Murqabat
CNT2133709219,2025-12-01,85000,Shop,Hor Al Anz
CNT2130592505,2025-04-16,72800,2,Al Warqa First
CNT2134249324,2026-01-15,15000,Office,Al Suq Al Kabeer
CNT2126910945,2025-01-15,54000,2,Al Nahda Second
CNT2131234322,2025-05-25,44000,Studio,Nad Hessa
CNT2133317988,2025-10-01,58740,Office,Port Saeed
CNT2133015832,2025-10-14,20000,Office,Al Khabeesi
CNT2130882347,2025-05-15,83679,Office,Al Bada
CRT2131535266,2025-07-01,56000,Studio,Al Thanyah Fifth
CNT2130292607,2025-03-25,15000,Office,Business Bay
CNT2131809915,2025-07-01,34000,1,Muhaisanah Fourth
CNT2134005196,2025-12-26,15000,Office,Al Murqabat
CNT2132897604,2025-10-05,107000,1,Al Merkadh
CNT2131549759,2025-04-06,30450,Studio,Jabal Ali Industrial First
CNT2132176569,2025-08-09,60000,Studio,Al Barsha South Fourth
CNT2132966465,2025-10-15,108999,2,Madinat Dubai Almelaheyah
CRT2131278346,2025-06-11,95000,1,Burj Khalifa
CNT2133335237,2025-11-07,19500,Office,Al Khabeesi
CNT2131045525,2025-07-21,61750,1,Al Barsha South Fourth
CNT2134022522,2025-12-20,44000,1,Al Twar Fifth
CNT2130409685,2025-04-08,15000,Office,Al Khabeesi
CRT2133034306,2025-10-12,115000,3,Madinat Hind 4
CNT2132518138,2025-09-05,145000,2,Marsa Dubai
CNT2133760340,2025-12-23,38400,Room in labor camp,Al Ttay
CNT2133310031,2025-09-20,30000,Room in labor camp,Al Goze Third
CNT2127890310,2025-03-01,16500,Office,Trade Center First
CRT2130912776,2025-04-29,40000,Studio,Al Hebiah Fourth
CNT2134197995,2026-01-15,58000,1,Warsan Fourth
CNT2133227315,2025-11-26,135000,Shop,Al Barsha South Third
CNT2131886386,2025-07-21,85000,2,Port Saeed
CNT2133781216,2025-12-10,57750,1,Al Bada
CRT2132713786,2025-09-17,57000,1,Al Jadaf
CNT2132125662,2025-08-01,30000,Office,Al Barsha First
CNT2133326440,2025-11-01,155835,Shop,Al Barsha South Fourth
CNT2134019715,2025-12-29,16000,Office,Al Suq Al Kabeer
CNT2130515667,2025-03-16,145530,3,Al Bada
CNT2130752845,2025-03-18,40000,Office,Al Karama
CNT2133150504,2025-10-18,73500,1,Al Jadaf
CRT2128321686,2025-01-30,90000,1,Marsa Dubai
CRT2132558556,2025-09-01,10000,2,Warsan Fourth
CNT2131987472,2025-06-01,115000,Office,Business Bay
CNT2130140393,2025-03-13,15000,Office,Trade Center Second
CNT2134300204,2026-01-25,45000,Studio,Me'Aisem First
CNT2132150013,2025-08-11,26568,Studio,Al Goze Industrial Second
CNT2132083922,2025-08-02,45000,Shop,Naif
CRT2130121686,2025-03-12,85000,1,Al Barsha South Fourth
CNT2128121932,2025-01-17,15000,Office,Naif
CNT2134312890,2025-11-04,43200,Studio,Al Warsan First
CNT2127756684,2025-01-25,29000,Studio,Al Warqa First
CNT2133981677,2026-01-01,60500,3,Al Suq Al Kabeer
CNT2130885377,2025-04-15,60000,Room in labor camp,Al Goze Industrial Second
CRT2130913366,2025-05-14,140000,Office,Business Bay
CNT2132321502,2025-08-25,45000,1,Wadi Al Safa 2
CNT2132059500,2025-08-02,108000,2,Oud Metha
CRT2128107126,2025-01-15,72000,Warehouse,Al Goze Industrial Third
CRT2132002701,2025-07-01,72000,Studio,Burj Khalifa
CRT2134156216,2026-01-20,150000,2,Al Barsha South Fourth
CNT2134175047,2026-01-13,50000,1,Al Warsan First
CNT2133862840,2025-12-15,20000,Office,Al Baraha
CNT2132707406,2025-09-01,47000,1,Al Hebiah Fifth
CNT2133739826,2025-11-30,42000,Studio,Jabal Ali First
CNT2130999414,2025-05-27,44000,1,Al Goze Industrial Second
CNT2130501033,2025-04-01,120489,Office,Al Thanyah First
CNT2132120171,2025-08-01,180649,Warehouse,Al Kheeran
CRT2132443686,2025-08-27,50000,Studio,Al Barsha South Fifth
CRT2132101816,2025-08-11,175000,2,Um Suqaim Third
CNT2133648102,2025-11-15,73500,1,Al Hamriya
CNT2133910000,2025-12-18,3926,Office,Hor Al Anz
CNT2129463859,2025-02-21,50000,2,Al Mararr
CNT2130635821,2025-04-10,47850,1,Al Hebiah First
CNT2133840200,2025-12-12,15000,Office,Al Karama
CNT2130424679,2025-05-21,42000,2,Al Qusais
CNT2132207426,2025-08-11,15000,Office,Dubai Investment Park Second
CRT2127170716,2025-01-16,95000,2,Mirdif
CRT2129266806,2025-01-25,37500,1,Al Warsan First
CNT2130464426,2025-04-25,57750,2,Hor Al Anz East
CRT2133205336,2025-11-01,80000,1,Al Barsha South Fourth
CRT2132360166,2025-08-23,40000,Studio,Madinat Al Mataar
CNT2132416886,2025-09-02,63945,2,Mirdif
CNT2130198276,2025-02-06,79800,1,Oud Metha
CNT2129997418,2025-03-11,40950,1,Al Goze Industrial Second
CRT2132682546,2025-09-27,180000,2,Marsa Dubai
CRT2133110036,2025-10-04,165000,2,Zaabeel Second
CNT2133328456,2025-10-18,78000,1,Al Thanyah First
CNT2133413973,2025-12-01,110000,Shop,Al Dhagaya
CRT2134006526,2025-12-28,61000,1,Nad Hessa
CNT2129696337,2025-02-15,91000,2,Mankhool
CNT2130390203,2025-04-05,25000,Office,Al Baraha
CNT2127272907,2025-01-28,43050,1,Ras Al Khor Industrial Third
CNT2133471400,2025-12-05,62000,1,Al Jadaf
CNT2131183653,2025-07-05,68000,2,Al Mamzer
CNT2130755880,2025-04-10,37000,Studio,Naif
CNT2130900644,2025-05-14,20000,Office,Al Khabeesi
CNT2130420171,2025-04-08,10000,Office,Al Barsha First
CNT2133579647,2025-11-25,46000,Studio,Al Hebiah Fourth
CNT2130146807,2025-03-01,30000,Office,Hor Al Anz
CNT2132874391,2025-09-14,30000,Room in labor camp,Jabal Ali Industrial First
CNT2132468072,2025-09-10,56500,2,Al Qusais Industrial Fifth
CNT2131041526,2025-05-18,40000,1,Naif
CNT2131320308,2025-06-01,69300,2,Port Saeed
CNT2127478274,2025-01-05,50000,Office,Hor Al Anz East
CRT2132072436,2025-08-07,62000,2,Al Warsan First
CNT2132615454,2025-08-01,182160,Shop,Mirdif
CRT2134288866,2026-01-15,12000,Office,Hatta
CNT2130035788,2025-03-05,15000,Office,Al Khabeesi
CNT2133232675,2025-11-01,55125,1,Al Barsha South Fourth
CNT2133462155,2025-10-01,120000,2,Al Rega
CNT2132331242,2025-08-25,130000,3,Mirdif
CRT2133703546,2025-11-10,31980,Studio,Dubai Investment Park Second
CNT2128274783,2025-01-20,15000,Office,Dubai Investment Park Second
CNT2132083930,2025-08-01,65000,1,Al Yelayiss 2
CNT2129933723,2025-03-03,36000,Shop,Naif
CNT2130980576,2025-06-10,95000,1,Business Bay
CNT2130706514,2025-03-01,40000,1,Al Qusais Industrial Fourth
CNT2126141828,2025-01-05,42171,1,Al Goze Industrial Second
CNT2134220341,2026-01-01,61000,2,Al Warqa First
CNT2131708656,2025-07-01,56700,2,Al Nahda First
CRT2130396356,2025-03-19,100000,2,Al Hebiah First
CRT2128829306,2025-02-20,62000,1,Al Yelayiss 2
CNT2131277651,2025-06-15,17500,Office,Al Wasl
CNT2132279402,2025-08-18,15000,Office,Hor Al Anz
CRT2132222516,2025-08-15,76000,2,Wadi Al Safa 5
CNT2129869346,2025-02-08,34564,1,Al Warsan First
CNT2128527014,2025-01-15,53000,Studio,Al Merkadh
CNT2131858286,2025-06-01,64000,1,Al Barsha First
CNT2133655564,2025-11-27,20000,Office,Al Muteena
CNT2130806636,2025-07-01,62000,Shop,Al Bada
CNT2129917719,2025-02-25,75000,Studio,Business Bay
CNT2130248177,2025-04-01,72000,2,Al Nahda Second
CNT2130325514,2025-04-01,47000,1,Al Barsha First
CRT2130899776,2025-05-05,120000,2,Marsa Dubai
CNT2126080660,2025-03-11,40000,Shop,Al Mararr
CNT2130400663,2025-03-01,33000,Shop,Al Mararr
CNT2132352893,2025-09-01,77000,1,Al Garhoud
CRT2129369916,2025-01-01,46000,2,Naif
CRT2133731556,2025-12-05,27500,Studio,Al Warsan First
CNT2131653140,2025-06-26,48000,Office,Al Qusais Industrial Second
CNT2134192094,2026-01-01,20000,Shop,Hor Al Anz East
CNT2127487727,2025-01-08,65000,1,Jabal Ali First
CNT2133790181,2025-12-15,80000,2,Wadi Al Safa 5
CNT2131772888,2025-07-17,56000,2,Al Warsan First
CRT2132362586,2025-09-01,150000,Office,Business Bay
CRT2133242395,2025-11-01,35000,1,Madinat Al Mataar
CNT2131206596,2025-06-21,70000,2,Jabal Ali First
CNT2127462119,2025-02-15,79800,2,Al Thanyah First
CNT2132302190,2025-09-01,35280,Studio,Al Muteena
CNT2128932289,2025-02-20,39500,1,Wadi Al Safa 5
CNT2134180863,2026-01-10,17000,Office,Al Mararr
CNT2132106597,2025-08-04,15000,Office,Hor Al Anz East
CNT2133022866,2025-02-15,85100,2,Al Thanyah First
CNT2129902042,2025-04-29,63360,1,Al Jadaf
CNT2130955867,2025-05-17,16000,Office,Al Garhoud
CNT2134220803,2025-12-20,39600,1,Al Nahda Second
CNT2127849590,2025-01-15,65000,2,Warsan Fourth
CNT2129785939,2025-02-25,63525,2,Wadi Al Safa 2
CRT2131913906,2025-07-31,90000,1,Al Jadaf
CRT2130374026,2025-03-20,121507,3,Wadi Al Safa 5
CNT2132712740,2025-09-20,42000,1,Al Twar Fifth
CNT2132505929,2025-08-01,74750,Office,Al Ras
CNT2134126221,2026-01-07,20000,Office,Ras Al Khor Industrial Second
CRT2133877166,2025-12-20,55000,1,Al Hebiah Fifth
CRT2132356476,2025-08-19,75000,Studio,Business Bay
CNT2132888445,2025-10-06,70000,1,Al Twar Fifth
CNT2133799618,2025-02-16,72773,2,Jabal Ali First
CNT2133173237,2025-10-14,89225,2,Al Bada
CNT2132516609,2025-09-03,71000,2,Al Warqa First
CRT2133982636,2025-12-01,29000,1,Al Baraha
CRT2133292048,2025-11-01,65000,1,Me'Aisem First
CNT2130576552,2025-04-20,106780,3,Al Thanyah Fifth
CNT2130194835,2025-03-18,15000,Office,Trade Center Second
CNT2133234127,2025-10-16,75075,2,Al Warqa First
CNT2130938286,2025-05-22,150778,4,Mirdif
CNT2129047276,2025-02-05,42000,Studio,Jabal Ali First
CNT2132362054,2025-06-12,35000,1,Al Warsan First
CRT2133394866,2025-11-06,15000,Studio,Port Saeed
CNT2130232357,2025-03-10,120000,3,Al Murqabat
CNT2126876994,2025-01-01,30590,Studio,Al Suq Al Kabeer
CRT2130508056,2025-05-01,65000,1,Al Yelayiss 2
CNT2130385500,2025-04-05,10000,Office,Al Mizhar First
CNT2131798364,2025-06-30,49508,1,Al Barsha South Third
CNT2133869518,2025-12-21,85000,2,Al Yelayiss 2
CRT2134311486,2026-02-01,121500,2,Burj Khalifa
CNT2131355396,2025-06-17,10000,Office,Al Barsha First
CNT2130231280,2025-04-27,38500,Studio,Wadi Al Safa 5
CNT2134307583,2025-12-15,39600,Studio,Warsan Fourth
CNT2128827890,2025-01-31,15000,Office,Dubai Investment Park First
CNT2133812561,2025-12-15,90000,2,Trade Center First
CNT2133307770,2025-12-02,52000,2,Al Qusais Industrial Fifth
CNT2133430913,2025-11-10,72000,2,Al Mamzer
CNT2134085690,2026-01-05,20000,Office,Dubai International Airport
CNT2130382044,2025-03-15,24000,Studio,Naif
CNT2130703969,2025-05-07,80000,1,Al Barsha South Fourth
CNT2132768758,2025-09-25,20000,Office,Al Murqabat
CNT2131877455,2025-07-20,160000,3,Wadi Al Safa 5
CNT2134105498,2026-01-10,45000,2,Al Warsan First
CNT2128447688,2025-01-11,66550,2,Al Karama
CNT2131930594,2025-06-01,37800,Room in labor camp,Al Goze Industrial Second
CNT2131025549,2025-05-28,27561,1,Al Qusais
CNT2129366065,2025-02-10,34500,Studio,Al Raffa
CRT2129069546,2025-02-01,60162,Studio,Al Merkadh
CNT2130057995,2025-03-01,7200,Labor camp,Muhaisanah Second
CNT2129881612,2025-02-25,92600,1,Al-Cornich
CNT2131846037,2025-10-01,94875,Shop,Naif
CRT2129789246,2025-02-01,75000,2,Al Barsha South Fourth
CNT2132324666,2025-09-01,135000,3,Al Yufrah 1
CNT2132615477,2025-09-01,120000,2,Port Saeed
CNT2128822138,2025-01-31,15000,Office,Dubai Investment Park First
CNT2133910611,2025-12-18,15000,Office,Business Bay
CNT2131122890,2025-05-30,36000,Studio,Al Warsan First
CNT2133724683,2025-11-25,34500,Office,Al Mararr
CNT2129186687,2025-02-02,50000,1,Me'Aisem First
CNT2131333582,2025-11-12,71400,2,Mirdif
CNT2130615246,2025-04-25,80000,2,Trade Center First
CNT2133069393,2025-11-25,35500,Studio,Al Suq Al Kabeer
CNT2134220276,2026-01-20,75000,1,Al Satwa
CNT2128572271,2025-01-01,60000,1,Al Karama
CNT2132843244,2025-10-15,100000,1,Business Bay
CRT2134073106,2025-12-15,110000,3,Madinat Al Mataar
CNT2132517610,2025-08-28,61365,1,Mankhool
CNT2134082915,2026-01-01,74600,3,Al Nahda Second
CNT2132792127,2025-10-01,115500,3,Al Murqabat
CNT2130797817,2025-05-06,60000,1,Hor Al Anz
CNT2130264723,2025-07-15,105000,2,Business Bay
CNT2131254901,2025-06-10,16000,Office,Al Garhoud
CRT2130140346,2025-03-13,15000,Office,Hor Al Anz
CNT2132345146,2025-08-20,37191,1,Wadi Al Safa 2
CNT2132875056,2025-10-01,77175,2,Al Barsha South Third
CNT2130006130,2025-03-03,15000,Office,Al Mararr
CNT2129372783,2025-03-01,80000,Shop,Oud Metha
CNT2133977589,2025-12-24,15000,Office,Business Bay
CNT2132174358,2025-08-08,12000,Office,Dubai Investment Park First
CNT2134139671,2026-01-10,20000,Office,Al Mararr
CNT2133170559,2025-11-01,25500,Studio,Al Goze Fourth
CNT2129668853,2025-02-05,96000,2,Al Barsha First
CNT2133666588,2025-12-01,88000,2,Al Murqabat
CNT2132450547,2025-08-30,15000,Office,Al Mararr
CNT2133402011,2025-09-04,66411,2,Dubai Investment Park First
CNT2129939350,2025-02-07,135639,Warehouse,Dubai Investment Park Second
CRT2132515626,2025-08-20,78000,1,Al Merkadh
CNT2132553771,2025-09-09,15000,Office,Saih Shuaib 3
CNT2128522682,2025-02-01,44000,Studio,Jabal Ali First
CNT2131488990,2025-06-23,55000,Shop,Al Mararr
CNT2131256200,2025-06-08,42000,Studio,Jabal Ali Industrial Second
CNT2134066572,2025-12-30,41000,Studio,Warsan Fourth
CNT2130313279,2025-03-27,15000,Office,Al Nahda Second
CRT2132397456,2025-08-27,50000,Studio,Al Merkadh
CNT2128133917,2025-01-18,42000,2,Naif
CRT2132658096,2025-09-15,65000,1,Al Barsha South Fourth
CNT2133913754,2025-12-25,49000,Studio,Al Barsha South Third
CNT2133259766,2025-11-01,40425,1,Al Qusais
CNT2131710597,2025-07-01,75900,Office,Port Saeed
CNT2128109836,2025-01-24,180000,1,Al Wasl
CNT2128536372,2025-01-28,72000,Studio,Al Barsha South Fourth
CNT2132938337,2025-06-05,69932,Office,Dubai Investment Park First
CNT2130020114,2025-03-01,72000,2,Al Qusais Industrial Third
CNT2130160429,2025-03-10,58000,Office,Al Dhagaya
CNT2133204349,2025-10-31,71000,2,Mirdif
CNT2132700003,2025-09-29,48000,1,Al Raffa
CNT2131690920,2025-07-03,15000,Office,Al Suq Al Kabeer
CRT2132995016,2025-11-01,62000,3,Al Raffa
CNT2128803833,2025-01-01,28692,Office,Trade Center First
CNT2128571046,2025-01-20,55000,1,Wadi Al Safa 3
CNT2133777778,2025-12-15,140000,Office,Business Bay
CNT2131233545,2025-06-09,20000,Office,Al Khabeesi
CNT2132561014,2025-09-20,48400,2,Al Warsan First
CNT2127813034,2025-01-15,65000,2,Al Qusais Industrial Second
CRT2134283065,2025-08-27,40000,Studio,Jabal Ali First
CNT2132918143,2025-10-06,15000,Office,Al Khabeesi
CNT2129933406,2025-01-31,82000,1,Trade Center First
CNT2130379706,2025-04-04,16000,Office,Al Garhoud
CNT2133847810,2025-12-13,20000,Office,Al Qusais Industrial Fourth
CNT2133314478,2025-10-17,128800,2,Al Barsha South Fourth
CNT2128131774,2025-01-18,15000,Office,Hor Al Anz East
CNT2133508901,2025-10-26,36225,2,Muhaisanah Fourth
CNT2129824267,2025-02-10,100000,Warehouse,Al Qusais Industrial Second
CNT2131773086,2025-07-15,48000,2,Al Goze Industrial Second
CNT2130610068,2025-04-17,86723,2,Port Saeed
CNT2130570177,2025-04-18,15000,Office,Al Barsha First
CNT2126113812,2025-01-20,60000,2,Al Qusais
CNT2130247856,2025-03-01,27951,Studio,Warsan Fourth
CNT2127454015,2025-03-01,37000,1,Mirdif
CNT2133678343,2025-12-01,40000,Studio,Naif
CNT2129821918,2025-02-24,185500,3,Al Satwa
CNT2130418470,2025-04-01,25300,Studio,Al Baraha
CRT2132974186,2025-10-15,93000,1,Al Merkadh
CNT2131239114,2025-06-09,15000,Office,Hor Al Anz
CNT2130593118,2025-03-15,30000,Office,Eyal Nasser
CNT2131949402,2025-07-27,54120,Shop,Business Bay
CNT2130527728,2025-04-15,120000,1,Al Thanyah Fifth
CNT2133224699,2026-01-01,37353,Studio,Al Rega
CNT2130360935,2025-02-27,37000,1,Madinat Hind 4
CRT2132876666,2025-10-01,105000,1,Marsa Dubai
CNT2132359010,2025-08-12,90000,1,Al Khairan First
CNT2131787025,2025-07-10,144000,3,Trade Center First
CNT2134150015,2026-01-08,76650,2,Al Warqa First
CNT2132543259,2025-09-01,34000,Studio,Al Qusais
CRT2132925476,2025-09-20,145001,2,Al Thanyah Third
CNT2133046055,2025-10-16,17000,Office,Al Baraha
CNT2132046162,2025-07-20,125000,3,Mirdif
CNT2134304427,2026-01-19,10000,Office,Al Karama
CRT2133032756,2025-10-18,85000,2,Al Hebiah Second
CRT2132435776,2025-09-05,60000,1,Al Yelayiss 2
CNT2132891989,2025-10-03,15000,Office,Al Goze Third
CNT2132923704,2025-10-07,20000,Office,Saih Shuaib 2
CNT2129371590,2025-02-01,30429,Studio,Dubai Investment Park First
CRT2133957186,2026-01-01,116000,Shop,Al Suq Al Kabeer
CNT2132388920,2025-08-26,15000,Office,Mankhool
CNT2127566593,2025-01-07,12000,Office,Dubai Investment Park First
CNT2133200393,2025-10-06,47500,Shop,Al Warsan First
CNT2132274050,2025-04-01,61000,2,Al Murqabat
CNT2129639947,2025-02-10,20000,Office,Al Mararr
CNT2133001374,2025-04-20,135000,2,Al Khairan First
CNT2131311567,2025-06-14,20000,Office,Al Muteena
CNT2131746435,2025-07-08,100000,Studio,Business Bay
CNT2132949833,2025-10-16,62000,1,Al Barsha First
CNT2130149039,2025-03-15,62000,Shop,Al Qusais Industrial First
CNT2133834113,2025-12-20,60500,2,Al Raffa
CNT2131567895,2025-07-01,75000,1,Al Barsha South Third
CNT2129967657,2025-03-01,42600,Studio,Wadi Al Safa 7
CNT2133632694,2025-11-26,25000,Office,Dubai Investment Park First
CNT2130043968,2025-02-01,102000,Warehouse,Al Qusais Industrial First
CNT2130635698,2025-05-09,57882,1,Al Thanyah First
CNT2131067203,2025-05-26,15000,Office,Hor Al Anz
CNT2133998296,2026-01-01,160000,1,Al Khairan First
CNT2130236494,2025-03-14,105000,Office,Al Karama
CNT2130383089,2025-02-20,38000,Office,Hor Al Anz
CNT2130270635,2025-03-24,15000,Office,Al Goze Industrial Second
CRT2127231916,2025-01-05,39000,Studio,Al Hebiah Fourth
CNT2132155842,2025-09-07,57000,1,Wadi Al Safa 5
CRT2134113956,2026-01-10,55500,1,Al Barsha South Fourth
CNT2133487090,2025-06-01,69000,2,Al Mamzer
CNT2132896383,2025-11-01,96000,3,Al Murqabat
CNT2129365616,2025-02-10,15000,Office,Dubai Investment Park First
CNT2134033088,2026-01-03,52000,1,Al Hebiah Third
CNT2131184818,2025-05-01,34500,1,Al Raffa
CNT2133351477,2025-11-06,15000,Office,Saih Shuaib 3
CRT2133233026,2025-11-01,40000,Studio,Al Barsha South Fourth
CRT2132559006,2025-08-01,28500,1,Naif
CNT2131164359,2025-06-13,35000,1,Al Qusais Industrial Fifth
CNT2132500442,2025-05-10,95000,1,Al Merkadh
CNT2131084144,2025-05-23,75000,2,Al Mamzer
CNT2134183482,2026-01-10,15000,Office,Al Mararr
CNT2132852501,2025-10-01,18000,Office,Al Mararr
CNT2132451639,2025-09-02,79799,2,Al Wasl
CNT2130237335,2025-04-01,80000,1,Al Barsha First
CNT2130453530,2025-03-01,44470,Shop,Naif
CNT2133440872,2025-11-11,20900,Office,Dubai Investment Park First
CNT2130437642,2025-02-20,55650,2,Al Mamzer
CNT2130119393,2025-03-11,15000,Office,Al Hamriya
CRT2131936056,2025-07-01,79300,2,Dubai Investment Park First
CNT2132393946,2025-08-26,15000,Office,Naif
CNT2132208921,2025-07-01,60000,Studio,Al Mararr
CNT2128119907,2025-01-01,30000,Room in labor camp,Muhaisanah Second
CNT2133691173,2025-12-20,30550,Studio,Jabal Ali First
CNT2131933847,2025-07-26,49999,2,Ras Al Khor Industrial Third
CNT2132810799,2025-10-05,80000,Office,Al Qusais
CNT2132327694,2025-08-25,59000,1,Al Hebiah Fourth
CNT2125347962,2025-01-01,140000,Shop with a mezzanine,Port Saeed
CNT2130634839,2025-05-01,58000,1,Mirdif
CNT2133470748,2025-09-29,79000,Shop,Al Goze Third
CNT2133396089,2025-11-06,17000,Office,Al Mararr
CNT2133695181,2025-12-01,77000,1,Al Hebiah Third
CNT2132870767,2025-10-01,124501,2,Al Jadaf
CNT2131880410,2025-08-03,61100,2,Jabal Ali First
CNT2134217922,2026-01-18,130000,2,Al Thanyah First
CNT2132092033,2025-08-02,110000,2,Al Satwa
CNT2131874029,2025-07-24,64567,2,Jabal Ali First
CNT2132491630,2025-09-18,62000,Office,Naif
CNT2133974904,2026-01-01,85000,3,Madinat Hind 4
CNT2131928065,2025-07-17,140000,4,Mankhool
CNT2133541716,2025-11-18,15000,Office,Business Bay
CNT2133806636,2025-12-03,83160,Shop,Al Suq Al Kabeer
CNT2131184741,2025-06-14,44000,Shop,Al Suq Al Kabeer
CNT2129044724,2025-02-04,20000,Office,Al Baraha
CNT2132176675,2025-08-05,61080,Shop,Ras Al Khor Industrial Second
CNT2133276861,2025-11-05,71500,2,Ras Al Khor Industrial Third
CNT2132181464,2025-08-09,16000,Office,Al Garhoud
CNT2130808914,2025-05-07,38000,Studio,Me'Aisem First
CNT2130839409,2025-06-01,78717,2,Al Barsha First
CNT2130862316,2025-01-01,90000,3,Al Murqabat
CNT2133528625,2025-11-01,130000,2,Marsa Dubai
CNT2130352353,2025-04-02,15000,Office,Al Goze Industrial First
CNT2131888946,2025-08-15,38500,Office,Al Barsha First
CRT2131965941,2025-08-08,121275,2,Marsa Dubai
CNT2130156178,2025-03-16,57750,1,Al Karama
CNT2133791589,2025-10-15,19200,Room in labor camp,Al Goze Industrial First
CNT2130311646,2025-03-27,20000,Office,Naif
CNT2132940712,2025-09-15,38000,1,Al Warsan First
CRT2131153846,2025-02-01,30000,Studio,Al Baraha
CNT2134048589,2026-01-01,60695,1,Al Hudaiba
CRT2130915198,2025-05-11,138000,1,Marsa Dubai
CNT2133533860,2025-11-20,52000,1,Al Murqabat
CNT2129189427,2025-02-06,16500,Office,Um Hurair Second
CNT2134246821,2025-12-01,126000,5,Hor Al Anz
CNT2128507860,2025-01-01,90000,Warehouse,Jabal Ali Industrial First
CRT2132210496,2025-08-02,28000,1,Al Warsan First
CNT2134166715,2025-10-15,31697,Studio,Dubai Investment Park Second
CNT2133182205,2025-10-20,48000,Studio,Al Merkadh
CNT2134327868,2026-01-05,150000,4,Al Twar First
CNT2133724448,2025-12-04,154000,Office,Al Thanyah Fifth
CNT2133452339,2025-10-20,48000,Room in labor camp,Al Goze Third
CNT2132419350,2025-09-01,105000,3,Jabal Ali First
CNT2132635358,2025-08-28,50000,Studio,Me'Aisem First
CNT2131884547,2025-08-16,151999,2,Al Wasl
CNT2129444327,2025-02-15,49000,1,Wadi Al Safa 3
CNT2132297585,2025-07-01,100000,Shop,Mirdif
CNT2129879673,2025-02-21,20000,Office,Hor Al Anz
CRT2130158796,2025-03-15,58000,1,Wadi Al Safa 2
CNT2127071116,2025-01-01,83000,3,Al Qusais
CRT2133061386,2025-10-09,62000,Studio,Al Thanyah Fifth
CNT2131329335,2025-06-16,80000,Office,Business Bay
CNT2133904804,2025-11-01,23000,Studio,Hor Al Anz
CNT2130166856,2025-03-20,80000,1,Al Bada
CNT2131796699,2025-07-12,165202,Warehouse,Al Qusais Industrial First
CRT2132820046,2025-09-27,160000,3,Wadi Al Safa 5
CRT2129933926,2025-01-28,36600,1,Al Warsan First
CNT2132375236,2025-08-25,30000,Studio,Al Warsan First
CNT2130883886,2025-05-19,65000,2,Nad Hessa
CNT2132934870,2025-10-01,69000,2,Al Warqa First
CNT2131403466,2025-06-20,15000,Office,Al Khabeesi
CNT2131145272,2025-05-31,22500,Office,Al Muteena
CNT2133133290,2025-10-23,44000,Studio,Al Hebiah Fourth
CNT2129914202,2025-03-01,38000,1,Al Qusais
CNT2130568489,2025-04-01,56000,1,Al Barsha South Third
CNT2131774116,2025-07-25,65000,2,Mirdif
CRT2132968366,2025-10-25,85000,1,Al Barsha South Fourth
CNT2129581229,2025-02-23,44000,1,Al Goze Fourth
CNT2132961488,2025-10-10,100000,1,Trade Center First
CNT2134184608,2025-10-01,160000,4,Hor Al Anz
CNT2132979779,2025-12-01,30500,Studio,Al Warsan First
CNT2129958185,2025-02-26,34939,1,Al Warsan First
CNT2134321975,2026-02-01,150000,1,Al Thanyah Fifth
CNT2132008269,2025-09-17,57000,2,Al Twar Fifth
CNT2127984007,2025-01-14,15000,Office,Trade Center Second
CNT2134194119,2026-01-17,68250,1,Jabal Ali First
CNT2132172987,2025-05-24,19200,Room in labor camp,Al Goze Industrial Second
CNT2127135735,2025-01-02,105000,2,Al Barsha First
CNT2128112369,2025-01-16,17000,Office,Saih Shuaib 3
CNT2134230061,2026-01-15,60000,2,Al Goze Industrial Second
CRT2132573266,2025-08-19,36000,Studio,Al Barsha South Fifth
CNT2133885156,2025-11-01,58000,2,Trade Center First
CNT2130170347,2025-03-07,43217,1,Al Barsha South Fourth
CNT2133743870,2025-12-01,104500,Shop,Al Barsha South Fourth
CNT2132787025,2025-10-15,70000,2,Al Muteena
CNT2132071543,2025-08-01,170000,Store,Al Khabeesi
CNT2130695050,2025-03-31,33000,1,Madinat Al Mataar
CNT2134022829,2026-01-05,59850,2,Dubai Investment Park First
CNT2131148821,2025-06-01,61714,2,Me'Aisem First
CNT2129904137,2025-02-24,15000,Office,Al Goze Industrial Third
CNT2127501776,2025-02-04,70000,1,Oud Metha
CRT2133473336,2025-11-27,130000,2,Al Barsha South Fourth
CNT2128112348,2025-04-09,60375,2,Mirdif
CNT2132116257,2025-08-01,174000,4,Jumeirah First
CNT2130428077,2025-02-08,124733,Warehouse,Ras Al Khor Industrial Second
CNT2133190948,2025-10-27,25000,Office,Al Goze Third
CNT2133438169,2025-11-18,24000,1,Muhaisanah Fourth
CNT2129731696,2025-02-18,72000,1,Al Thanyah First
CNT2130218397,2025-03-19,20000,Office,Naif
CNT2133471788,2025-11-13,15000,Office,Al Goze Industrial First
CNT2129042919,2025-03-01,52500,1,Nad Hessa
CNT2131965838,2025-07-23,15000,Office,Business Bay
CRT2130213506,2025-03-30,68000,2,Jabal Ali Industrial Second
CNT2128069215,2025-01-25,54000,1,Al Warqa First
CNT2132918685,2025-10-01,88000,2,Al Garhoud
CNT2131555986,2025-07-03,48000,Studio,Al Merkadh
CNT2129042485,2025-01-29,60000,Studio,Al Barsha South Fourth
CNT2132299811,2025-08-15,60000,Office,Al Buteen
CNT2132882175,2025-10-01,58000,2,Al Nahda First
CNT2130007424,2025-03-04,15000,Shop,Al Mararr
CNT2131117335,2025-05-29,15000,Office,Saih Shuaib 3
CNT2130255333,2025-04-01,74792,1,Marsa Dubai
CNT2131008330,2025-05-21,15000,Office,Al Khabeesi
CRT2130570816,2025-04-20,58000,1,Al Hebiah Fifth
CNT2132756078,2025-07-15,76000,Shop with a mezzanine,Al Buteen
CNT2127507553,2025-01-06,15000,Office,Hor Al Anz
CRT2130829556,2025-04-01,40000,Warehouse,Al Qusais Industrial Second
CNT2132236381,2025-09-01,87285,1,Marsa Dubai
CNT2130864511,2025-04-07,64000,2,Hor Al Anz East
CNT2133868726,2025-12-13,65100,2,Al Karama
CNT2133880347,2025-12-16,15000,Office,Burj Khalifa
CNT2132009087,2025-07-15,72000,Warehouse,Al Goze Industrial Second
CNT2132953761,2025-10-15,45000,1,Al Warsan First
CNT2130555163,2025-04-05,76000,2,Al Murqabat
CRT2133581516,2025-11-20,54000,1,Wadi Al Safa 2
CNT2133526156,2025-11-06,40000,1,Al Warsan First
CNT2129051992,2025-02-04,20000,Office,Dubai Investment Park First
CRT2130986196,2025-05-08,110250,3,Wadi Al Safa 5
CNT2131029439,2025-06-05,25000,Studio,Al Mararr
CRT2133268216,2025-11-01,92000,2,Al Qusais
CNT2130861945,2025-07-01,38000,Studio,Al Safouh First
CNT2133815759,2025-12-01,55000,2,Al Qusais Industrial Fourth
CNT2134332246,2026-01-15,40000,Shop,Al Warsan First
CRT2133848636,2025-12-16,55000,Studio,Al Merkadh
CNT2130568037,2025-03-10,50000,1,Marsa Dubai
CNT2132915436,2025-10-01,64000,Shop,Naif
CNT2131406581,2025-07-21,52416,2,Al Nahda First
CNT2131970049,2025-05-15,45000,1,Al Warqa First
CNT2133799143,2025-12-15,33600,Studio,Wadi Al Safa 3
CNT2130726702,2025-05-01,57000,1,Dubai Investment Park Second
CNT2133614879,2025-09-23,39600,1,Muhaisanah Fourth
CNT2132138258,2025-08-20,75786,Shop,Al Warsan First
CNT2132245432,2025-08-22,67490,2,Jabal Ali First
CNT2132810276,2025-06-28,64900,2,Al Hudaiba
CNT2134316584,2026-01-01,50000,1,Hor Al Anz East
CNT2130005515,2025-03-01,54950,Office,Al Nahda First
CNT2129454757,2025-02-19,140000,2,Trade Center First
CNT2133823797,2025-12-01,90000,Warehouse,Al Goze Industrial Second
CNT2132281922,2025-09-12,63000,2,Al Qusais
CNT2131934865,2025-08-05,62000,2,Al Mamzer
CNT2130888382,2025-04-20,58000,2,Al Qusais
CNT2131745641,2025-10-07,79000,2,Al Barsha South Third
CNT2134213011,2025-11-20,84000,Room in labor camp,Al Goze Industrial First
CNT2132579327,2025-09-17,95000,1,Al Barsha South Fourth
CRT2134185942,2025-08-10,170000,2,Hadaeq Sheikh Mohammed Bin Rashid
CRT2130620626,2025-05-10,74000,1,Al Barsha South Fourth
CNT2132509237,2025-09-04,56000,2,Al Warsan First
CRT2127270146,2025-01-01,90000,2,Marsa Dubai
CNT2132460123,2025-09-01,15000,Office,Al Khabeesi
CNT2134244172,2025-08-01,54575,1,Al Barsha South Third
CNT2127261675,2025-01-15,68000,2,Al Nahda Second
CNT2133553236,2025-11-19,16000,Office,Business Bay
CNT2132070761,2025-07-31,15000,Office,Al Goze Industrial First
CNT2129986197,2025-03-11,49999,2,Ras Al Khor Industrial Third
CNT2133629654,2025-11-26,125000,2,Al Hamriya
CNT2133296628,2025-11-03,19000,Shop,Al Baraha
CNT2130446177,2025-04-04,38000,1,Al Qusais Industrial Fifth
CNT2129914969,2025-01-01,84000,6,Hor Al Anz
CRT2127208746,2025-01-07,70000,1,Al Jadaf
CNT2131212626,2025-05-01,51000,1,Nad Hessa
CNT2131531203,2025-07-01,36000,Room in labor camp,Muhaisanah Second
CNT2130998396,2025-05-21,150000,Office,Business Bay
CNT2130027217,2025-03-05,70000,1,Al Nahda First
CNT2133226487,2025-11-10,24000,Studio,Naif
CNT2132063443,2025-07-31,20000,Office,Ras Al Khor Industrial Second
CNT2131071168,2025-05-26,24000,Room in labor camp,Muhaisanah Second
CNT2134272729,2026-01-16,20000,Office,Dubai Investment Park First
CNT2133451523,2025-11-01,60000,1,Wadi Al Safa 5
CNT2133556608,2025-11-16,34000,Studio,Al Qusais
CRT2131580316,2025-06-15,90000,Shop,Al Dhagaya
CRT2131830866,2025-07-15,180000,4,Wadi Al Safa 5
CNT2129875245,2025-02-21,15000,Office,Dubai Investment Park First
CNT2132559817,2025-08-20,27000,Studio,Al Warsan First
CNT2132997926,2025-11-06,42000,Studio,Al Satwa
CNT2126535704,2025-01-01,28000,Shop,Al Jafliya
CNT2131833907,2025-06-05,39500,1,Al Nahda Second
CNT2127587569,2025-01-07,56000,1,Warsan Fourth
CNT2132542410,2025-09-06,22000,Office,Ras Al Khor Industrial Second
CNT2130658217,2025-04-15,36225,1,Nad Hessa
CNT2133949706,2025-12-10,80000,1,Nad Al Shiba First
CNT2132769132,2025-09-25,15000,Office,Oud Metha
CNT2131939467,2025-06-01,25714,Workshop,Al Jadaf
CNT2132631715,2025-09-01,52000,2,Al Nahda Second
CRT2131940186,2025-07-21,100000,Hotel,Al Barsha South Fourth
CNT2131081114,2025-05-15,55013,2,Wadi Al Safa 5
CNT2130768805,2025-05-04,15000,Office,Al Baraha
CNT2130557515,2025-04-17,15000,Office,Al Khabeesi
CNT2130350285,2025-06-20,67000,2,Al Mamzer
CNT2132398036,2025-08-02,125000,3,Al Yelayiss 2
CNT2131810727,2025-07-10,47000,Shop,Al Mararr
CNT2133092650,2025-10-20,11000,Office,Al Goze First
CNT2133147726,2025-01-01,101640,Office,Oud Metha
CNT2133827959,2025-12-11,17000,Office,Al Mararr
CNT2131913726,2025-07-21,15000,Office,Business Bay
CRT2132428518,2025-09-01,80000,2,Al Barsha South Third
CNT2126611518,2025-02-07,50000,1,Al Murqabat
CNT2128314418,2025-01-15,54000,Shop,Al Warqa First
CNT2133212779,2025-10-28,33207,Studio,Jabal Ali First
CNT2131994905,2025-07-25,15000,Office,Al Karama
CNT2132860471,2025-10-05,56000,1,Al Warqa First
CNT2130386041,2025-04-06,53000,Studio,Al Barsha South Fourth
CNT2131397011,2025-08-30,115000,4,Mirdif
CNT2129902738,2025-02-06,142000,3,Trade Center Second
CNT2134110280,2026-01-10,100000,1,Um Hurair Second
CNT2130651738,2025-05-15,35000,Studio,Al Hamriya
CNT2129624649,2025-02-13,10000,Office,Al Muteena
CNT2130307075,2025-03-27,15000,Office,Al Khabeesi
CNT2131857477,2025-05-01,180000,Warehouse,Al Goze Industrial Fourth
CNT2127118813,2025-01-02,40000,Studio,Al Barsha South Fourth
CNT2133205025,2025-10-25,46000,1,Al Nahda Second
CNT2130281354,2025-03-25,15000,Office,Business Bay
CNT2132921400,2025-10-10,39999,2,Muhaisanah Fourth
CNT2131051203,2025-05-14,62000,3,Al Mararr
CNT2130641387,2025-04-29,42000,1,Al Qusais Industrial Fifth
CNT2133849003,2025-12-13,20000,Office,Al Mararr
CNT2132791231,2025-09-26,20000,Office,Dubai Investment Park First
CNT2132802233,2025-10-01,28336,Studio,Jabal Ali Industrial First
CNT2127812357,2025-01-01,90000,Warehouse,Um Ramool
CNT2132556864,2025-09-09,50000,Office,Trade Center First
CNT2132463918,2025-09-29,36225,2,Muhaisanah Fourth
CNT2131571759,2025-06-08,36225,2,Muhaisanah Fourth
CRT2132018996,2025-07-25,31000,Studio,Al Warsan First
CNT2132222765,2025-08-12,15000,Office,Business Bay
CNT2132919541,2025-09-01,93000,3,Al Mamzer
CNT2133645019,2025-11-15,62000,2,Al Warqa First
CNT2133297230,2025-02-05,90000,Shop,Ras Al Khor Industrial First
CNT2131396527,2025-06-22,34100,1,Ras Al Khor Industrial Third
CNT2130562544,2025-04-18,15000,Office,Al Mararr
CNT2131164100,2025-06-01,68000,1,Al Hebiah Fourth
CNT2130266587,2025-03-28,60000,1,Ras Al Khor Industrial Third
CNT2132702166,2025-09-19,15000,Office,Al Goze Industrial First
CNT2132188762,2025-05-25,52433,2,Al Barsha South Third
CNT2129969989,2025-05-01,69000,2,Al Satwa
CNT2132332607,2025-07-15,80000,2,Mankhool
CNT2133113456,2025-10-15,44000,Shop,Naif
CNT2131525237,2025-07-22,56650,2,Al Qusais
CNT2130664053,2025-05-11,50936,1,Jabal Ali First
CNT2132269537,2025-08-22,63000,3,Al Qusais Industrial Fifth
CNT2133425586,2025-11-10,15000,Office,Saih Shuaib 3
CNT2133153684,2025-10-23,15000,Office,Al Khabeesi
CNT2130872945,2025-04-15,74075,2,Al Muteena
CNT2127969842,2025-01-14,15000,Office,Al Garhoud
CNT2128267708,2025-01-20,40021,Studio,Al Ras
CNT2134214681,2026-01-01,45000,1,Al Rega
CNT2127171021,2025-02-01,25000,Studio,Al Mararr
CRT2132264316,2025-08-05,115000,3,Al Yelayiss 1
CNT2132522244,2025-09-01,150000,Warehouse,Al Qusais Industrial Second
CNT2131679861,2025-07-01,90000,Shop,Al Baraha
CNT2133553850,2025-07-26,87120,Shop,Jumeirah First
CNT2133677161,2025-08-06,107000,Shop,Al Buteen
CNT2132187954,2025-08-03,85000,Office,Al Thanyah Fifth
CNT2132936395,2025-09-20,53000,1,Jabal Ali First
CNT2127904027,2025-02-01,34000,1,Hor Al Anz
CNT2128540204,2025-02-06,48000,2,Al Qusais Industrial Fifth
CNT2128913376,2025-02-01,90000,3,Madinat Hind 4
CNT2132468222,2025-09-05,78650,3,Al Muteena
CNT2130889032,2025-05-13,15000,Office,Business Bay
CNT2131742056,2025-06-01,90000,Shop,Naif
CNT2132965429,2025-10-01,46000,Studio,Al Safouh First
CNT2128953742,2025-02-20,30500,Office,Al Rega
CNT2132307446,2025-08-20,38000,Studio,Al Hebiah Fourth
CNT2131874798,2025-06-25,48510,1,Al Mamzer
CNT2132152433,2025-05-01,85000,Shop,Hor Al Anz East
CRT2131751656,2025-07-05,36000,Studio,Al Hebiah Third
CNT2131413667,2025-02-18,65000,1,Al Barsha South Fourth
CNT2130269182,2025-03-24,15000,Office,Hor Al Anz
CNT2127809901,2025-01-10,56800,1,Al Murqabat
CRT2132562296,2025-08-05,110250,2,Al Barsha South Fourth
CRT2133634376,2025-11-02,70000,Office,Business Bay
CNT2134185565,2025-12-24,170000,1,Business Bay
CRT2133795726,2025-12-04,54000,1,Al Warsan First
CRT2133531196,2025-11-20,145000,3,Al Yelayiss 2
CNT2134161986,2025-12-15,107250,Warehouse,Al Goze Industrial Fourth
CNT2131205909,2025-06-10,23000,Office,Al Mararr
CNT2133271353,2025-09-10,43659,1,Al Nahda First
CNT2129261380,2025-02-07,60000,2,Al Hamriya
CNT2131885197,2025-07-25,76650,2,Madinat Dubai Almelaheyah
CNT2132751905,2025-09-24,93960,Office,Madinat Dubai Almelaheyah
CNT2133702517,2025-11-15,51840,2,Al Qusais Industrial Fifth
CNT2133038633,2025-10-05,90000,1,Al Barsha South Fourth
CNT2129375145,2025-01-25,140000,Warehouse,Um Ramool
CNT2130161580,2025-02-01,66000,1,Jumeirah First
CRT2129939046,2025-03-05,43642,Studio,Al Thanyah Fifth
CNT2131257014,2025-07-17,111000,2,Nad Al Hamar
CNT2133338888,2025-11-01,27500,Studio,Warsan Fourth
CRT2133963106,2026-01-01,20000,Shop,Hatta
CNT2131651646,2025-06-10,47000,1,Al Nahda First
CNT2132329263,2025-09-01,85000,Studio,Palm Jumeirah
CNT2133038287,2025-09-01,125000,Shop,Al Buteen
CNT2133945734,2026-01-01,20000,Shop,Al Warsan First
CNT2134284624,2026-01-01,75760,Office,Um Hurair Second
CNT2131105797,2025-06-07,38000,1,Al Warsan First
CNT2129650146,2025-02-15,27000,Shop,Hor Al Anz
CNT2130660960,2025-05-01,43000,2,Al Warsan First
CRT2133847206,2025-12-13,85000,1,Al Barsha South Fourth
CNT2130198930,2025-03-20,90000,1,Trade Center First
CNT2129048311,2025-02-04,20000,Office,Business Bay
CNT2127365340,2025-01-01,72000,1,Al Jadaf
CNT2133196383,2025-10-05,30000,1,Al Dhagaya
CNT2132584851,2025-10-01,42000,1,Warsan Fourth
CNT2129697386,2025-02-14,20000,Office,Ras Al Khor Industrial Second
CNT2132208934,2025-08-11,15000,Office,Dubai Investment Park Second
CRT2131687376,2025-08-02,80000,5,Al Barsha Third
CNT2134199773,2026-01-12,35000,1,Al Ttay
CNT2128819950,2025-01-31,15000,Office,Hor Al Anz
CRT2132352266,2025-08-20,78000,1,Al Hebiah Fourth
CNT2132616543,2025-08-15,68000,1,Mankhool
CNT2133465571,2025-11-12,25000,Office,Al Barsha First
CRT2130552126,2025-04-15,150000,2,Burj Khalifa
CNT2133494861,2025-11-20,64000,1,Hor Al Anz East
CNT2129919865,2025-02-25,17000,Office,Al Goze Third
CNT2130970414,2025-05-19,20000,Office,Saih Shuaib 2
CNT2127976003,2025-01-14,20000,Office,Hor Al Anz
CNT2133072684,2025-10-17,20000,Office,Al Raffa
CRT2130344076,2025-04-10,115000,1,Marsa Dubai
CNT2132766371,2025-08-28,77382,Office,Dubai Investment Park First
CNT2129849293,2025-02-25,35000,Studio,Warsan Fourth
CRT2133624524,2025-11-11,65000,Studio,Burj Khalifa
CNT2130166848,2025-04-25,57200,2,Al Nahda First
CNT2133575488,2025-03-15,172150,Warehouse,Al Khabeesi
CNT2131955891,2025-07-23,15000,Office,Hor Al Anz
CNT2131181543,2025-05-30,37000,Studio,Al Barsha South Fourth
CNT2131532593,2025-07-03,75000,1,Business Bay
CRT2129934966,2025-02-26,152000,1,Marsa Dubai
CNT2131006520,2025-05-21,64800,Room in labor camp,Al Goze Third
CNT2134281404,2026-01-16,20000,Office,Dubai Investment Park First
CNT2134225846,2025-12-20,44000,1,Al Muteena
CNT2130704506,2025-05-01,38000,Office,Um Hurair Second
CNT2132373644,2025-06-05,67000,1,Jabal Ali First
CNT2132139638,2025-07-20,51750,Office,Al Khabeesi
CNT2128134999,2025-01-27,85000,3,Madinat Hind 4
CNT2133134120,2025-11-22,36749,2,Muhaisanah Fourth
CNT2134139984,2025-12-06,99225,Office,Al Twar Fifth
CNT2134310351,2026-01-01,34000,1,Al Suq Al Kabeer
CNT2131930910,2025-07-25,75000,1,Al Barsha South Third
CNT2133594207,2025-12-01,47213,1,Jabal Ali First
CNT2128438104,2025-01-22,15000,Office,Dubai Investment Park First
CNT2130204708,2025-03-10,21000,Office,Naif
CNT2130907816,2025-05-14,15000,Office,Hor Al Anz
CRT2133922206,2025-12-20,50000,1,Wadi Al Safa 5
CNT2131100207,2025-06-04,53000,1,Ras Al Khor Industrial Third
CNT2132790612,2025-09-15,14573,Labor camp,Muhaisanah Second
CNT2131314603,2025-05-24,40000,Studio,Dubai Investment Park Second
CNT2130464506,2025-04-11,15000,Office,Al Barsha First
CNT2128484230,2025-01-01,50000,1,Al Dhagaya
CNT2131687568,2025-07-03,12000,Office,Mankhool
CNT2132254080,2025-08-14,15000,Office,Mankhool
CNT2131529566,2025-06-05,33600,Room in labor camp,Muhaisanah Second
CNT2130419220,2025-02-01,147000,Kiosk,Muhaisanah First
CNT2132506820,2025-09-03,15000,Office,Al Khabeesi
CNT2131251469,2025-04-15,81488,2,Madinat Dubai Almelaheyah
CRT2131367156,2025-05-25,90000,1,Marsa Dubai
CNT2131743069,2025-07-07,20000,Studio,Al Mararr
CNT2131741881,2025-06-01,88200,2,Mankhool
CNT2126864480,2025-01-25,54450,3,Al Muteena
CNT2134095265,2026-01-05,15000,Office,Business Bay
CNT2131940996,2025-07-28,40000,Studio,Wadi Al Safa 5
CNT2133760144,2025-12-07,120000,2,Al Merkadh
CNT2132927581,2025-10-05,52000,2,Al Nahda First
CNT2131894510,2025-07-18,15000,Office,Hor Al Anz
CRT2132675906,2025-10-01,105000,1,Al Barsha South Fourth
CNT2129855883,2025-03-01,46200,2,Al Nahda Second
CNT2132697738,2025-09-20,146020,Office,Al Garhoud
CNT2132013880,2025-08-01,45000,1,Al Warsan First
CNT2133054536,2025-10-15,118100,3,Trade Center Second
CNT2127542144,2025-01-07,20000,Office,Al Goze Industrial First
CNT2131403757,2025-06-20,20286,Studio,Al Mararr
CRT2132663726,2025-09-15,75000,1,Al Hebiah Third
CNT2131670920,2025-07-02,24000,1,Al Muteena
CNT2134110040,2026-01-06,85000,2,Madinat Al Mataar
CNT2131312255,2025-07-20,53000,2,Muhaisanah Fourth
CRT2134234086,2026-01-05,90000,2,Al Barsha South Fourth
CNT2129268733,2025-02-08,37000,1,Al Qusais Industrial Fifth
CNT2127410640,2025-01-01,41800,1,Al Nahda Second
CNT2131120879,2025-06-13,58000,Studio,Al Jadaf
CNT2131044627,2025-05-23,40000,Studio,Al Muteena
CNT2133416548,2025-05-25,69500,2,Al Barsha South Third
CNT2133541641,2025-11-10,24000,Office,Al Baraha
CNT2128735644,2025-01-29,20000,Office,Muhaisanah Fourth
CNT2133307787,2025-11-01,104640,Shop with a mezzanine,Jabal Ali First
CNT2133936120,2025-12-01,44274,1,Wadi Al Safa 3
CNT2132638119,2025-09-15,44000,1,Al Twar Fifth
CRT2133913726,2025-12-06,70000,1,Palm Jumeirah
CNT2129813472,2025-02-17,100000,1,Al Barsha South Fourth
CNT2131335359,2025-06-16,21500,Office,Mankhool
CRT2132511656,2025-07-15,160000,2,Al Thanyah Fifth
CNT2133033057,2025-11-26,25000,Studio,Al Mararr
CNT2130573134,2025-04-01,57000,2,Al Nahda Second
CNT2130448304,2025-04-15,110000,Office,Ras Al Khor Industrial Third
CNT2132435777,2025-08-29,66000,Studio,Al Barsha South Third
CNT2132137239,2025-03-24,40000,1,Al Warsan First
CNT2132404206,2025-09-01,82688,2,Al Barsha First
CNT2130808947,2025-05-20,70999,2,Jabal Ali First
CNT2133470575,2025-12-01,60984,2,Me'Aisem First
CNT2128100567,2025-01-25,143000,Office,Al Hamriya
CNT2131896135,2025-07-08,55000,Studio,Al Thanyah First
CNT2126403028,2025-01-01,24000,1,Muhaisanah Fourth
CNT2132614494,2025-09-15,63250,2,Al Murqabat
CRT2133546396,2025-11-19,75000,1,Al Barsha South Fourth
CNT2128487878,2025-01-21,113964,Office,Port Saeed
CNT2131287456,2025-06-12,15000,Office,Al Khabeesi
CRT2132920196,2025-09-20,55500,1,Jabal Ali First
CNT2130853379,2025-05-09,15000,Office,Al Mararr
CRT2129454356,2025-02-10,75000,1,Al Barsha South Fourth
CRT2132846842,2025-10-04,63000,1,Me'Aisem First
CNT2131293136,2025-06-12,45000,Studio,Al Merkadh
CNT2127614706,2025-01-08,15000,Office,Al Nahda First
CRT2132123186,2025-07-01,145000,4,Al Twar Second
CNT2134075276,2025-12-01,71400,2,Al Barsha South Third
CNT2132582261,2025-08-01,91616,2,Al Suq Al Kabeer
CNT2127860252,2025-01-13,10000,Office,Al Mararr
CNT2127744827,2025-01-10,20000,Office,Saih Shuaib 2
CNT2132802187,2025-10-10,70000,Hotel,Al Hebiah Third
CNT2131037760,2025-06-01,150000,2,Marsa Dubai
CNT2133749830,2025-12-06,21000,Office,Al Rega
CNT2130167203,2025-03-20,68000,2,Al Warqa First
CNT2133338607,2025-11-12,78100,3,Al Goze Fourth
CRT2133202346,2025-10-30,95000,1,Business Bay
CNT2133568239,2025-11-20,20000,Office,Al Khabeesi
CNT2132372528,2025-08-01,42000,2,Muhaisanah Fourth
CNT2130975254,2025-05-19,15000,Office,Hor Al Anz
CNT2132734145,2025-09-22,20000,2,Al Warsan First
CNT2134070727,2026-01-08,70000,2,Al Mamzer
CNT2132522466,2025-09-04,93000,2,Al Jadaf
CNT2130692346,2025-04-28,38000,Office,Business Bay
CRT2134189306,2025-12-01,80000,Shop,Al Dhagaya
CNT2127914046,2025-01-15,43050,2,Al Qusais Industrial Fifth
CRT2130742546,2025-03-07,125000,1,Al Khairan First
CNT2131733208,2025-06-10,75000,Shop,Al Thanyah Fifth
CNT2133769195,2025-12-15,52000,1,Al Warsan First
CNT2133076588,2025-11-05,99000,3,Al Nahda First
CNT2131163507,2025-04-01,110000,3,Mirdif
CNT2130585749,2025-03-05,34826,Studio,Nad Hessa
CRT2133811476,2025-12-14,85000,2,Al Barsha South Fifth
CNT2132293985,2025-08-01,70000,1,Mankhool
CNT2132031790,2025-05-01,51455,2,Wadi Al Safa 5
CRT2132938666,2025-08-01,34000,Studio,Wadi Al Safa 5
CNT2131096766,2025-04-01,25000,3,Palm Jumeirah
CRT2130666026,2025-04-24,60000,1,Madinat Al Mataar
CNT2131397867,2025-07-02,82688,2,Oud Metha
CNT2132781330,2025-10-18,48070,1,Jabal Ali First
CRT2133612106,2025-09-08,120154,2,Al Khairan First
CRT2130883086,2025-05-22,46000,Studio,Jabal Ali First
CNT2131297545,2025-06-12,10000,Office,Al Baraha
CNT2131363018,2025-06-17,95238,Shop,Hor Al Anz East
CNT2130333841,2025-02-01,49000,1,Wadi Al Safa 5
CNT2129970035,2025-03-01,105000,3,Oud Metha
CRT2128533196,2025-01-25,125000,3,Madinat Hind 4
CNT2133973990,2025-12-24,15000,Office,Al Muteena
CNT2130993505,2025-05-17,41700,1,Al Qusais
CNT2130333170,2025-04-01,53361,1,Al Bada
CNT2131938927,2025-08-09,80999,2,Madinat Dubai Almelaheyah
CNT2132125285,2025-08-11,125000,2,Trade Center First
CNT2130611746,2025-04-22,15000,Office,Al Khabeesi
CNT2131541785,2025-07-01,107500,1,Marsa Dubai
CNT2127689039,2025-01-01,118078,Office,Al Rega
CNT2133224237,2025-10-27,81000,1,Al Thanyah Fifth
CNT2127584419,2025-01-07,10000,Office,Al Wasl
CRT2130772246,2025-05-15,46000,1,Al Hebiah Fifth
CNT2131043059,2025-05-23,20000,Office,Business Bay
CNT2131541942,2025-06-14,40000,Studio,Al Barsha First
CNT2133711669,2025-12-01,90000,2,Al Barsha South Third
CRT2132420506,2025-08-27,53500,Studio,Jabal Ali First
CNT2130140837,2025-03-10,124500,3,Oud Metha
CNT2130210446,2025-03-04,72372,Office,Al Hebiah Second
CNT2132899445,2025-11-18,121000,2,Marsa Dubai
CNT2132064176,2025-07-31,15000,Office,Al Murqabat
CRT2127568836,2025-01-03,105568,2,Marsa Dubai
CNT2134291392,2026-01-16,90000,Warehouse,Al Qusais Industrial Third
CNT2131935479,2025-07-22,15000,Office,Al Wasl
CNT2132354567,2025-08-28,78000,2,Al Barsha South Third
CNT2130728548,2025-03-01,31200,Studio,Dubai Investment Park First
CNT2132403256,2025-09-20,27000,Shop,Wadi Al Safa 3
CNT2131398760,2025-06-20,28000,Office,Al Garhoud
CNT2133159618,2025-10-31,50597,Office,Al Qusais Industrial First
CNT2131361742,2025-06-18,10000,Office,Al Barsha First
CNT2130194251,2025-03-31,29222,Studio,Hessyan First
CNT2134014480,2025-12-23,39240,1,Al Nahda Second
CNT2130242011,2025-03-01,45000,Shop,Al Mararr
CNT2132306059,2025-08-19,51000,2,Al Qusais Industrial Fifth
CRT2129126336,2025-01-15,68250,2,Al Goze Fourth
CNT2132025820,2025-08-01,60000,1,Al Murqabat
CNT2131291495,2025-05-01,38850,1,Al Warsan First
CNT2132968446,2025-10-06,92000,Shop,Al Ras
CNT2127379069,2025-01-01,75000,2,Al Thanyah First
CNT2131983411,2025-07-24,15000,Office,Al Mararr
CNT2134097511,2026-01-20,95000,1,Al Satwa
CNT2132918729,2025-10-06,15000,Office,Al Khabeesi
CNT2130357959,2025-04-26,50820,2,Al Warsan First
CRT2130801966,2025-06-01,135000,1,Trade Center Second
CNT2133741119,2025-12-04,36000,1,Al Warsan First
CNT2131562903,2025-06-28,30000,Office,Dubai Investment Park First
CNT2133327343,2025-10-25,58000,1,Jabal Ali First
CNT2133078314,2025-10-18,15000,Office,Business Bay
CRT2133766346,2025-11-01,110000,2,Me'Aisem First
CNT2129824756,2025-02-18,24000,1,Al Bada
CNT2132128403,2025-08-05,15000,Office,Hor Al Anz East
CNT2130710677,2025-04-15,77385,2,Al Barsha First
CNT2134236210,2026-01-10,52800,Studio,Al Barsha South Third
CNT2132559373,2025-09-03,27000,Office,Al Muteena
CNT2134307299,2026-01-19,20000,Office,Al Raffa
CRT2127418956,2025-01-05,25000,Studio,Al Warsan First
CNT2133896879,2025-12-17,15000,Office,Al Murqabat
CNT2133042688,2025-10-15,15000,Office,Al Mararr
CNT2133986523,2025-12-25,20000,Office,Abu Hail
CNT2130368265,2025-05-03,55000,1,Al Nahda First
CNT2131223297,2025-06-18,89250,Duplex,Business Bay
CNT2132637086,2025-09-10,60500,1,Al Barsha First
CNT2134055005,2026-01-09,75000,2,Al Sabkha
CNT2134002786,2025-12-26,80000,Shop,Al Warsan First
CNT2132096106,2025-08-01,43000,Studio,Al Merkadh
CNT2133531205,2025-11-15,136500,2,Trade Center First
CNT2133154991,2025-09-25,156975,4,Nad Hessa
CNT2131233445,2025-06-20,55000,2,Al Nahda Second
CNT2132936738,2025-09-01,60196,2,Al Nahda Second
CNT2126895194,2025-01-01,50000,2,Al Buteen
CRT2133132716,2025-10-25,80000,Studio,Marsa Dubai
CNT2133756935,2025-12-20,94000,2,Al Jadaf
CNT2132522118,2025-08-29,126788,4,Al Baraha
CRT2130427056,2025-04-10,125000,1,Jumeirah First
CNT2133723548,2025-12-04,15000,Office,Business Bay
CNT2131523027,2025-07-26,39000,1,Muhaisanah Fourth
CNT2129842354,2025-01-20,62370,2,Al Raffa
CNT2134270822,2025-12-15,31395,Studio,Al Baraha
CNT2133523334,2025-11-04,105000,2,Mankhool
CRT2133072676,2025-10-17,157300,Office,Al Barsha South Fourth
CNT2130130964,2025-02-27,39000,1,Al Warsan First
CNT2131752625,2025-07-08,15000,Office,Al Khabeesi
CNT2129973649,2025-03-02,162624,Office,Rega Al Buteen
CNT2133019475,2025-10-01,41000,1,Muhaisanah Fourth
CRT2132318186,2025-09-05,95000,1,Business Bay
CNT2133562783,2025-11-14,17000,Studio,Al Mararr
CRT2132985296,2025-10-04,99000,1,Burj Khalifa
CNT2133215981,2025-10-28,10000,Office,Al Goze First
CNT2133761901,2025-12-15,35000,1,Al Nahda First
CNT2130465006,2025-04-10,99825,2,Al Barsha First
CNT2130736403,2025-04-01,70000,1,Oud Metha
CNT2128804979,2025-02-10,35000,Studio,Al Goze Fourth
CRT2130127406,2025-03-06,72000,1,Al Merkadh
CNT2131101745,2025-05-28,3500,Office,Al Hamriya
CNT2128577463,2025-01-28,45000,Office,Burj Khalifa
CNT2132729615,2025-09-21,49000,Studio,Al Merkadh
CNT2132217448,2025-08-14,45000,Office,Marsa Dubai
CNT2131104468,2025-03-25,57000,2,Al Nahda Second
CNT2134205619,2026-01-12,18000,Office,Naif
CRT2133030926,2025-10-18,65000,1,Al Hebiah Second
CNT2133648133,2025-12-03,50000,1,Al Qusais Industrial First
CNT2130913411,2025-06-20,61215,2,Nad Hessa
CNT2130379610,2025-04-04,15000,Office,Muhaisanah Fourth
CNT2130701188,2025-04-29,20000,Office,Oud Metha
CNT2134280252,2026-03-15,163722,3,Al Manara
CNT2130636694,2025-05-01,46000,1,Warsan Fourth
CRT2130881305,2025-05-14,82777,1,Al Barsha South Fifth
CNT2132078338,2025-07-27,55000,Office,Al Hebiah Fourth
CNT2129194643,2025-02-18,141000,1,Al Thanyah First
CNT2129882122,2025-02-15,42000,1,Al Raffa
CNT2129641966,2025-04-20,72346,Office,Port Saeed
CNT2132717618,2025-10-01,50000,1,Wadi Al Safa 2
CNT2130210965,2025-04-01,42000,Studio,Jabal Ali First
CNT2128133700,2025-01-18,20000,Office,Hor Al Anz
CNT2130309029,2025-03-27,20000,Office,Naif
CNT2132257108,2025-08-16,47001,1,Madinat Al Mataar
CRT2130264346,2025-04-14,130000,2,Marsa Dubai
CNT2132263299,2025-07-31,160600,Shop,Al Ras
CNT2132044271,2025-07-30,15000,Shop,Al Mararr
CNT2133751685,2026-02-17,55000,1,Al Warsan First
CNT2132091082,2025-08-10,160000,3,Jabal Ali First
CNT2133810810,2025-12-10,20000,Office,Al Raffa
CNT2128575269,2025-03-26,125000,3,Trade Center First
CNT2124775500,2025-01-01,54000,2,Wadi Al Safa 5
CNT2132329038,2025-08-15,56000,2,Al Qusais Industrial Third
CNT2129954010,2025-02-27,15000,Office,Al Khabeesi
CRT2131696606,2025-06-11,70000,1,Al Barsha South Fourth
CRT2130918056,2025-07-01,110000,3,Madinat Al Mataar
CNT2133088087,2025-08-31,25000,Studio,Al Mararr
CNT2127940423,2025-01-14,20000,Office,Hor Al Anz
CRT2132140566,2025-08-10,53000,Studio,Al Merkadh
CNT2134335907,2026-01-20,20000,Office,Al Murqabat
CNT2133582823,2025-11-25,55000,1,Muhaisanah Fourth
CNT2130873457,2025-05-12,17000,Office,Wadi Al Safa 2
CNT2131310847,2025-03-13,24200,Studio,Al Warsan First
CNT2132125350,2025-09-20,44036,1,Al Hebiah Fifth
CNT2133393070,2025-11-20,110000,1,Al Merkadh
CNT2128719638,2025-02-15,180000,4,Wadi Al Safa 5
CNT2131191721,2025-06-15,75000,1,Marsa Dubai
CNT2132579111,2025-09-10,91000,2,Mankhool
CNT2130733284,2025-05-01,33000,1,Hor Al Anz
CNT2133895152,2025-11-16,120750,3,Trade Center Second
CNT2131045556,2025-05-24,48000,Studio,Al Merkadh
CNT2131034674,2025-04-30,84000,2,Al Barsha South Fourth
CNT2132531320,2025-09-06,36000,Studio,Wadi Al Safa 5
CRT2133987876,2025-12-25,15000,Office,Port Saeed
CNT2130423045,2025-04-08,15000,Office,Dubai Investment Park First
CNT2129926181,2025-01-01,141814,Warehouse,Dubai Investment Park First
CNT2133066608,2025-10-17,20800,Office,Dubai Investment Park First
CNT2131932865,2025-07-22,15000,Office,Al Goze Industrial Third
CNT2132191833,2025-08-11,20000,Office,Saih Shuaib 2
CNT2133151294,2025-11-05,41400,Studio,Al Murqabat
CNT2132738768,2025-10-01,53000,1,Wadi Al Safa 5
CRT2130172576,2025-02-10,112000,1,Business Bay
CRT2133484536,2025-11-15,120000,5,Marsa Dubai
CNT2130794868,2025-05-01,143040,Shop,Mirdif
CNT2132680070,2025-10-01,54000,2,Al Twar Fifth
CNT2129870536,2025-02-20,15000,Office,Dubai Investment Park First
CNT2130228238,2025-03-20,25000,Office,Ras Al Khor Industrial Second
CNT2134177224,2026-01-02,50936,2,Al Karama
CRT2133041206,2025-10-09,28000,Shop,Al Mararr
CNT2133216821,2025-10-10,57000,1,Warsan Fourth
CNT2131829103,2025-07-01,34000,1,Al Mararr
CNT2127991653,2025-01-03,82000,2,Port Saeed
CNT2133106929,2025-10-21,20000,Office,Hor Al Anz
CNT2127318712,2025-01-10,55000,2,Al Karama
CNT2133393788,2025-11-15,73100,2,Um Hurair First
CNT2131489554,2025-06-23,70000,3,Al Warsan First
CNT2132556878,2025-09-21,61492,2,Jabal Ali First
CNT2130904971,2025-05-20,98700,3,Al Murqabat
CRT2132847256,2025-10-01,180000,3,Wadi Al Safa 7
CNT2132557647,2025-07-04,45000,2,Al Mararr
CRT2127189166,2025-01-02,132500,2,Al Khairan First
CNT2130216472,2025-04-20,148523,Studio,Al Murqabat
CNT2131529751,2025-03-01,51450,2,Hor Al Anz East
CRT2134298896,2026-01-01,22000,Studio,Al Baraha
CNT2132999856,2025-10-13,15000,Office,Al Goze First
CNT2131702754,2025-06-01,55000,1,Al Hebiah Fourth
CNT2130749383,2025-05-05,38010,Studio,Al Barsha South Fifth
CNT2131802376,2025-07-01,68000,1,Al Bada
CNT2131937642,2025-07-22,15000,Office,Al Goze Industrial Third
CNT2131195580,2025-07-20,36288,Shop,Naif
CNT2132552405,2025-09-11,50000,1,Al Barsha South Third
CNT2130043461,2025-03-05,30000,Office,Burj Khalifa
CNT2133532561,2025-11-18,20000,Office,Saih Shuaib 2
CRT2132969008,2025-10-01,90000,3,Madinat Hind 4
CNT2130955957,2025-05-17,20000,Office,Al Khabeesi
CNT2128955704,2025-02-03,20000,Office,Business Bay
CRT2132897346,2025-10-01,70000,1,Al Merkadh
CNT2134094552,2026-01-05,60000,Office,Business Bay
CNT2129966324,2025-02-27,67000,Office,Business Bay
CNT2132764648,2025-09-23,53550,2,Al Warqa First
CNT2134024821,2025-12-29,15000,Office,Al Goze Industrial First
CNT2129768086,2025-02-17,15000,Office,Al Muteena
CNT2132340939,2025-08-21,20000,Office,Al Murqabat
CNT2132089446,2025-08-02,15000,Office,Al Garhoud
CNT2131996678,2025-07-25,15000,Office,Al Muteena
CNT2127769139,2025-01-12,19000,Studio,Muhaisanah Fourth
CNT2131152330,2025-05-29,143000,Shop,Al Karama
CNT2133418087,2025-11-01,36000,Studio,Nad Hessa
CNT2134131050,2026-01-07,15000,Office,Al Khabeesi
CRT2132005006,2025-07-10,52800,2,Al Mamzer
CNT2131657319,2025-06-26,120000,Office,Al Thanyah First
CNT2134114493,2026-01-15,107000,1,Business Bay
CNT2133980022,2025-12-24,20000,Office,Dubai Investment Park First
CNT2130122359,2025-03-01,28000,Studio,Naif
CNT2134014138,2026-04-01,58000,1,Al Murqabat
CNT2131313856,2025-07-16,80000,Shop,Al Mararr
CRT2129940578,2025-02-28,158000,2,Marsa Dubai
CNT2132025860,2025-09-10,48400,1,Al Mamzer
CNT2130912064,2025-05-14,15000,Office,Al Khabeesi
CNT2130331660,2025-03-28,44000,1,Wadi Al Safa 2
CNT2132888179,2025-09-09,121275,Shop,Muhaisanah Second
CNT2132216485,2025-08-12,15000,Office,Al Goze Industrial First
CRT2132021720,2025-07-20,67348,1,Al Thanyah Fifth
CRT2130388726,2025-04-01,40000,Studio,Al Barsha South Fifth
CNT2133214498,2025-10-25,50000,1,Muhaisanah Fourth
CRT2132425996,2025-09-01,32000,Studio,Al Dhagaya
CNT2133981584,2026-01-01,174900,Shop,Al Suq Al Kabeer
CNT2127748999,2025-01-01,69320,2,Al Karama
CNT2133471251,2025-10-31,66000,1,Nad Hessa
CNT2130787857,2025-04-20,151943,Office,Al Hamriya
CRT2129189456,2025-01-01,55000,Studio,Wadi Al Safa 5
CNT2131974546,2025-07-26,37000,Office,Al Qusais Industrial First
CNT2130759618,2025-04-10,46000,2,Al Warsan First
CRT2133233676,2025-10-31,80000,1,Marsa Dubai
CNT2130520490,2025-04-15,136000,Office,Al Thanyah Fifth
CNT2130125586,2025-03-10,38000,1,Al Warqa First
CNT2131488708,2025-07-31,35200,1,Al Baraha
CNT2130004375,2025-03-03,20000,Office,Port Saeed
CNT2129889230,2025-02-01,46200,1,Me'Aisem First
CNT2131299173,2025-06-11,39900,Studio,Me'Aisem First
CNT2133283280,2025-09-15,155000,3,Al Yelayiss 1
CRT2133895106,2025-12-20,130000,1,Al Khairan First
CNT2132720956,2025-09-13,57750,2,Mirdif
CNT2132800211,2025-10-01,176400,2,Zaabeel Second
CNT2133456662,2025-11-12,15000,Office,Business Bay
CNT2133243112,2025-11-01,36000,2,Al Goze Fourth
CNT2128824892,2025-01-01,110000,2,Al Goze Fourth
CNT2130728286,2025-05-01,87000,Office,Oud Metha
CNT2132631838,2025-09-02,19184,Studio,Muhaisanah Fourth
CNT2132800459,2025-10-02,129999,2,Al Satwa
CRT2130757386,2025-04-10,40000,2,Hor Al Anz
CNT2132012404,2025-06-25,77000,1,Al Karama
CNT2134235586,2026-01-14,20000,Office,Al Khabeesi
CNT2132421736,2025-08-07,103000,Warehouse,Jabal Ali Industrial First
CNT2129267363,2025-01-18,72000,Studio,Al Merkadh
CNT2129823330,2025-02-01,23000,Studio,Al Warsan First
CNT2131033973,2025-08-01,66150,2,Mirdif
CNT2131090785,2025-06-01,100000,Office,Business Bay
CNT2132996356,2025-10-15,52200,Shop,Al Suq Al Kabeer
CNT2130617502,2025-04-20,44000,Shop,Al Mararr
CNT2132727668,2025-07-11,84000,2,Al Jadaf
CNT2131836475,2025-07-14,39030,3,Palm Jumeirah
CRT2131868136,2025-07-18,175000,2,Al Thanyah Third
CRT2133595966,2025-11-29,105000,Studio,Business Bay
CNT2130379184,2025-04-04,15000,Office,Al Khabeesi
CNT2132705364,2025-10-01,35000,Studio,Dubai Investment Park Second
CNT2132221748,2025-07-27,20000,Shop,Cornich Deira
CNT2131008482,2025-05-21,15000,Office,Hor Al Anz
CNT2130844598,2025-03-15,45000,1,Hor Al Anz East
CNT2131679460,2025-07-01,40000,Studio,Al Barsha South Fourth
CRT2131216446,2025-03-25,100000,2,Marsa Dubai
CNT2132322069,2025-08-20,10000,Office,Al Baraha
CRT2131817606,2025-05-15,65000,Shop,Al Ttay
CRT2132465816,2025-08-25,130000,3,Al Yelayiss 2
CNT2130838024,2025-02-15,52500,Shop with a mezzanine,Al Rega
CNT2131784853,2025-07-10,15000,Office,Abu Hail
CNT2134149787,2026-01-10,69000,2,Al Thanyah First
CNT2132081670,2025-06-28,38400,Room in labor camp,Al Goze Third
CNT2131062838,2025-05-26,15000,Office,Al Suq Al Kabeer
CNT2130371585,2025-04-05,115000,2,Al Barsha South Fourth
CNT2128948077,2025-02-10,76600,2,Al Thanyah First
CNT2132964060,2025-10-15,86000,2,Wadi Al Safa 3
CRT2130641576,2025-05-01,155000,3,Rega Al Buteen
CNT2130637296,2025-04-25,43500,Shop,Al Warsan First
CNT2134267020,2026-01-25,66775,2,Al Nahda Second
CNT2134181346,2026-01-12,75000,1,Business Bay
CNT2127955885,2025-01-14,20000,Office,Port Saeed
CNT2130583515,2025-05-01,40000,1,Al Nahda Second
CNT2133438686,2025-11-01,34500,Studio,Al Mararr
CNT2134280063,2026-01-16,51500,Shop,Oud Metha
CRT2134002906,2025-01-01,71000,1,Al Barsha South Fourth
CNT2131719610,2025-07-10,46008,1,Al Hebiah First
CNT2133771105,2025-12-14,119000,2,Mankhool
CNT2132313956,2025-08-20,20000,Office,Al Murqabat
CNT2128069832,2025-02-01,42000,Studio,Oud Metha
CRT2130691046,2025-04-28,150000,1,Marsa Dubai
CRT2132030956,2025-08-01,105000,3,Madinat Al Mataar
CNT2132813309,2025-10-07,57500,Studio,Al Barsha South Fourth
CNT2132472120,2025-09-01,20000,Office,Jabal Ali Industrial First
CRT2132378412,2025-07-15,105000,1,Al Thanyah Third
CNT2131019516,2025-05-20,94500,1,Nad Hessa
CRT2132512946,2025-09-04,70000,1,Al Hebiah Third
CNT2132881149,2025-08-31,58960,1,Al Thanyah First
CNT2132856006,2025-10-01,65000,1,Jabal Ali Industrial Second
CRT2130837666,2025-05-11,170000,3,Al Yelayiss 1
CNT2134288649,2025-12-29,135000,1,Business Bay
CNT2132589752,2025-09-11,15000,Office,Al Mararr
CRT2130451846,2025-04-15,67000,Studio,Al Thanyah Fifth
CRT2130092426,2025-03-08,100000,1,Al Thanyah Third
CRT2134120347,2026-02-10,120000,1,Burj Khalifa
CNT2132971023,2025-10-01,58200,1,Al Murqabat
CNT2130418040,2025-04-01,100000,Office,Business Bay
CNT2133823801,2025-12-14,136999,2,Al Satwa
CRT2130238856,2025-05-01,32000,Shop,Al Mararr
CRT2124334566,2025-01-12,50000,Office,Trade Center First
CNT2133437838,2025-11-20,40000,Studio,Al Nahda First
CNT2128541562,2025-01-27,20000,Office,Naif
CRT2130150036,2025-03-10,65500,1,Marsa Dubai
CNT2129901564,2025-02-20,103818,2,Al Barsha First
CNT2130826084,2025-05-02,42270,2,Al Murqabat
CNT2127754928,2025-01-10,25000,Office,Port Saeed
CNT2129884016,2025-02-22,15000,Office,Al Baraha
CNT2130953802,2025-08-01,95500,3,Mirdif
CNT2130425143,2025-03-24,47000,1,Al Goze Third
CNT2133116418,2025-10-23,90000,2,Al Barsha First
CRT2132718476,2025-09-16,46720,1,Al Hebiah Fourth
CNT2130285246,2025-03-25,15000,Office,Al Khabeesi
CNT2132239784,2025-08-10,70000,1,Al Thanyah Fifth
CNT2134016453,2025-12-29,30000,Office,Business Bay
CNT2130174321,2025-04-26,82000,2,Al Thanyah First
CNT2127757581,2025-01-10,15000,Office,Al Goze Industrial First
CNT2134127546,2025-12-19,41200,1,Warsan Fourth
CNT2134261620,2026-01-25,98000,2,Al Barsha South Third
CNT2127340965,2025-01-01,105000,3,Al Warsan First
CNT2131349979,2025-06-17,15000,Office,Trade Center First
CNT2128312266,2025-01-21,20000,Office,Port Saeed
CNT2133796300,2026-01-01,55000,Shop,Al Satwa
CRT2130110396,2025-04-01,66000,Studio,Jabal Ali First
CNT2130312858,2025-01-01,78000,2,Al Barsha First
CNT2132972357,2025-07-25,165000,4,Mirdif
CNT2131569778,2025-06-30,15000,Office,Al Khabeesi
CNT2132867552,2025-10-05,59800,2,Nad Al Hamar
CRT2133919319,2025-12-23,32923,Studio,Al Hebiah Fourth
CRT2130802365,2025-05-10,90000,1,Business Bay
CNT2134280214,2026-01-15,50000,Office,Business Bay
CRT2131768166,2025-07-09,15000,Office,Al Muteena
CNT2128912507,2025-02-01,31500,Studio,Al Suq Al Kabeer
CNT2129257055,2025-02-14,33075,Studio,Al Nahda First
CNT2132059938,2025-07-31,25000,Office,Port Saeed
CNT2131245149,2025-05-10,76650,2,Nad Hessa
CNT2133091197,2025-10-27,55649,1,Al Karama
CRT2132966586,2025-10-10,55000,Studio,Al Barsha South Third
CNT2133819702,2025-12-22,53708,2,Al Goze Industrial Second
CRT2131255956,2025-07-01,36000,Studio,Al Barsha South Fifth
CNT2130577482,2025-04-01,35200,1,Eyal Nasser
CNT2133235782,2025-10-29,15000,Office,Hor Al Anz
CNT2127626087,2025-01-08,20000,Office,Port Saeed
CRT2131795556,2025-07-10,40000,Office,Al Buteen
CNT2133985462,2026-01-03,38849,1,Muhaisanah Fourth
CNT2132044019,2025-07-30,15000,Office,Al Khabeesi
CNT2131068761,2025-05-26,15000,Office,Al Baraha
CRT2130350966,2025-04-07,105000,Hotel,Business Bay
CNT2129929478,2025-02-25,17000,Office,Al Goze Third
CRT2132629506,2025-09-15,145000,4,Madinat Hind 4
CRT2133083906,2025-08-15,42000,Studio,Al Barsha South Fourth
CNT2132595849,2025-08-10,23000,Studio,Naif
CNT2129373872,2025-02-15,42000,Studio,Warsan Fourth
CNT2128006937,2025-01-18,66701,2,Jabal Ali First
CNT2134214034,2025-09-20,82000,Office,Hor Al Anz East
CNT2130691084,2025-04-28,15000,Office,Business Bay
CRT2132985651,2025-12-15,165000,2,Al Thanyah Third
CNT2129052976,2025-02-04,15000,Office,Al Baraha
CNT2132723790,2025-09-05,75000,1,Jabal Ali First
CNT2132910964,2025-10-17,156000,2,Jumeirah First
CRT2130266756,2025-03-24,65000,1,Jabal Ali First
CRT2134267826,2026-01-18,73500,1,Al Thanyah Fifth
CNT2130824878,2025-05-08,10000,Office,Al Barsha First
CNT2133582421,2025-11-30,92500,2,Al Murqabat
CRT2130733916,2025-01-01,29000,Studio,Dubai Investment Park Second
CNT2129703387,2025-02-16,22000,Studio,Al Mararr
CNT2134243638,2025-12-05,75000,2,Al Barsha First
CNT2133941256,2026-01-01,32000,2,Muhaisanah Fourth
CRT2132182606,2025-08-15,78000,1,Al Barsha South Fourth
CRT2132110306,2025-08-05,55000,1,Nad Hessa
CNT2129838438,2025-02-13,24000,Office,Al Garhoud
CNT2133846259,2025-12-13,20000,Office,Trade Center First
CNT2132146669,2025-08-06,15000,Office,Business Bay
CRT2130327046,2025-03-15,60000,1,Al Warsan First
CNT2133833575,2025-12-01,31000,Studio,Al Dhagaya
CNT2131967414,2025-07-27,53050,1,Oud Metha
CRT2134209846,2025-12-31,183000,2,Marsa Dubai
CNT2130307888,2025-04-01,124000,2,Al Barsha South Third
CNT2132180950,2025-08-09,15000,Office,Hor Al Anz
CRT2129447726,2025-02-11,95000,2,Al Jadaf
CNT2126819621,2025-03-20,67694,1,Al-Cornich
CNT2134074421,2026-01-06,54000,Studio,Al Barsha South Third
CNT2126710209,2025-01-01,28000,Studio,Al Suq Al Kabeer
CNT2132797637,2025-09-10,85000,2,Al Qusais
CNT2130498667,2025-02-01,156000,Shop,Al Karama
CNT2134229990,2026-01-14,20000,Office,Al Murqabat
CNT2132529950,2025-09-06,15000,Office,Al Goze Industrial First
CNT2128920112,2025-01-31,57750,1,Al Barsha South Second
CRT2131322866,2025-06-15,145000,2,Marsa Dubai
CNT2131502263,2025-05-15,80000,Shop,Mirdif
CNT2133252820,2025-10-20,71656,2,Al Nahda Second
CNT2129856718,2025-02-01,55000,2,Al Suq Al Kabeer
CNT2133287044,2025-10-01,46000,1,Al Qusais Industrial Fourth
CRT2133825976,2025-12-15,55000,Studio,Al Merkadh
CNT2130902167,2025-08-02,73500,1,Al Thanyah Third
CNT2132858085,2025-10-01,15000,Office,Business Bay
CRT2123640995,2025-01-01,45150,Studio,Al Barsha South Fourth
CNT2133455473,2025-11-16,54000,Studio,Al Goze Fourth
CNT2129743393,2025-01-25,65000,2,Wadi Al Safa 5
CNT2133327345,2025-11-25,67500,2,Al Warqa First
CNT2132596448,2025-09-01,107500,1,Al Kifaf
CNT2131014589,2025-06-15,56350,2,Al Karama
CNT2131846879,2025-08-01,175000,Warehouse,Um Ramool
CNT2131707545,2025-07-19,35500,1,Muhaisanah Fourth
CNT2128081688,2025-01-15,15000,Office,Al Muteena
CNT2132368424,2025-08-25,15000,Office,Hor Al Anz
CNT2131901533,2025-07-19,15000,Office,Al Goze Industrial Third
CNT2133423323,2025-11-01,90000,Office,Al Thanyah Fifth
CNT2130633670,2025-04-24,10000,Office,Al Garhoud
CNT2131330339,2025-06-16,12000,Office,Al Raffa
CNT2133563085,2025-11-20,15000,Office,Al Garhoud
CNT2128114030,2025-01-01,45000,Shop,Al Warsan First
CNT2134006235,2025-11-15,34000,Studio,Al Baraha
CNT2129999723,2025-02-15,41000,1,Al Warsan First
CRT2134183816,2026-01-12,56000,Studio,Al Merkadh
CNT2132216436,2025-03-10,80429,2,Jabal Ali First
CNT2132016863,2025-07-25,80000,2,Nad Hessa
CNT2129820533,2025-01-01,43000,Office,Al Buteen
CNT2134013188,2025-11-20,59000,1,Al Barsha South Fourth
CNT2129181633,2025-02-14,84000,2,Al Thanyah First
CNT2128467796,2025-01-22,20000,Office,Hor Al Anz
CNT2132582866,2025-08-25,66000,1,Al Barsha South Third
CNT2128954628,2025-02-02,78829,2,Al Thanyah First
CNT2132888344,2025-11-19,30870,Office,Jabal Ali First
CNT2130828873,2025-04-23,71615,1,Wadi Al Safa 7
CNT2131161964,2025-06-08,72930,2,Jabal Ali First
CNT2132794928,2025-09-26,15000,Office,Al Khabeesi
CNT2130304806,2025-04-05,26000,Studio,Naif
CNT2133712658,2025-08-09,52500,Shop,Al Warsan First
CNT2127430731,2025-01-04,20000,Office,Muhaisanah Fourth
CNT2133805033,2025-12-10,15000,Office,Al Barsha First
CNT2130885790,2025-05-13,20000,Office,Hor Al Anz
CNT2128954182,2025-02-01,74800,3,Al Nahda First
CRT2132004393,2025-05-01,53500,1,Wadi Al Safa 3
CRT2130020076,2025-03-01,48000,Studio,Al Merkadh
CNT2133305422,2025-09-02,21000,Office,Wadi Al Safa 2
CNT2132509717,2025-04-25,30000,Office,Al Mararr
CNT2132281412,2025-08-18,15000,Office,Naif
CNT2133958998,2025-12-23,20000,Office,Business Bay
CNT2131041542,2025-05-23,16000,Office,Business Bay
CNT2132374077,2025-08-09,152054,Warehouse,Um Ramool
CNT2131663952,2025-07-10,52000,1,Al Warqa First
CNT2127776329,2025-01-03,21000,Studio,Madinat Al Mataar
CNT2134151205,2026-01-30,10000,Office,Trade Center First
CRT2132450446,2025-07-01,46000,Shop,Ras Al Khor Industrial Third
CNT2134232758,2026-02-01,160000,2,Um Suqaim Third
CRT2130623056,2025-04-23,15000,Office,Al Muteena
CNT2133692249,2025-12-10,50000,1,Al Nahda First
CNT2133655169,2025-11-27,20000,Shop,Al Mararr
CNT2133091331,2025-09-01,72000,Office,Hor Al Anz East
CNT2132998284,2025-09-15,82000,1,Trade Center Second
CNT2131146598,2025-05-31,32000,Office,Al Garhoud
CRT2133224166,2025-10-20,90000,1,Al Merkadh
CNT2132191827,2025-08-11,15000,Office,Al Murqabat
CNT2131388703,2025-06-19,15000,Office,Al Baraha
CNT2134289812,2026-01-01,59000,Studio,Al Merkadh
CNT2130667241,2025-05-01,105000,2,Madinat Al Mataar
CNT2133273996,2025-10-31,17000,Office,Abu Hail
CNT2134269631,2026-01-15,35000,1,Al Nahda First
CNT2130290855,2025-03-25,40000,1,Al Warsan First
CNT2131026080,2025-05-14,110000,3,Al Warqa First
CNT2131499397,2025-06-01,47250,2,Madinat Al Mataar
CNT2134154627,2026-01-08,112000,1,Burj Khalifa
CNT2132281535,2025-08-18,20000,Office,Al Barsha First
CNT2132467490,2025-08-17,30424,Room in labor camp,Saih Shuaib 2
CNT2130028727,2025-03-22,31971,2,Muhaisanah Fourth
CNT2125425737,2025-04-27,11986,Storage,Jumeirah First
CRT2132096516,2025-07-24,48000,Studio,Jabal Ali First
CNT2129918864,2025-01-10,83000,3,Al Murqabat
CNT2130299553,2025-04-16,24000,1,Al Qusais
CNT2130672137,2025-05-01,26460,1,Al Qusais
CNT2133750653,2026-01-01,28000,Studio,Naif
CNT2132929964,2025-10-01,110000,Office,Al Nahda First
CNT2130861332,2025-05-20,41895,1,Al Nahda Second
CNT2131005905,2025-05-21,21000,Office,Dubai Investment Park First
CNT2130114552,2025-03-15,70000,1,Al Nahda First
CRT2132913146,2025-06-13,60000,Shop,Al Mizhar Second
CNT2131749223,2025-07-08,16000,Office,Al Goze First
CNT2130029773,2025-03-12,87000,2,Al Murqabat
CRT2133527056,2025-11-15,40000,Studio,Al Hebiah Fourth
CNT2134135540,2025-12-01,39848,1,Wadi Al Safa 2
CNT2133789241,2025-12-09,20000,Office,Hor Al Anz
CNT2132852685,2025-10-01,60000,1,Al Bada
CNT2130123712,2025-03-20,125000,2,Al Satwa
CNT2132560349,2025-08-01,88000,1,Al Hebiah Fourth
CRT2131331546,2025-06-17,50000,1,Al Warsan First
CNT2133452349,2025-11-11,15000,Office,Al Goze First
CNT2133780364,2025-10-17,138600,4,Madinat Al Mataar
CNT2129933816,2025-02-16,122000,2,Al Satwa
CNT2130642396,2025-05-16,23000,Office,Al Karama
CNT2131402289,2025-09-01,81625,3,Jabal Ali First
CNT2131775671,2025-06-05,40000,Shop with a mezzanine,Al Mararr
CNT2129793042,2025-01-01,112000,4,Al Muteena
CNT2130497456,2025-04-14,16000,Office,Business Bay
CRT2133014856,2025-10-14,87000,1,Al Barsha South Fourth
CNT2132035317,2025-07-05,7200,Labor camp,Muhaisanah Second
CNT2132519952,2025-09-05,98000,1,Nad Al Shiba First
CNT2131058819,2025-05-26,11000,Office,Mankhool
CNT2128574037,2025-02-04,55999,2,Ras Al Khor Industrial Third
CNT2132448874,2025-08-30,27000,Office,Al Raffa
CNT2132233219,2025-08-01,160000,Warehouse,Um Ramool
CNT2129939411,2025-02-26,20000,Office,Hor Al Anz
CNT2132241365,2025-07-30,121975,3,Al Barsha First
CNT2130071111,2025-03-14,67000,1,Al Barsha South Third
CNT2131677605,2025-06-05,36000,1,Al Qusais Industrial First
CNT2134009244,2025-11-01,36300,Studio,Hor Al Anz
CNT2133454183,2025-09-25,64000,2,Al Goze First
CNT2132949312,2025-11-08,65999,1,Madinat Dubai Almelaheyah
CNT2131531056,2025-07-18,150000,3,Al Yelayiss 1
CNT2129117939,2025-02-10,33000,Studio,Business Bay
CNT2130241778,2025-04-25,57200,1,Mankhool
CNT2134126809,2025-09-10,45000,2,Al Warqa First
CRT2130203636,2025-03-22,70000,1,Al Jadaf
CNT2132042595,2025-07-30,15000,Office,Saih Shuaib 3
CNT2132987162,2025-08-14,51305,Office,Port Saeed
CNT2128479101,2025-02-25,72000,Studio,Al Warsan First
CNT2132338395,2025-10-01,55000,1,Jabal Ali Industrial First
CNT2132894798,2025-10-01,25200,Office,Mankhool
CNT2132688935,2025-08-20,63480,2,Al Karama
CNT2129195969,2025-02-01,40700,Office,Ras Al Khor Industrial Third
CNT2131754314,2025-07-06,54000,1,Al Warqa First
CNT2130260124,2025-03-25,45000,1,Mirdif
CNT2130444635,2025-03-09,50000,Office,Al Dhagaya
CNT2133056387,2025-10-14,40000,1,Al Nahda Second
CNT2131226547,2025-06-01,160000,Shop,Al Sabkha
CRT2128496536,2025-03-15,185000,4,Wadi Al Safa 5
CNT2133694110,2025-10-21,95000,Warehouse,Ras Al Khor Industrial Second
CNT2132288761,2025-08-10,55000,2,Al Warqa First
CNT2133589000,2025-12-11,46305,1,Wadi Al Safa 2
CNT2132054144,2025-07-30,15000,Office,Al Khabeesi
CNT2134012025,2026-01-01,32300,Studio,Al Suq Al Kabeer
CRT2130135927,2025-04-05,120000,2,Al Khairan First
CNT2132921692,2025-10-06,33500,2,Al Goze Fourth
CNT2131020173,2025-05-23,105000,2,Business Bay
CNT2134058110,2025-12-31,15000,Office,Al Hamriya
CNT2130148337,2025-03-13,15000,Office,Burj Khalifa
CNT2131007628,2025-05-21,15000,Office,Al Muteena
CNT2130349468,2025-03-04,100461,Shop,Al Manara
CRT2133879176,2025-11-03,82800,Office,Nad Hessa
CNT2133179115,2025-07-01,175000,3,Muhaisanah First
CNT2130469154,2025-04-11,15000,Office,Al Muteena
CNT2132381911,2025-08-25,20000,Office,Al Murqabat
CNT2128524551,2025-01-24,15000,Office,Al Baraha
CNT2129892205,2025-02-01,34535,Studio,Naif
CNT2131578767,2025-07-04,55125,1,Al Karama
CNT2129056980,2025-02-04,15000,Office,Al Baraha
CNT2130802121,2025-04-01,90000,4,Abu Hail
CNT2131972769,2025-08-01,80000,Office,Naif
CNT2129844189,2025-02-19,15000,Office,Al Khabeesi
CNT2131759236,2025-07-08,15000,Office,Naif
CNT2130318391,2025-04-01,32000,Shop,Al Mararr
CNT2131360000,2025-07-31,67000,2,Al Barsha South Fourth
CNT2133457849,2025-07-01,48000,1,Al Satwa
CNT2130606223,2025-04-22,15000,Office,Al Goze Third
CNT2130062073,2025-03-06,10000,Office,Al Mizhar First
CNT2129814198,2025-02-17,20000,Office,Hor Al Anz East
CNT2133406623,2025-11-07,30000,2,Al Qusais Industrial First
CNT2131105120,2025-05-20,165000,3,Al Thanyah Third
CNT2126558841,2025-01-01,95000,3,Al Raffa
CNT2133432129,2025-11-01,143000,Warehouse,Al Goze Third
CNT2132989066,2025-10-11,180000,1,Burj Khalifa
CRT2133745666,2025-11-01,115000,2,Al Hebiah First
CNT2129698009,2025-01-22,45000,Studio,Jabal Ali First
CNT2128964902,2025-02-01,80000,1,Marsa Dubai
CNT2131987853,2025-07-15,36000,Shop,Cornich Deira
CNT2130274410,2025-04-15,65050,2,Al Jadaf
CRT2127907866,2025-01-25,73200,Office,Al Thanyah Fifth
CNT2132145061,2025-08-07,28750,Studio,Al Hebiah Fourth
CNT2133972804,2025-12-24,22000,Studio,Naif
CRT2133213416,2025-10-27,75000,Studio,Business Bay
CRT2130624596,2025-05-01,120000,1,Burj Khalifa
CNT2133808912,2025-12-05,80000,1,Business Bay
CRT2133760475,2025-12-06,126000,3,Al Yelayiss 2
CNT2133416782,2025-08-24,23500,Office,Al Twar Fifth
CNT2133808482,2025-09-01,36750,1,Al Nahda Second
CNT2132846351,2025-10-01,69300,2,Jabal Ali First
CNT2129933643,2025-02-28,88358,2,Mirdif
CRT2128106776,2025-01-15,150000,Warehouse,Al Goze Industrial Third
CNT2130319679,2025-03-01,30200,Studio,Al Barsha South Fourth
CNT2130569427,2025-04-15,36383,2,Muhaisanah Fourth
CNT2132884724,2025-09-30,45000,Shop,Al Karama
CNT2132303237,2025-09-01,90000,3,Al Karama
CNT2133340036,2025-10-28,137261,Warehouse,Saih Shuaib 2
CNT2130074119,2025-03-05,50000,Studio,Madinat Al Mataar
CRT2134052258,2025-12-31,87073,2,Al Barsha South Fifth
CNT2133629972,2025-11-19,87000,2,Al Hamriya
CNT2133422783,2025-11-01,40000,Shop with a mezzanine,Al Mararr
CNT2130716988,2025-04-01,160000,Shop,Jumeirah First
CNT2132795050,2025-09-27,76929,3,Abu Hail
CNT2132230726,2025-09-07,180000,2,Al Thanyah Third
CNT2130050557,2025-03-05,67000,2,Al Qusais
CNT2132088475,2025-07-15,37000,1,Al Warsan First
CNT2128497900,2025-01-03,100000,2,Al Barsha South Third
CRT2128105216,2025-01-16,15000,Shop,Hor Al Anz
CNT2127898799,2025-01-13,30000,Office,Al Goze Industrial First
CNT2132557490,2025-12-15,41927,1,Nad Al Hamar
CNT2129446859,2025-02-01,55000,2,Hor Al Anz East
CNT2131810257,2025-07-22,66571,3,Al Ras
CNT2131404920,2025-06-23,130000,2,Al Thanyah Fifth
CNT2133897559,2025-12-17,23500,Office,Al Karama
CNT2133017392,2025-10-15,58000,1,Nad Hessa
CNT2132362122,2025-09-01,39000,Studio,Wadi Al Safa 5
CNT2130729863,2025-05-01,15000,Office,Hor Al Anz
CNT2116358306,2025-07-01,46154,Studio,Al Barsha South Third
CNT2130057607,2025-01-01,110000,Office,Al Goze Industrial First
CNT2130314883,2025-03-27,15000,Office,Trade Center First
CNT2130149341,2025-03-21,165000,4,Jumeirah First
CNT2128294047,2025-01-01,100000,Workshop,Al Qusais Industrial Second
CNT2130525270,2025-04-16,16500,Office,Business Bay
CRT2133777706,2025-12-08,57000,Studio,Hadaeq Sheikh Mohammed Bin Rashid
CNT2128476297,2025-02-09,45000,1,Al Goze Industrial Second
CNT2130802582,2025-05-01,62397,1,Al Thanyah First
CNT2133398621,2025-09-26,60000,Shop,Mirdif
CNT2130041564,2025-03-05,17000,Office,Wadi Al Safa 2
CNT2130868587,2025-06-09,179999,3,Al Bada
CNT2131685884,2025-06-15,26000,Studio,Al Mararr
CNT2132537775,2025-04-05,72000,2,Trade Center First
CNT2129966295,2025-01-31,28500,Studio,Al Warsan First
CNT2134315291,2025-10-10,24200,Office,Naif
CNT2130410130,2025-04-08,14000,Office,Al Goze Third
CNT2133746266,2025-12-15,65000,Shop,Eyal Nasser
CRT2132277456,2025-07-15,126000,3,Al Yufrah 1
CNT2132189850,2025-08-09,35002,Shop,Al Mizhar First
CNT2131761830,2025-08-01,86000,3,Al Muteena
CNT2126497555,2025-01-01,48000,1,Al Warqa First
CNT2131821102,2025-04-01,36000,1,Al Qusais
CNT2131662237,2025-07-08,43890,2,Ras Al Khor Industrial Third
CNT2132406866,2025-10-26,29700,Studio,Al Goze Industrial Second
CNT2133846213,2025-12-01,139465,3,Business Bay
CNT2132732485,2025-09-26,55000,Studio,Al Barsha South Fourth
CNT2130354987,2025-03-25,110000,Warehouse,Al Goze Industrial Fourth
CNT2134077249,2026-01-01,119790,Shop,Al Sabkha
CNT2133347246,2025-11-06,17000,Office,Al Baraha
CNT2133978952,2025-03-18,40200,1,Me'Aisem First
CNT2131652606,2025-07-01,20000,Office,Trade Center First
CNT2129585376,2025-02-05,34000,1,Naif
CNT2133849298,2025-12-20,50000,Studio,Al Barsha First
CNT2133891359,2025-11-15,45627,Office,Business Bay
CNT2133962712,2025-12-24,20999,Studio,Muhaisanah Fourth
CNT2133246650,2025-06-20,40000,1,Al Qusais
CRT2128128176,2025-01-17,15000,Office,Hor Al Anz
CNT2131677381,2025-06-27,53000,1,Me'Aisem First
CNT2133915562,2025-12-30,40000,Studio,Al Murqabat
CNT2134060968,2026-01-01,162816,Office,Al Thanyah Fifth
CRT2131187376,2025-06-01,62000,1,Al Yelayiss 2
CNT2131650430,2025-07-01,15000,Office,Al Raffa
CRT2130466016,2025-04-11,15000,Office,Hor Al Anz
CNT2129991780,2025-03-03,12000,Office,Al Mizhar First
CNT2131992998,2025-07-24,35000,Office,Al Garhoud
CNT2128287746,2025-01-01,49000,1,Naif
CNT2131508007,2025-07-01,31000,Studio,Nad Hessa
CRT2128448106,2025-02-01,44000,1,Al Hebiah Fourth
CNT2127215920,2025-01-01,85000,2,Al Thanyah Third
CNT2133581356,2025-11-21,15000,Office,Burj Khalifa
CNT2134052322,2025-04-08,75819,1,Marsa Dubai
CNT2126662883,2025-01-01,60638,2,Al Karama
CNT2130323481,2025-03-20,51975,2,Al Warqa First
CNT2133789412,2025-12-12,29400,Studio,Al Qusais
CNT2133742644,2025-12-01,158484,4,Nad Hessa
CNT2133583245,2025-12-01,84500,3,Al Nahda First
CRT2128821171,2025-01-18,91350,1,Marsa Dubai
CNT2129611657,2025-02-13,17000,Office,Saih Shuaib 2
CRT2130673736,2025-05-01,135000,3,Al Yelayiss 2
CNT2133449723,2025-02-26,36000,Room in labor camp,Al Warsan Second
CRT2134307896,2026-01-20,155000,2,Business Bay
CNT2131496071,2025-06-18,48000,1,Warsan Fourth
CRT2127813256,2025-01-12,150000,1,Burj Khalifa
CNT2129911413,2025-02-24,15000,Office,Hor Al Anz
CNT2127792426,2025-01-15,95000,1,Al Raffa
CNT2127834591,2025-03-01,50000,2,Hor Al Anz
CNT2133071429,2025-10-20,48000,1,Al Satwa
CRT2133514896,2025-12-01,140000,1,Um Suqaim Third
CNT2130110979,2025-03-25,93000,2,Al Murqabat
CNT2134279836,2026-01-20,50930,Shop,Al Warsan First
CNT2133140954,2025-10-01,50000,2,Al Baraha
CRT2125803156,2025-01-10,60000,Office,Al Ras
CNT2134136366,2026-01-25,64000,1,Jabal Ali First
CNT2130970578,2025-05-19,20000,Office,Saih Shuaib 2
CNT2132852800,2025-10-01,15000,Office,Saih Shuaib 3
CNT2132041780,2025-10-03,58000,1,Nad Hessa
CNT2126443039,2025-01-01,140000,3,Al Karama
CRT2129911236,2025-03-01,23000,Hotel,Madinat Al Mataar
CNT2130960397,2025-04-10,31500,1,Al Twar Fifth
CNT2130309776,2025-04-01,138600,Shop,Al Goze Industrial Third
CNT2133744796,2025-11-22,44000,Shop,Al Warsan First
CNT2132529131,2025-09-06,15000,Office,Hor Al Anz
CNT2132362664,2025-07-13,103000,Office,Al Ras
CNT2132475717,2025-08-13,125000,1,Al Safouh First
CNT2132667318,2025-10-01,57000,1,Al Mamzer
CNT2130794442,2025-04-10,138600,Office,Marsa Dubai
CNT2131892970,2025-06-01,140400,Room in labor camp,Jabal Ali Industrial First
CNT2132820464,2025-09-29,20000,Office,Dubai Investment Park First
CNT2132646187,2025-08-15,68250,2,Al Warqa First
CNT2133771694,2026-02-07,97650,2,Jabal Ali First
CRT2128016116,2025-01-15,128414,Office,Al Thanyah Fifth
CNT2132935988,2025-09-02,60000,2,Al Qusais Industrial Fifth
CNT2133605893,2025-12-10,38000,1,Hor Al Anz
CRT2131944026,2025-07-25,70000,1,Al Barsha South Fourth
CNT2133495005,2025-11-14,20000,Office,Dubai Investment Park First
CNT2131264757,2025-07-01,25196,1,Al Qusais
CNT2133888005,2026-01-05,38000,Studio,Hor Al Anz East
CNT2131849534,2025-07-15,10000,Office,Al Twar Fifth
CNT2132783687,2025-10-07,57000,1,Mankhool
CNT2133869886,2025-12-15,20000,Office,Al Baraha
CNT2133577494,2026-02-01,37000,1,Mirdif
CNT2131909637,2025-07-23,48120,Shop,Madinat Dubai Almelaheyah
CNT2133285080,2025-11-01,45000,1,Muhaisanah Fourth
CNT2130844020,2025-05-09,20000,Office,Oud Metha
CNT2131989149,2025-08-01,73000,1,Al Barsha South Third
CRT2129851656,2025-02-01,180000,2,Um Hurair Second
CNT2133760794,2025-12-08,15000,Office,Al Karama
CNT2132714313,2025-09-20,15000,Office,Hor Al Anz
CNT2131031436,2025-05-24,100000,1,Burj Khalifa
CNT2134275666,2026-01-28,125000,1,Al Thanyah First
CNT2129045837,2025-02-11,42000,1,Al Qusais Industrial Fifth
CNT2130343904,2025-04-02,27000,1,Muhaisanah Fourth
CNT2133895452,2026-02-28,97000,2,Madinat Al Mataar
CNT2134206938,2026-01-12,25000,Office,Trade Center First
CNT2129844677,2025-02-03,21600,Room in labor camp,Muhaisanah Second
CNT2131680143,2025-07-01,38500,1,Eyal Nasser
CRT2132288416,2025-08-01,120000,3,Al Yelayiss 2
CNT2129044632,2025-02-15,35000,Studio,Hor Al Anz East
CNT2132562759,2025-08-08,54000,2,Al Nahda Second
CNT2130239817,2025-03-22,72450,2,Madinat Dubai Almelaheyah
CRT2131823066,2025-07-10,45000,Studio,Al Merkadh
CNT2133888352,2025-12-20,40000,1,Al Warsan First
CNT2132707036,2025-09-19,16500,Office,Al Nahda First
CNT2133020280,2025-10-14,20000,Office,Dubai Investment Park Second
CRT2132657656,2025-09-15,42000,Studio,Wadi Al Safa 7
CRT2128114966,2025-01-18,80000,2,Al Barsha South Fourth
CNT2133287552,2025-11-08,57000,1,Al Hebiah Fourth
CNT2134243371,2026-01-10,45000,Office,Um Hurair Second
CNT2133014254,2025-08-18,41000,1,Al Warsan First
CNT2130229830,2025-03-22,49875,1,Al Muteena
CNT2133487420,2025-11-20,88000,Shop,Al Buteen
CRT2129915616,2025-02-24,26000,Studio,Al Hamriya
CRT2131911376,2025-08-01,140000,Office,Al Thanyah Fifth
CNT2133915559,2026-01-01,102424,Office,Al Wasl
CNT2130032052,2025-02-15,85000,2,Al Karama
CRT2132585106,2025-09-01,136122,2,Al Merkadh
CNT2130086541,2025-03-09,40021,1,Al Warqa First
CNT2129444297,2025-01-01,60000,Workshop,Al Qusais Industrial First
CNT2133790434,2025-08-24,55000,Warehouse,Um Ramool
CNT2130119066,2025-03-11,21000,Office,Port Saeed
CNT2126372631,2025-01-01,21000,Studio,Al Suq Al Kabeer
CNT2133124173,2025-10-03,60000,Office,Me'Aisem First
CNT2126809497,2025-01-19,51000,2,Al Qusais Industrial Fifth
CNT2133070003,2025-10-15,95000,Office,Nad Hessa
CNT2134099994,2026-01-15,42000,Studio,Nad Hessa
CNT2128429016,2025-02-01,35137,Studio,Al Raffa
CNT2127607380,2025-01-05,80000,2,Al Wasl
CNT2129594091,2025-01-10,27600,Room in labor camp,Al Goze Industrial Second
CNT2132464298,2025-09-01,50000,Office,Al Barsha First
CNT2128046163,2025-01-01,24000,1,Muhaisanah Fourth
CNT2131572030,2025-05-23,144710,4,Al Garhoud
CNT2131405251,2025-07-01,46000,Office,Al Thanyah First
CNT2130843881,2025-06-01,52000,1,Al Murqabat
CNT2130887022,2025-05-02,77000,Shop,Wadi Al Safa 3
CNT2131780955,2025-07-01,22000,Shop,Cornich Deira
CRT2132771049,2025-07-01,110000,2,Madinat Al Mataar
CNT2134231493,2026-01-25,32000,2,Muhaisanah Fourth
CNT2131567727,2025-06-20,84000,2,Mankhool
CNT2129615691,2025-02-19,60000,2,Al Goze Industrial Second
CNT2115889346,2025-06-25,33600,Studio,Al Hebiah Fourth
CRT2128500566,2025-01-27,72000,1,Al Barsha South Fourth
CNT2128522267,2025-01-24,15000,Office,Al Khabeesi
CNT2128577697,2025-01-25,62000,2,Nad Al Hamar
CNT2132926145,2025-10-07,16000,Office,Al Mararr
CNT2131407097,2025-06-20,15000,Office,Al Khabeesi
CNT2132956448,2025-10-10,54000,Studio,Jabal Ali First
CNT2133133925,2025-10-01,85000,3,Al Twar Fifth
CNT2131028867,2025-06-01,104000,2,Business Bay
CRT2132426856,2025-08-16,160000,2,Burj Khalifa
CNT2131928195,2025-09-07,62000,3,Al Nahda First
CNT2134022710,2026-02-01,110000,Shop,Al Barsha South Fourth
CNT2131354587,2025-06-17,21000,Office,Dubai Investment Park First
CNT2130377144,2025-04-04,11000,Office,Mankhool
CNT2131171666,2025-05-21,100000,2,Marsa Dubai
CNT2134095065,2025-12-27,60000,1,Al Murqabat
CNT2133913858,2025-12-22,139466,1,Al Wasl
CNT2130356810,2025-04-01,118227,Office,Al Thanyah First
CNT2131350747,2025-05-07,75000,2,Al Murqabat
CNT2134146428,2026-01-09,50000,2,Hor Al Anz
CNT2129458639,2025-02-11,136500,3,Mirdif
CNT2130284556,2025-03-25,15000,Office,Al Mararr
CNT2127521975,2025-03-05,61000,2,Nad Hessa
CNT2128810916,2025-01-30,20000,Office,Business Bay
CNT2132615278,2025-09-08,52000,2,Al Qusais
CNT2133657976,2025-11-27,15000,Office,Al Mararr
CNT2131861540,2025-06-15,55650,Warehouse,Um Ramool
CNT2130954144,2025-06-01,95000,2,Al Yelayiss 2
CRT2133809356,2025-11-08,5000,Office,Marsa Dubai
CNT2133330262,2025-10-01,99952,1,Trade Center Second
CNT2133827064,2025-12-11,15000,Office,Al Karama
CNT2132028855,2025-07-15,27000,Office,Al Mararr
CNT2134284949,2026-01-14,102000,1,Business Bay
CNT2132492065,2025-09-03,15000,Office,Business Bay
CRT2132556296,2025-09-16,155000,Office,Business Bay
CNT2132484347,2025-09-01,90000,Studio,Business Bay
CNT2132686767,2025-09-18,15000,Office,Al Garhoud
CNT2131929684,2025-07-22,15000,Office,Hor Al Anz East
CNT2128474405,2025-01-22,17000,Office,Hor Al Anz
CNT2133750070,2026-01-05,36383,1,Al Twar Fifth
CNT2130517975,2025-04-16,15000,Office,Al Hamriya
CNT2133741846,2025-12-05,20000,Office,Port Saeed
CNT2131324179,2025-06-23,41745,1,Al Nahda First
CNT2129046751,2025-02-01,70000,2,Al Karama
CNT2129879132,2025-02-12,54000,Studio,Al Barsha South Fourth
CNT2131892156,2025-08-01,89100,Shop,Al Rashidiya
CRT2132987676,2025-10-11,115000,1,Business Bay
CNT2129993373,2025-01-01,96600,Office,Al Wasl
CNT2128126972,2025-01-01,38000,1,Al Karama
CNT2131872443,2025-07-17,15000,Office,Al Goze Industrial Third
CNT2131142096,2025-05-31,20000,Office,Naif
CNT2134108825,2025-09-27,40000,1,Al Warsan First
CNT2133060212,2025-09-25,84893,2,Mankhool
CNT2132796282,2025-09-26,15000,Office,Business Bay
CNT2129893038,2025-02-24,15000,Office,Ras Al Khor Industrial Second
CNT2127016067,2025-01-18,69719,2,Al Karama
CNT2129961618,2025-02-25,44100,Shop,Al Qusais Industrial Second
CNT2130349916,2025-03-29,90000,1,Al Thanyah First
CNT2134333887,2026-01-12,46200,1,Wadi Al Safa 5
CRT2133294536,2025-10-01,69000,2,Al Hebiah Fourth
CNT2132372060,2025-08-26,52500,2,Al Goze Industrial Second
CNT2132274242,2025-09-01,70000,1,Jabal Ali First
CNT2133918289,2025-12-15,62000,2,Muhaisanah Fourth
CRT2130344386,2025-02-01,72600,Shop,Naif
CNT2129880897,2025-04-30,80300,2,Al Jadaf
CNT2133929473,2026-01-01,30200,Studio,Al Nahda First
CNT2133793550,2025-12-17,56000,1,Mirdif
CNT2129458281,2025-02-15,75000,1,Al Jadaf
CNT2132293815,2025-09-15,45000,Studio,Al Suq Al Kabeer
CNT2133834312,2025-11-25,63800,1,Al Satwa
CNT2132767426,2025-10-16,132300,3,Wadi Al Safa 5
CRT2132115086,2025-08-18,97025,1,Burj Khalifa
CNT2127570484,2025-01-05,42350,1,Dubai Investment Park Second
CRT2130681436,2025-05-01,114450,1,Marsa Dubai
CNT2126754397,2025-01-01,82500,Shop with a mezzanine,Al Suq Al Kabeer
CRT2133913506,2025-12-21,145000,2,Al Khairan First
CNT2130517055,2025-04-22,48000,Studio,Jabal Ali First
CNT2130866117,2025-06-11,80000,3,Al Suq Al Kabeer
CNT2130497549,2025-04-01,65000,2,Al Murqabat
CRT2133257486,2025-10-15,185000,3,Al Hebiah Third
CNT2133638969,2026-02-15,55000,2,Al Nahda Second
CRT2132670946,2025-09-18,112000,1,Burj Khalifa
CNT2130694473,2025-05-16,70000,3,Al Nahda Second
CNT2130130792,2025-03-08,88000,2,Jabal Ali First
CNT2134163701,2026-01-15,89759,1,Business Bay
CNT2129987380,2025-03-10,53900,1,Al Barsha First
CNT2133988417,2025-12-25,25000,1,Naif
CNT2131856077,2025-07-01,50000,2,Al Raffa
CNT2132966364,2025-10-09,20000,Office,Jabal Ali Industrial First
CNT2131695230,2025-08-01,75000,1,Trade Center First
CRT2132901186,2025-10-10,50000,1,Nad Hessa
CNT2134103831,2025-12-10,97000,2,Al Satwa
CRT2127644236,2025-01-15,30000,Office,Al Hebiah First
CNT2132745914,2025-09-23,52000,1,Al Muteena
CNT2133920790,2025-12-19,22000,Studio,Naif
CNT2132875849,2025-10-01,30683,Studio,Dubai Investment Park Second
CNT2131085861,2025-05-27,15000,Office,Business Bay
CNT2133905415,2025-12-18,15000,Office,Al Muteena
CNT2133828843,2025-10-16,81908,2,Al Thanyah Fifth
CNT2130483049,2025-02-21,130000,Warehouse,Ras Al Khor Industrial First
CNT2127957042,2025-01-01,20400,Room in labor camp,Al Goze Third
CNT2131063213,2025-05-26,21000,Office,Dubai Investment Park First
CNT2127110561,2025-01-01,144000,Shop,Al Dhagaya
CNT2131929417,2025-07-25,73000,1,Al Bada
CNT2130223661,2025-03-19,50000,Studio,Al Barsha South Fourth
CNT2131998734,2025-05-15,60000,2,Al Murqabat
CRT2130582336,2025-03-17,40000,5,Al Jafliya
CNT2130122850,2025-02-27,72419,2,Al Jadaf
CNT2127183928,2025-01-15,48000,Ladies saloon,Business Bay
CNT2132070087,2025-07-31,31000,Office,Port Saeed
CRT2132958868,2025-10-15,70000,1,Business Bay
CNT2133693761,2025-12-06,44965,1,Jabal Ali First
CNT2131413492,2025-07-20,94000,2,Al Barsha South Third
CNT2129997616,2025-02-25,80000,3,Nad Al Hamar
CNT2132377305,2025-08-23,87000,1,Al Thanyah Fifth
CNT2131669967,2025-07-01,90000,3,Mirdif
CNT2130802457,2025-05-06,109200,2,Jumeirah First
CNT2130236678,2025-04-02,35999,Studio,Jabal Ali First
CNT2130946149,2025-04-25,57750,2,Nad Hessa
CNT2130191448,2025-03-05,36300,1,Ras Al Khor Industrial Third
CNT2128514503,2025-01-24,10000,Office,Trade Center First
CNT2130463416,2025-03-01,96600,Shop,Al Goze Industrial Fourth
CNT2129859887,2025-03-20,43500,1,Hor Al Anz East
CNT2134134638,2026-01-01,144936,Office,Rega Al Buteen
CNT2133411277,2025-11-07,30000,Office,Naif
CRT2129272186,2025-02-01,44000,1,Al Hebiah Fourth
CNT2132476587,2025-08-10,40517,1,Nad Hessa
CRT2132506736,2025-09-05,170000,2,Jumeirah First
CNT2131995499,2025-11-05,55000,1,Al Barsha South Third
CNT2129843992,2025-02-19,15000,Office,Dubai Investment Park First
CNT2134332108,2026-01-20,20000,Office,Al Raffa
CNT2131240099,2025-05-20,35000,Studio,Al Buteen
CNT2127416237,2025-01-10,32999,Studio,Muhaisanah Fourth
CRT2133014526,2025-10-14,91000,Office,Al Thanyah Fifth
CNT2131574887,2025-06-30,15000,Office,Dubai International Airport
CNT2129663872,2025-02-20,60000,1,Al Hebiah Fourth
CNT2131876987,2025-07-24,49999,2,Ras Al Khor Industrial Third
CNT2132272567,2025-07-30,43890,2,Ras Al Khor Industrial Third
CRT2131993516,2025-07-28,68000,1,Business Bay
CNT2132071524,2025-08-10,75000,1,Saih Shuaib 2
CRT2134322976,2026-01-01,85000,Shop,Naif
CNT2133959957,2025-11-28,45000,1,Muhaisanah Fourth
CNT2133209389,2025-11-01,100000,1,Al Merkadh
CNT2129976998,2025-03-12,43000,1,Al Qusais
CNT2130312384,2025-03-27,57000,Office,Burj Khalifa
CNT2130973843,2025-05-19,15000,Office,Business Bay
CNT2128942607,2025-02-10,100000,2,Me'Aisem First
CNT2132326113,2025-06-05,68000,1,Al Merkadh
CNT2131318555,2025-07-01,50000,2,Al Mararr
CRT2130511516,2025-04-01,30000,Shop,Hor Al Anz East
CNT2133422786,2025-11-17,55000,1,Al Barsha First
CRT2133837886,2025-12-01,40000,1,Al Warsan First
CNT2131071139,2025-05-28,53500,2,Al Qusais Industrial Fifth
CNT2133244686,2025-11-01,29000,Studio,Al Warsan First
CNT2128704534,2025-01-29,39600,Office,Port Saeed
CNT2133324707,2025-10-20,47000,Studio,Al Raffa
CNT2130486175,2025-04-25,55000,Studio,Business Bay
CNT2132778644,2025-10-03,52000,Studio,Jabal Ali First
CNT2134104849,2025-12-20,33108,Studio,Nad Hessa
CNT2132999757,2025-09-20,86670,2,Al Bada
CNT2133846464,2026-01-01,66000,Shop,Al Mararr
CNT2130110865,2025-03-11,50000,Kitchen,Marsa Dubai
CNT2131723557,2025-06-19,36750,Office,Jabal Ali First
CNT2130276858,2025-03-24,15000,Office,Hor Al Anz
CNT2124679067,2025-03-01,78000,1,Oud Metha
CNT2132671869,2025-09-17,12000,Office,Al Goze First
CNT2129859430,2025-02-28,73500,2,Al Murqabat
CNT2132538038,2025-08-21,72000,2,Nad Al Hamar
CNT2130881658,2025-04-15,75000,1,Jabal Ali First
CRT2130406426,2025-02-09,60000,Studio,Business Bay
CNT2133963799,2026-01-01,70000,2,Al Nahda First
CNT2131826971,2025-07-14,10000,Office,Al Mararr
CRT2128314826,2025-01-01,66000,3,Madinat Hind 4
CNT2130176758,2025-02-25,125000,3,Rega Al Buteen
CNT2130982367,2025-06-20,150938,3,Al Bada
CNT2127555022,2025-01-01,66000,Shop,Naif
CNT2130628324,2025-04-23,15000,Office,Mankhool
CNT2132076915,2025-08-01,46050,Office,Al Goze Industrial First
CRT2132624026,2025-09-15,95000,1,Marsa Dubai
CNT2132449513,2025-08-21,57000,1,Nad Hessa
CNT2130762471,2025-05-07,70000,1,Al Nahda First
CNT2134300198,2026-01-01,43000,2,Al Hudaiba
CRT2130422126,2025-04-07,150000,2,Marsa Dubai
CNT2133022376,2025-11-01,57000,2,Al Raffa
CNT2133804836,2025-12-10,20000,Office,Dubai Investment Park First
CNT2133918595,2026-01-01,48000,Office,Al Ras
CNT2132275526,2025-08-18,83000,Studio,Business Bay
CNT2132126636,2025-08-10,45000,Studio,Al Barsha South Fourth
CNT2130921961,2025-04-21,123791,Warehouse,Saih Shuaib 3
CNT2128111109,2025-01-15,41800,Studio,Al Hebiah First
CRT2130694282,2025-04-15,150000,2,Al Barsha South Fifth
CNT2129614490,2025-02-13,17000,Office,Saih Shuaib 2
CNT2130583392,2025-04-15,87400,2,Trade Center First
CNT2130006654,2025-03-03,15000,Office,Al Mararr
CNT2131352853,2025-06-17,15000,Office,Burj Khalifa
CNT2130953338,2025-06-01,59000,2,Al Nahda First
CNT2132225163,2025-08-01,54575,1,Al Barsha South Third
CNT2133973255,2025-12-24,20000,Office,Business Bay
CNT2130501495,2025-04-12,82000,Office,Al Dhagaya
CNT2134219176,2026-01-15,35000,Studio,Al Warsan First
CRT2132102076,2025-08-10,88000,1,Marsa Dubai
CNT2130425076,2025-04-20,46200,1,Al Raffa
CNT2133852087,2026-01-03,30000,Studio,Al Warsan First
CRT2130524936,2025-03-31,130000,1,Burj Khalifa
CNT2131160410,2025-06-01,155000,3,Wadi Al Safa 5
CNT2131709397,2025-06-10,43000,Studio,Wadi Al Safa 5
CNT2130767598,2025-05-04,15000,Office,Al Baraha
CRT2131878086,2025-07-17,45000,1,Hor Al Anz
CNT2131282685,2025-06-06,45000,Shop,Naif
CNT2132209155,2025-08-11,15000,Office,Business Bay
CNT2134234096,2026-01-20,70000,1,Al Satwa
CNT2134031599,2026-01-01,35000,Studio,Al Mararr
CNT2133956228,2025-12-23,20000,Office,Business Bay
CNT2133828149,2025-12-11,15000,Office,Al Khabeesi
CNT2131823743,2025-07-14,20000,Office,Ras Al Khor Industrial Second
CNT2131739334,2025-07-15,39600,Studio,Al Barsha South Fourth
CNT2133472270,2025-12-01,48000,2,Naif
CNT2130530577,2025-05-02,155925,3,Al Wasl
CNT2126004507,2025-01-02,58000,2,Naif
CRT2131825186,2025-05-15,46000,Studio,Al Merkadh
CNT2133488256,2025-12-01,71500,1,Jabal Ali First
CNT2132837053,2025-09-26,56500,2,Al Nahda First
CNT2133237790,2025-10-28,48000,2,Hor Al Anz
CNT2128556912,2025-01-27,20000,Office,Business Bay
CNT2133304855,2025-11-01,140000,Warehouse,Ras Al Khor Industrial First
CNT2131201253,2025-06-01,82000,Hotel,Jabal Ali First
CNT2133297550,2025-11-03,20000,Office,Al Khabeesi
CNT2128117734,2025-01-18,36017,Room in labor camp,Al Goze Industrial Second
CNT2130713179,2025-06-01,74550,2,Al Jadaf
CNT2129893174,2025-02-24,15000,Office,Dubai Investment Park First
CNT2132771093,2025-10-01,25000,Office,Hor Al Anz East
CNT2129884040,2025-03-23,38720,1,Al Nahda Second
CNT2133807180,2026-01-10,56500,1,Al Warqa First
CNT2128440251,2025-01-14,59850,1,Mankhool
CNT2131109739,2025-05-29,24000,Room in labor camp,Jabal Ali Industrial First
CNT2133684775,2025-11-29,20000,Office,Al Muteena
CNT2133581161,2025-11-15,81375,2,Jabal Ali First
CNT2130274117,2025-03-15,60000,2,Al Goze Industrial Second
CNT2132700324,2025-09-19,15000,Office,Al Khabeesi
CNT2130033663,2025-03-10,38000,Studio,Al Raffa
CNT2130455251,2025-03-11,52000,2,Al Nahda First
CNT2131582551,2025-07-01,42900,1,Dubai Investment Park Second
CNT2130893692,2025-05-09,65000,3,Al Nahda First
CNT2132290107,2025-08-10,48000,1,Al Karama
CNT2131863017,2025-08-20,153720,Office,Al Goze Industrial Third
CNT2133620418,2026-01-13,63525,2,Mirdif
CNT2133173639,2025-10-07,143000,3,Oud Metha
CNT2126926136,2025-02-02,55100,Office,Oud Metha
CNT2133651387,2025-11-27,15000,Office,Al Murqabat
CNT2130019619,2025-02-10,69450,2,Al Jadaf
CRT2128559916,2025-01-21,25000,Office,Al Qusais
CNT2128719867,2025-01-01,60000,Studio,Al Thanyah First
CNT2126185099,2025-02-01,44000,1,Nad Hessa
CNT2133623689,2025-11-16,82000,Shop,Hor Al Anz East
CNT2128314277,2025-01-01,47250,1,Al Suq Al Kabeer
CNT2131686778,2025-07-03,15000,Office,Al Goze Industrial First
CRT2130411766,2025-04-20,60000,Studio,Business Bay
CNT2128944123,2025-02-01,56000,1,Nad Hessa
CNT2132114897,2025-08-01,110000,1,Marsa Dubai
CNT2129455419,2025-01-15,56000,Shop,Al Warsan First
CNT2132406161,2025-09-05,65000,2,Al Qusais Industrial Second
CNT2131889810,2025-07-18,15000,Office,Business Bay
CNT2126395911,2025-01-01,24000,1,Muhaisanah Fourth
CNT2130525211,2025-02-01,92467,2,Al Barsha South Third
CRT2131344266,2025-06-17,30000,1,Abu Hail
CNT2132673632,2025-09-20,104816,3,Oud Metha
CNT2130412509,2025-04-02,22000,Storage,Cornich Deira
CRT2133461136,2025-12-15,70000,1,Wadi Al Safa 7
CNT2131899855,2025-07-25,15000,Office,Business Bay
CNT2130912339,2025-05-31,120376,Office,Al Hebiah Second
CNT2126925418,2025-01-01,35000,Storage,Cornich Deira
CNT2129379657,2025-02-04,45980,2,Ras Al Khor Industrial Third
CRT2133444536,2025-11-15,110000,2,Al Merkadh
CRT2132136466,2025-08-01,57000,1,Al Barsha South Fourth
CNT2130522337,2025-04-16,20000,Office,Hor Al Anz
CNT2132422101,2025-08-24,34000,Studio,Dubai Investment Park Second
CNT2128566424,2025-01-27,36000,1,Al Warsan First
CNT2132757679,2025-09-24,15000,Office,Al Goze Industrial First
CNT2134214221,2026-01-13,15000,Office,Al Karama
CRT2132606756,2025-09-12,55000,1,Al Warsan First
CNT2131682665,2025-06-20,57000,2,Muhaisanah Fourth
CNT2134174991,2026-01-09,20000,Office,Al Murqabat
CNT2130742892,2025-05-01,48620,1,Nad Hessa
CNT2131246105,2025-05-10,54000,1,Trade Center First
CNT2133523878,2025-11-12,92169,2,Al Ras
CNT2134084780,2025-12-15,52900,2,Al Suq Al Kabeer
CNT2132834344,2025-02-01,120000,Warehouse,Al Goze Industrial First
CNT2130206281,2025-03-18,20000,Office,Al Khabeesi
CNT2134114514,2026-01-10,78000,2,Al Mamzer
CNT2129450741,2025-02-01,50000,1,Nad Hessa
CNT2133925717,2025-09-08,72000,Room in labor camp,Al Goze Third
CNT2132875046,2025-10-03,33000,Studio,Al Goze Industrial Second
CNT2132161205,2025-08-07,15000,Office,Al Garhoud
CNT2132485910,2025-06-09,75000,2,Hor Al Anz East
CNT2130350657,2025-03-15,52500,Office,Trade Center First
CNT2130673788,2025-05-01,50000,1,Al Murqabat
CRT2130401826,2025-04-01,125000,Office,Al Thanyah Fifth
CNT2132525861,2025-09-26,33999,2,Al Qusais
CNT2133925583,2025-12-18,54000,1,Jabal Ali First
CNT2132469424,2025-09-01,80000,1,Business Bay
CNT2133653080,2025-11-12,97998,Shop,Al Suq Al Kabeer
CNT2133004974,2025-10-20,87054,2,Al Barsha First
CNT2133289026,2025-11-01,55000,2,Hor Al Anz East
CNT2127855364,2025-01-01,71416,Shop,Naif
CNT2134008866,2025-11-01,33000,Office,Naif
CNT2130283191,2025-03-25,15000,Office,Business Bay
CNT2133993554,2025-12-26,100000,1,Al Murqabat
CNT2129439586,2025-01-01,68000,2,Al Karama
CRT2131533416,2025-07-01,72500,4,Al Jafliya
CNT2133322782,2025-11-04,20000,Office,Al Karama
CRT2131040896,2025-05-25,160000,3,Wadi Al Safa 5
CNT2134189529,2026-01-08,120892,3,Mankhool
CRT2130832246,2025-05-20,125000,2,Mirdif
CNT2130976722,2025-05-19,15000,Office,Business Bay
CNT2133926912,2026-01-01,38500,1,Al Warqa First
CNT2131100029,2025-06-13,63250,2,Al Barsha First
CRT2134227459,2026-01-24,38501,Hotel,Jabal Ali First
CNT2134063040,2026-01-08,70000,2,Port Saeed
CNT2133995498,2025-12-25,25000,Office,Trade Center First
CNT2129586431,2025-04-10,42500,1,Al Raffa
CNT2133263946,2025-11-23,128500,2,Al Barsha First
CNT2128112816,2025-04-04,58212,2,Al Goze Industrial Second
CNT2133511117,2025-11-01,110000,2,Al Raffa
CNT2133169664,2025-11-01,44124,Office,Um Hurair Second
CNT2132778288,2025-09-28,58250,1,Al Murqabat
CNT2134085513,2026-01-01,34000,1,Hor Al Anz
CRT2132459736,2025-09-01,23000,Office,Al Ras
CNT2132354291,2025-08-22,21500,Office,Mankhool
CNT2130515002,2025-04-14,40320,2,Al Goze Fourth
CNT2132333313,2025-08-26,134999,2,Business Bay
CNT2133035544,2025-07-08,136765,2,Al Murqabat
CNT2130810074,2025-04-20,53000,1,Al Barsha First
CNT2129975862,2025-02-28,37484,2,Muhaisanah Fourth
CNT2131255237,2025-06-25,62000,1,Mankhool
CNT2129446001,2025-02-14,51000,1,Nad Hessa
CNT2128539654,2025-01-27,44000,1,Al Hamriya
CNT2134108385,2025-12-15,40000,1,Al Warsan First
CRT2133701646,2025-12-05,165000,2,Al Khairan First
CRT2132470576,2025-09-05,75245,1,Business Bay
CNT2130439303,2025-03-20,100000,1,Burj Khalifa
CRT2129990396,2025-03-14,115000,3,Madinat Hind 4
CNT2134301295,2025-12-25,100000,Restaurant,Al Suq Al Kabeer
CNT2133044945,2025-09-01,121000,3,Trade Center Second
CNT2130927192,2025-01-15,96000,Warehouse,Dubai Investment Park Second
CNT2132351264,2025-08-26,53500,1,Nad Hessa
CRT2134264576,2026-01-15,150950,3,Al Hebiah Sixth
CNT2130057844,2025-03-06,15000,Office,Business Bay
CNT2134313889,2026-01-15,72000,1,Nad Hessa
CNT2133400733,2026-01-01,96000,2,Al Barsha First
CNT2130237967,2025-03-01,75246,Office,Trade Center First
CNT2132252250,2025-08-14,18000,Room in labor camp,Jabal Ali Industrial First
CRT2131401266,2025-06-24,90000,1,Al Barsha South Fourth
CNT2130952429,2025-05-17,15000,Office,Al Khabeesi
CNT2131657447,2025-07-17,25570,Studio,Al Warsan First
CNT2130617007,2025-04-23,20000,Office,Al Baraha
CNT2133087774,2025-10-20,15000,Office,Al Goze Third
CNT2133419900,2025-11-09,19000,Office,Al Mararr
CNT2129809011,2025-02-20,78000,1,Nad Hessa
CNT2131669748,2025-06-20,36750,Studio,Al Raffa
CNT2130276646,2025-03-24,12000,Office,Port Saeed
CNT2130226295,2025-04-16,62200,1,Al Barsha First
CRT2132817536,2025-10-06,74000,1,Al Hebiah First
CNT2130012755,2025-03-01,15000,Office,Al Raffa
CNT2128441042,2025-01-22,15000,Office,Port Saeed
CNT2133567462,2025-11-24,70000,1,Al Murqabat
CNT2128068890,2025-01-01,51000,1,Marsa Dubai
CNT2130233150,2025-02-01,38000,1,Al Nahda First
CNT2132197863,2025-08-04,46000,1,Nad Hessa
CNT2130468271,2025-04-11,15000,1,Port Saeed
CNT2132111580,2025-08-01,52909,1,Al Murqabat
CNT2129917987,2025-01-01,142000,Warehouse,Al Goze Industrial First
CRT2132641556,2025-09-15,100000,1,Burj Khalifa
CNT2132923908,2025-10-01,73100,1,Al Satwa
CRT2131643406,2025-07-01,70000,Studio,Al Barsha South Fourth
CNT2131346871,2025-06-24,130000,2,Marsa Dubai
CNT2134041163,2026-01-20,43560,1,Madinat Al Mataar
CRT2130701536,2025-04-15,108000,Office,Port Saeed
CNT2131704484,2025-07-04,44000,Office,Al Thanyah First
CNT2134306520,2026-01-23,25000,Shop,Al Suq Al Kabeer
CNT2133573784,2025-11-06,79350,Office,Al Thanyah Fifth
CNT2131868289,2025-07-15,70000,1,Al Barsha First
CNT2133189932,2025-10-25,61600,2,Wadi Al Safa 3
CNT2132637296,2025-09-24,30312,Studio,Jabal Ali Industrial First
CNT2132447050,2025-09-01,48000,Studio,Al Barsha South Fourth
CRT2128708856,2025-02-05,71300,3,Madinat Hind 4
CNT2132004199,2025-07-26,20000,Office,Hor Al Anz
CNT2130119554,2025-03-10,52999,1,Al Karama
CNT2127830308,2025-01-01,64000,Shop,Al Qusais Industrial First
CNT2132333114,2025-08-22,31000,Studio,Hor Al Anz
CNT2134192550,2025-12-29,57750,1,Al Satwa
CNT2131056698,2025-06-01,130000,3,Al Yelayiss 2
CNT2128116347,2025-01-29,48000,2,Al Qusais Industrial Fifth
CNT2127942502,2025-01-11,56400,Office,Ras Al Khor Industrial Second
CNT2132950089,2025-10-12,40000,Studio,Business Bay
CNT2127882408,2025-01-13,15000,Office,Al Goze First
CNT2131753859,2025-06-30,15000,2,Al Nahda Second
CNT2133726011,2025-11-25,120000,Shop,Business Bay
CRT2130221016,2025-04-05,85000,1,Marsa Dubai
CNT2127259857,2025-01-07,39999,1,Muhaisanah Fourth
CNT2133444298,2025-11-10,67721,1,Al-Cornich
CNT2127811921,2025-02-25,14000,Office,Al Raffa
CNT2132314736,2025-08-20,83000,3,Al Hamriya
CNT2130429695,2025-04-09,20000,Office,Al Rega
CNT2132661090,2025-09-27,75000,1,Al Barsha South Fourth
CNT2134244334,2026-03-01,94500,2,Oud Metha
CNT2128321249,2025-01-05,46500,1,Al Raffa
CNT2132154793,2025-08-01,60000,2,Al Qusais
CNT2130216562,2025-03-19,20000,Office,Naif
CNT2132677407,2025-10-13,60000,2,Ras Al Khor Industrial Third
CRT2133446556,2025-11-13,95000,3,Madinat Hind 4
CNT2129042532,2025-02-20,54285,1,Jabal Ali First
CRT2133067766,2025-10-15,119678,1,Business Bay
CNT2131335203,2025-05-15,69300,Office,Al Rega
CNT2131950497,2025-07-23,15000,Office,Hor Al Anz
CNT2131206901,2025-06-04,15000,Office,Al Baraha
CNT2133721988,2025-12-04,20000,Office,Dubai Investment Park First
CNT2131540067,2025-06-30,53560,1,Al Raffa
CNT2128136940,2025-01-20,90000,2,Al Jadaf
CNT2131050103,2025-05-23,40000,Studio,Me'Aisem First
CNT2131648965,2025-07-01,10000,Office,Mankhool
CRT2133284016,2025-12-01,110000,Office,Nad Hessa
CNT2132988029,2025-11-06,90999,3,Abu Hail
CNT2133532776,2025-12-11,54573,1,Mirdif
CNT2133634789,2025-11-26,15000,Office,Oud Metha
CRT2130799546,2025-05-06,15000,Office,Al Muteena
CNT2128810692,2025-02-02,142830,Shop,Al Warqa First
CNT2128547179,2025-01-25,85000,1,Al Safouh Second
CNT2130646051,2025-04-24,15000,Office,Saih Shuaib 2
CNT2130911841,2025-05-14,16000,Office,Business Bay
CNT2133518691,2025-11-09,52920,1,Mirdif
CNT2134084234,2026-01-05,37916,Studio,Nad Hessa
CNT2129624762,2025-03-01,42000,Studio,Nad Hessa
CNT2132669878,2025-09-24,36000,Office,Al Thanyah First
CNT2128701125,2025-01-01,110160,Staff accommodatoion,Al Goze Fourth
CRT2132832266,2025-09-16,169999,1,Marsa Dubai
CNT2132702088,2025-12-05,61215,2,Nad Hessa
CNT2127882037,2025-02-25,14000,Office,Al Raffa
CRT2131308896,2025-06-01,120000,1,Al Barsha South Fourth
CNT2133537465,2025-11-18,15000,Office,Al Goze First
CNT2128103121,2025-01-16,15000,Office,Al Karama
CNT2131966801,2025-07-20,46690,Office,Al Goze First
CNT2128821387,2025-02-03,48509,2,Ras Al Khor Industrial Third
CRT2131974506,2025-08-01,180000,Office,Business Bay
CNT2130283949,2025-04-19,117116,2,Al Wasl
CNT2131750111,2025-06-15,73000,1,Al Barsha South Fourth
CNT2133288890,2025-10-10,44000,2,Al Nahda Second
CRT2129987556,2025-03-01,42900,1,Al Mamzer
CNT2131686095,2025-07-03,15000,Office,Al Suq Al Kabeer
CRT2134117869,2026-01-07,90000,1,Al Merkadh
CRT2132837136,2025-09-15,171429,2,Al Wasl
CNT2134008841,2026-01-01,29700,Studio,Al Warqa First
CNT2131363754,2025-06-18,20000,Office,Al Muteena
CNT2133597781,2025-11-20,178000,Office,Al Thanyah First
CNT2133442773,2025-11-11,16000,Office,Business Bay
CRT2133918986,2025-12-10,58500,2,Al Nahda Second
CNT2127659427,2025-01-08,15000,Office,Naif
CRT2133234326,2025-10-28,110000,Studio,Business Bay
CNT2132304559,2025-06-16,17389,Room in labor camp,Al Goze Industrial Second
CNT2130731116,2025-04-24,65000,Shop,Al Mararr
CNT2130517272,2025-04-07,57200,2,Hor Al Anz East
CNT2127354499,2025-01-01,42000,1,Al Dhagaya
CNT2132216132,2025-08-01,46000,Studio,Me'Aisem First
CNT2131208811,2025-05-28,24407,Studio,Al Warsan First
CRT2133586005,2025-12-01,180000,2,Jabal Ali First
CNT2129938380,2025-02-26,15000,Office,Dubai Investment Park First
CNT2133655863,2025-11-27,20000,Shop,Al Mararr
CNT2132997545,2025-12-01,53000,2,Al Nahda Second
CNT2133272471,2025-11-02,48000,Studio,Jabal Ali First
CNT2130093966,2025-02-15,40000,1,Nad Hessa
CNT2133538040,2025-11-22,34939,1,Al Warsan First
CNT2133450106,2025-11-14,25955,Studio,Al Warsan First
CNT2130890031,2025-06-06,27600,Room in labor camp,Al Goze Third
CNT2131663871,2025-08-01,18000,Office,Naif
CNT2132205091,2025-08-13,80000,2,Hessyan First
CNT2132982194,2025-12-04,130000,2,Mirdif
CNT2133471477,2025-11-07,74970,2,Mirdif
CNT2129788617,2025-01-01,150000,Warehouse,Al Goze Industrial Fourth
CNT2133164773,2025-10-08,38400,Labor camp,Muhaisanah Second
CRT2128084856,2025-01-10,45045,1,Nad Hessa
CNT2133920000,2025-11-15,91000,2,Nad Hessa
CNT2130242293,2025-03-21,120000,2,Al Rega
CNT2133456608,2025-11-12,20000,Office,Al Khabeesi
CNT2132154064,2025-09-01,45000,Office,Ras Al Khor Industrial Third
CNT2127255229,2025-01-10,38000,Office,Hor Al Anz East
CNT2131164935,2025-05-01,73500,2,Al Satwa
CNT2133541927,2025-11-18,85000,1,Al Merkadh
CNT2133667896,2025-11-29,44000,1,Al Qusais Industrial Fifth
CNT2132257068,2025-08-14,10000,Office,Naif
CNT2127503335,2025-01-10,34000,Studio,Saih Shuaib 2
CNT2131390705,2025-07-04,66000,Office,Mankhool
CNT2130807740,2025-05-06,20000,Office,Al Khabeesi
CNT2133993429,2025-11-30,46500,1,Al Warqa First
CNT2133125496,2025-10-21,20000,Office,Al Raffa
CNT2130505190,2025-04-02,66100,2,Al Jadaf
CNT2131241492,2025-06-24,70000,1,Marsa Dubai
CNT2128056349,2025-01-15,130000,1,Zaabeel Second
CRT2131344376,2025-06-17,90000,1,Business Bay
CNT2133495296,2025-11-07,35000,Office,Al Mararr
CNT2130827908,2025-05-08,15000,Office,Muhaisanah Fourth
CNT2134244331,2026-01-14,38000,1,Al Warsan First
CNT2133172585,2025-10-04,59400,Shop,Naif
CNT2131485147,2025-04-05,42000,Office,Saih Shuaib 2
CNT2127744183,2025-01-01,17300,Office,Al Rega
CNT2130754137,2025-03-20,125000,Warehouse,Al Goze Industrial Fourth
CNT2134205648,2026-01-12,10000,Office,Al Wasl
CRT2128580136,2025-01-23,140000,2,Palm Jumeirah
CNT2132836427,2025-09-04,140090,3,Wadi Al Safa 7
CNT2133955910,2025-12-23,13000,Office,Mankhool
CNT2133229407,2025-10-15,48000,1,Al Barsha South Third
CNT2130284124,2025-03-25,15000,Office,Al Khabeesi
CNT2133740347,2025-01-01,115000,4,Mankhool
CNT2133897007,2025-12-20,41443,Studio,Me'Aisem First
CRT2131044396,2025-06-01,50000,1,Al Yelayiss 2
CNT2132593571,2025-08-24,89250,1,Marsa Dubai
CNT2133872485,2025-12-12,73790,2,Jabal Ali First
CNT2130049002,2025-03-06,15000,Office,Al Murqabat
CNT2131003071,2025-05-25,53000,Studio,Jabal Ali First
CNT2132800273,2025-10-01,34500,1,Al Nahda Second
CNT2132524828,2025-09-10,47000,Studio,Al Barsha South Fourth
CNT2133575691,2025-10-31,52800,1,Nad Hessa
CNT2133289089,2025-11-07,41800,1,Al Goze Industrial Second
CNT2132537623,2025-09-08,40000,Studio,Al Muteena
CNT2130125278,2025-03-12,50000,Office,Al Karama
CNT2131138677,2025-05-01,40000,Studio,Nad Hessa
CNT2133277613,2025-11-01,20000,Office,Al Khabeesi
CNT2133674471,2025-11-28,15000,Office,Saih Shuaib 3
CNT2133437990,2025-11-20,39000,1,Al Qusais Industrial Fifth
CNT2130168684,2025-02-25,82000,2,Al Barsha First
CNT2129701967,2025-01-01,120000,Shop,Al Suq Al Kabeer
CNT2130397058,2025-04-07,15000,Office,Business Bay
CNT2131903732,2025-07-19,10000,Office,Al Mararr
CNT2131400937,2025-06-20,15000,Office,Saih Shuaib 2
CRT2131038956,2025-05-26,71000,1,Al Hebiah First
CNT2132076407,2025-08-10,58100,1,Al Jadaf
CRT2132239896,2025-04-01,45000,Studio,Al Hebiah Third
CRT2134254196,2026-01-20,145000,2,Al Kifaf
CNT2134139568,2025-12-31,48880,1,Nad Hessa
CRT2133992896,2025-12-25,95000,1,Al Barsha South Fourth
CNT2131221637,2025-05-16,41500,1,Al Qusais Industrial Fifth
CNT2130969134,2025-05-10,70000,Shop,Eyal Nasser
CNT2131906869,2025-06-23,89250,1,Al Thanyah First
CRT2130913426,2025-02-01,100000,Shop,Eyal Nasser
CNT2134221369,2026-01-14,39900,Studio,Al Mararr
CNT2133123837,2025-10-20,50000,1,Wadi Al Safa 5
CNT2133531078,2025-11-30,88550,Office,Hor Al Anz East
CRT2131496856,2025-06-24,67000,1,Al Barsha South Third
CNT2132606298,2025-09-13,51150,2,Al Goze Industrial Second
CRT2131424616,2025-06-01,24000,Shop,Hatta
CRT2132153830,2025-09-01,100000,3,Al Yelayiss 2
CNT2129956137,2025-02-01,33600,Office,Al Garhoud
CNT2129693381,2025-01-31,67000,3,Al Nahda First
CNT2134149239,2026-01-01,38748,Office,Jabal Ali First
CNT2134204245,2025-03-25,27300,Studio,Warsan Fourth
CNT2132476588,2025-09-02,15000,Office,Al Goze Third
CNT2132664135,2025-08-15,55000,1,Dubai Investment Park Second
CNT2132050229,2025-07-15,110000,2,Al Barsha First
CRT2133159516,2025-10-23,110000,1,Al Khairan First
CNT2133903288,2026-01-01,99000,2,Al Hudaiba
CNT2132461151,2025-09-01,15000,Office,Saih Shuaib 3
CNT2133487894,2025-11-14,15000,Office,Al Suq Al Kabeer
CNT2127369399,2025-01-10,47000,1,Al Twar Fifth
CNT2133067446,2025-08-01,172500,Warehouse,Um Ramool
CNT2130823872,2025-05-07,22000,Office,Al Mararr
CNT2132483937,2025-09-10,90000,2,Mankhool
CNT2133321639,2025-11-04,15000,Office,Al Garhoud
CNT2133055586,2025-10-16,15000,Office,Al Mararr
CNT2130820020,2025-05-15,165000,Office,Al Barsha South Fourth
CNT2131684729,2025-09-01,92400,2,Al Barsha South Fourth
CNT2132290029,2025-09-04,50500,1,Ras Al Khor Industrial Third
CNT2127763785,2025-01-05,60000,1,Al Suq Al Kabeer
CNT2132408990,2025-09-05,47000,1,Warsan Fourth
CNT2130730999,2025-05-01,17000,Office,Business Bay
CRT2132437596,2025-09-01,53000,Studio,Al Barsha South Fourth
CNT2127104698,2025-01-01,82602,2,Al Wasl
CRT2130319516,2025-04-01,105000,2,Al Merkadh
CRT2132661933,2025-10-01,90000,3,Madinat Hind 4
CRT2134151656,2026-01-15,140000,2,Al Hebiah Third
CRT2132593056,2025-09-13,185000,2,Palm Jumeirah
CNT2133795752,2025-12-09,15000,Office,Al Murqabat
CNT2133689622,2025-12-20,39000,1,Al Qusais Industrial Fifth
CNT2132917653,2025-10-08,95000,2,Al Barsha First
CNT2128532257,2025-02-11,98000,2,Business Bay
CNT2129852634,2025-02-19,15000,Office,Dubai Investment Park First
CNT2127682829,2025-01-15,55000,Office,Hor Al Anz East
CNT2132276818,2025-08-16,15000,Office,Al Khabeesi
CRT2132304874,2025-08-01,170000,3,Wadi Al Safa 7
CRT2129454336,2025-02-10,70000,Office,Business Bay
CNT2130450591,2025-03-08,79760,2,Al Barsha South Fourth
CNT2133503959,2026-01-01,39485,1,Muhaisanah Fourth
CNT2128103198,2025-01-16,15000,Office,Al Twar Fifth
CNT2132941388,2025-10-08,54500,1,Al Mamzer
CRT2130832166,2025-04-06,180000,Pharmacy,Jumeirah Third
CNT2132810842,2025-09-29,17000,Office,Al Mararr
CNT2129728457,2025-03-18,49999,1,Jabal Ali First
CRT2130098066,2025-02-15,175000,2,Marsa Dubai
CNT2132218560,2025-08-01,71400,1,Al Barsha South Fourth
CNT2134059320,2026-01-01,49500,1,Naif
CNT2131654142,2025-02-01,34000,Studio,Jabal Ali First
CNT2130545473,2025-04-17,15000,Office,Al Garhoud
CNT2132963468,2025-11-01,101069,Shop,Palm Jumeirah
CNT2130425700,2025-01-10,86400,Warehouse,Dubai Investment Park Second
CRT2133938816,2025-11-30,32500,Studio,Al Warsan First
CNT2130216593,2025-03-19,15000,Office,Burj Khalifa
CNT2134215827,2026-01-13,15000,Office,Al Khabeesi
CNT2130874755,2025-05-18,65000,Studio,Al Thanyah Fifth
CNT2130515407,2025-03-16,88000,Warehouse,Ras Al Khor Industrial Second
CNT2130900226,2025-04-15,57200,1,Al Hudaiba
CNT2132869310,2025-08-01,52500,1,Jabal Ali First
CNT2131676220,2025-07-02,6000,Room in labor camp,Jabal Ali Industrial First
CNT2130894251,2025-03-12,28114,Studio,Dubai Investment Park First
CNT2133135116,2025-10-22,6000,Room in labor camp,Jabal Ali Industrial First
CNT2132669446,2025-07-01,42048,1,Dubai Investment Park Second
CNT2134116888,2026-01-06,20000,Office,Business Bay
CNT2130116026,2025-03-11,15000,Office,Trade Center Second
CNT2128737351,2025-01-29,15000,Office,Dubai Investment Park First
CNT2133656154,2025-11-30,42680,2,Al Nahda Second
CNT2132999310,2025-09-22,132000,Room in labor camp,Al Goze Industrial First
CNT2133272748,2025-10-16,96000,Office,Burj Khalifa
CNT2132510193,2025-10-01,78750,2,Al Garhoud
CNT2133786080,2025-12-20,172000,Office,Business Bay
CNT2131371896,2025-06-18,15000,Office,Al Khabeesi
CRT2130213916,2025-02-11,68658,Office,Al Thanyah Fifth
CRT2131298186,2025-06-12,32000,Studio,Al Warsan First
CNT2132647654,2025-09-18,46500,1,Nad Al Hamar
CNT2132244293,2025-08-16,85000,2,Al Nahda Second
CNT2130882613,2025-05-26,45000,1,Al Goze Industrial Second
CNT2134327637,2026-01-20,40000,1,Al Warsan First
CNT2131260024,2025-07-26,68250,2,Al Mamzer
CNT2130603770,2025-06-07,55000,2,Al Nahda First
CRT2133136926,2025-10-22,35000,1,Abu Hail
CNT2127420305,2025-01-04,20000,Office,Port Saeed
CNT2130127749,2025-03-12,55000,2,Al Nahda Second
CNT2131707072,2025-07-06,81000,2,Al Hebiah Fourth
CNT2129945862,2025-02-26,15000,Office,Al Murqabat
CNT2133467932,2025-11-13,77000,1,Business Bay
CNT2134044306,2026-01-01,47000,Studio,Jabal Ali First
CNT2133002278,2025-10-15,100900,Office,Al Thanyah First
CRT2132748581,2025-10-01,68000,1,Al Yelayiss 2
CNT2131022853,2025-06-01,42000,1,Nad Al Hamar
CRT2127677076,2025-01-01,177000,Warehouse,Um Ramool
CNT2132719313,2025-09-22,10000,Office,Al Garhoud
CRT2133344316,2025-10-22,140000,2,Burj Khalifa
CNT2127545662,2025-01-05,72000,1,Al Barsha South Fourth
CNT2132780831,2025-09-25,15000,Office,Business Bay
CNT2132750038,2025-09-09,25000,Factory,Jabal Ali Industrial First
CNT2130098791,2025-03-20,110000,2,Al Barsha South Third
CNT2131673611,2025-07-01,42000,Studio,Me'Aisem First
CRT2131492446,2025-07-06,95000,2,Al Barsha South Third
CNT2132230630,2025-08-17,55000,1,Al Hebiah Fourth
CNT2133708223,2025-11-30,68700,3,Al Warqa First
CNT2132042213,2025-07-25,78500,2,Jumeirah First
CNT2128958313,2025-02-03,15000,Office,Al Baraha
CNT2133290703,2025-12-04,38572,Studio,Jabal Ali First
CNT2130680888,2025-04-28,18000,Office,Mankhool
CNT2134278302,2026-01-15,110000,2,Al Barsha First
CNT2131878608,2025-07-17,15000,Office,Al Murqabat
CNT2130774659,2025-05-26,86676,3,Hessyan First
CNT2133445607,2025-09-20,65000,1,Al Nahda First
CNT2134194764,2026-01-12,18000,Office,Business Bay
CNT2126703005,2025-01-01,71610,1,Business Bay
CNT2134103925,2025-01-01,45500,1,Al Suq Al Kabeer
CNT2133405949,2025-11-01,100000,2,Al Barsha First
CNT2130638770,2025-04-24,15000,Office,Burj Khalifa
CNT2133964852,2025-12-15,69300,2,Al Satwa
CNT2131675697,2025-07-02,15000,Office,Saih Shuaib 2
CNT2133760845,2026-01-01,69300,3,Hor Al Anz East
CNT2133343324,2025-11-22,22176,Studio,Al Baraha
CRT2133102246,2025-10-15,112500,1,Burj Khalifa
CNT2130830267,2025-05-08,15000,Office,Burj Khalifa
CNT2127630784,2025-01-01,43560,1,Al Nahda Second
CNT2132138485,2025-08-06,15000,Office,Al Mararr
CNT2132283970,2025-08-01,95000,Shop,Al Suq Al Kabeer
CNT2132010594,2025-07-28,15000,Office,Al Baraha
CNT2133086849,2025-10-30,29000,Office,Nad Hessa
CRT2133718856,2025-12-04,55000,Studio,Al Merkadh
CNT2129181945,2025-02-08,82868,2,Oud Metha
CNT2132518493,2025-09-04,15000,Office,Al Khabeesi
CNT2132660199,2025-09-14,150000,3,Al Yelayiss 2
CNT2131821083,2025-07-10,48300,1,Al Mamzer
CNT2130955196,2025-05-17,20000,Office,Saih Shuaib 2
CNT2131988155,2025-07-15,41500,Office,Al Hamriya Port
CNT2133680959,2025-06-12,44000,1,Al Nahda Second
CNT2129901769,2025-04-05,50400,Office,Port Saeed
CNT2128543522,2025-02-10,130000,Shop,Eyal Nasser
CNT2134026090,2025-05-01,42000,Room in labor camp,Muhaisanah Second
CNT2128508400,2025-02-01,93000,Shop,Al Mararr
CRT2132917086,2025-11-13,173250,2,Palm Jumeirah
CNT2130002455,2025-03-01,39900,1,Al Suq Al Kabeer
CNT2133987216,2025-12-22,185000,Office,Al Goze First
CNT2128118936,2025-01-17,15000,Office,Al Nahda First
CNT2130421580,2025-04-20,55000,Shop,Al Suq Al Kabeer
CNT2134190094,2026-01-05,47900,1,Nad Hessa
CNT2133128815,2025-11-21,34939,1,Al Warsan First
CNT2134003773,2025-12-15,44100,Studio,Al Rega
CRT2131975556,2025-07-24,40000,2,Hor Al Anz
CNT2130705260,2025-04-30,48500,2,Al Nahda Second
CRT2128484516,2025-02-01,36000,Studio,Al Barsha South Fourth
CRT2131528860,2025-06-10,145000,3,Wadi Al Safa 5
CNT2130499544,2025-04-15,20000,Office,Hor Al Anz
CRT2128556776,2025-02-01,85000,1,Hadaeq Sheikh Mohammed Bin Rashid
CNT2132244867,2025-08-11,104738,2,Business Bay
CNT2130893987,2025-05-11,31000,Studio,Al Nahda Second
CRT2130973420,2025-05-21,135600,3,Al Yelayiss 1
CNT2129448958,2025-02-15,58000,1,Wadi Al Safa 5
CNT2132393588,2025-08-15,30000,1,Al Warsan First
CRT2129444332,2025-02-12,165000,2,Al Merkadh
CNT2130483662,2025-04-14,10000,Shop,Dubai Investment Park Second
CNT2132426059,2025-08-28,20000,Office,Dubai Investment Park First
CNT2132539485,2025-09-02,165000,2,Trade Center First
CNT2131956539,2025-07-01,57200,1,Al Muteena
CNT2130308646,2025-04-08,77000,2,Wadi Al Safa 2
CNT2134067191,2026-02-20,90000,2,Mirdif
CNT2133965162,2026-01-01,75000,2,Al Bada
CNT2133235539,2025-10-05,95000,2,Al Barsha First
CRT2132846956,2025-09-20,38115,Studio,Al Goze Fourth
CRT2132670636,2025-09-01,36000,1,Al Warsan First
CNT2131393461,2025-06-20,85000,1,Al Barsha South Fourth
CRT2129256286,2025-02-20,37000,1,Warsan Fourth
CNT2132582117,2025-04-01,45000,Studio,Al Suq Al Kabeer
CNT2130073061,2025-03-07,15000,Office,Al Goze Third
CNT2125260982,2025-01-01,111458,Shop,Al Bada
CNT2130419466,2025-04-07,90000,2,Al Jadaf
CNT2132953247,2025-10-06,36000,Room in labor camp,Al Goze Third
CNT2132454307,2025-09-01,33000,Studio,Warsan Fourth
CNT2130528366,2025-04-15,180000,3,Nad Hessa
CNT2133138783,2025-11-24,77000,1,Trade Center Second
CNT2133486773,2025-11-14,20000,Office,Trade Center First
CNT2125545010,2025-01-01,42000,1,Al Kheeran
CNT2132306241,2025-08-19,66203,2,Al Yelayiss 2
CRT2132792374,2025-10-01,36500,Studio,Al Hebiah Third
CNT2133652581,2025-11-27,15000,Office,Business Bay
CRT2133733611,2025-06-01,140000,2,Al Merkadh
CRT2134138356,2026-01-10,62000,Studio,Al Thanyah First
CNT2133427007,2025-11-10,145530,3,Al Bada
CNT2133129286,2025-10-28,35000,Studio,Al Qusais
CRT2129758426,2025-02-01,170000,3,Madinat Al Mataar
CNT2134273693,2026-01-16,15000,Office,Al Murqabat
CNT2132935469,2025-10-07,15000,Office,Business Bay
CNT2133401903,2025-11-01,33800,Studio,Al Suq Al Kabeer
CNT2134267702,2026-01-16,50000,Office,Al Hebiah First
CNT2132714170,2025-09-20,18000,Office,Al Nahda Second
CRT2132813096,2025-10-01,47000,Studio,Al Barsha South Fourth
CRT2132622306,2025-09-15,170000,3,Al Hebiah Third
CRT2128064176,2025-01-16,60000,Studio,Al Barsha South Fourth
CNT2131066550,2025-05-01,92500,Shop,Hor Al Anz East
CNT2130059859,2025-03-06,108000,Room in labor camp,Al Goze Third
CNT2129443801,2025-02-15,96750,2,Al Satwa
CNT2131820578,2025-07-15,47500,1,Al Raffa
CNT2131033969,2025-06-01,58000,3,Al Twar Fifth
CNT2131699948,2025-05-01,40000,Shop,Al Warsan First
CRT2133992966,2025-12-29,120000,Office,Business Bay
CNT2134052463,2025-12-05,30000,Studio,Muhaisanah Fourth
CRT2133583476,2025-11-07,170000,2,Al Barsha South Fourth
CNT2129263182,2025-01-23,20000,Office,Mankhool
CNT2133874838,2025-12-20,60000,Office,Business Bay
CNT2134063082,2025-12-20,90000,2,Al Barsha South Third
CNT2130977443,2025-05-19,20000,Office,Al Hamriya
CNT2132726939,2025-09-22,54000,Studio,Wadi Al Safa 7
CNT2129051706,2025-01-01,120000,2,Al Muteena
CNT2133867127,2025-12-28,70350,1,Al Jadaf
CNT2133643760,2025-11-26,15000,Office,Saih Shuaib 3
CNT2131050587,2025-05-30,60259,2,Al Karama
CNT2126901299,2025-01-01,47848,Office,Al Suq Al Kabeer
CNT2132569382,2025-09-01,52000,Shop,Al Suq Al Kabeer
CRT2133968106,2025-12-25,170000,2,Hadaeq Sheikh Mohammed Bin Rashid
CNT2131080845,2025-05-27,20000,Office,Oud Metha
CNT2133555598,2025-11-19,15000,Office,Al Khabeesi
CNT2131197856,2025-06-03,37000,2,Hor Al Anz
CNT2127945204,2025-01-14,15000,Office,Burj Khalifa
CNT2130523986,2025-02-15,53000,1,Al Muteena
CNT2130968841,2025-05-19,15000,Office,Business Bay
CRT2132149196,2025-08-01,78500,3,Madinat Hind 4
CNT2131523397,2025-07-01,70000,1,Al Barsha South Fourth
CNT2131316737,2025-07-05,150000,3,Wadi Al Safa 5
CNT2133894421,2026-01-16,59000,1,Business Bay
CNT2130770774,2025-01-15,136450,Shop,Dubai Investment Park Second
CNT2133670161,2025-11-01,42000,1,Mankhool
CNT2129999826,2025-03-03,15000,Office,Al Goze Industrial First
CNT2132240654,2025-08-13,15000,Office,Dubai Investment Park Second
CNT2126823405,2025-01-01,24000,1,Al Qusais
CRT2130519346,2025-04-02,100000,Office,Al Thanyah Fifth
CNT2132573320,2025-10-25,118800,Office,Um Hurair First
CNT2129972550,2025-02-28,20000,Office,Port Saeed
CNT2127782001,2025-01-17,105000,1,Marsa Dubai
CRT2132824506,2025-10-01,73000,1,Al Barsha South Fourth
CNT2131992298,2025-09-10,57750,2,Al Nahda First
CNT2130727606,2025-05-13,40000,Studio,Business Bay
CNT2133948060,2025-12-24,32000,Studio,Al Warsan First
CNT2132006386,2025-07-01,75000,3,Al Qusais
CNT2130500239,2025-04-06,131609,Office,Al Thanyah First
CNT2126563724,2025-01-05,64277,2,Nad Al Hamar
CNT2131280912,2025-06-11,15000,Office,Al Baraha
CNT2132068720,2025-07-10,60500,Studio,Marsa Dubai
CNT2129992463,2025-02-20,123000,2,Al Satwa
CNT2131788321,2025-07-10,15000,Office,Saih Shuaib 2
CNT2133035175,2025-10-18,146000,3,Madinat Dubai Almelaheyah
CNT2130648361,2025-03-01,75600,Room in labor camp,Al Goze Industrial Second
CNT2131829303,2025-07-11,70000,2,Al Karama
CNT2131782345,2025-10-19,34500,Studio,Jabal Ali Industrial First
CRT2132581286,2025-09-15,150000,1,Burj Khalifa
CNT2132850117,2025-10-01,38000,Studio,Madinat Al Mataar
CNT2133543936,2025-10-20,130000,4,Mirdif
CNT2130098559,2025-03-05,35500,1,Al Warqa First
CNT2132821987,2025-10-01,142000,3,Al Garhoud
CNT2128311165,2025-01-01,90000,3,Oud Metha
CNT2131962716,2025-07-25,24000,Studio,Al Baraha
CRT2130364016,2025-04-05,85000,1,Al Khairan First
CNT2132855647,2025-09-26,33000,Studio,Me'Aisem First
CNT2132403083,2025-08-30,60638,2,Al Nahda First
CRT2132748806,2025-10-01,50000,Studio,Al Merkadh
CNT2131062985,2025-05-26,20000,Office,Port Saeed
CNT2134218704,2026-01-13,17000,Office,Al Baraha
CRT2132977566,2025-10-10,105000,1,Al Merkadh
CNT2133922157,2025-12-22,57500,2,Al Mamzer
CNT2130460119,2025-04-17,57000,2,Al Goze Industrial Second
CNT2133498180,2025-11-15,69000,1,Jabal Ali First
CNT2133726703,2025-12-04,20000,Office,Hor Al Anz
CNT2131690829,2025-07-02,55000,2,Al Nahda First
CNT2134307107,2026-01-15,50000,1,Oud Metha
CNT2132036971,2025-01-01,93564,Shop,Hor Al Anz
CNT2133035501,2025-07-20,50000,1,Al Qusais Industrial Third
CRT2134206136,2026-01-11,180000,4,Al Hebiah Fifth
CNT2134230378,2026-01-01,107955,Showroom,Dubai International Airport
CNT2133823570,2025-12-11,15000,Office,Al Barsha First
CNT2126554792,2025-01-28,92000,1,Trade Center First
CNT2130634759,2025-04-20,76000,2,Mankhool
CNT2131829945,2025-08-01,33871,1,Al Warsan First
CNT2134013621,2026-02-01,130000,2,Al Karama
CNT2132461708,2025-10-15,42735,1,Al Nahda First
CRT2132877016,2025-09-20,95000,3,Madinat Hind 4
CNT2131712422,2025-07-05,66000,1,Al Karama
CNT2130158689,2025-03-14,15000,Office,Al Khabeesi
CNT2132675339,2025-09-17,12000,Office,Al Safouh Second
CNT2133268015,2025-10-01,40000,Studio,Al Barsha South Fourth
CNT2134319137,2026-01-15,65000,Studio,Marsa Dubai
CNT2127681159,2025-01-09,20000,Office,Al Goze Industrial First
CNT2133913907,2025-12-19,42500,1,Al Warsan First
CNT2130402113,2025-04-20,38000,Studio,Wadi Al Safa 2
CNT2131772902,2025-07-15,86000,3,Nad Hessa
CNT2132448906,2025-09-10,155000,3,Al Hebiah Sixth
CNT2130304486,2025-03-27,10000,Office,Al Mizhar First
CNT2133228851,2025-10-15,55224,1,Al Thanyah First
CNT2133757418,2025-11-03,50000,1,Al Hamriya
CNT2131417834,2025-07-01,42000,Studio,Al Warqa First
CNT2132870519,2025-09-22,142000,Office,Business Bay
CNT2132899539,2025-10-04,90000,1,Nad Al Shiba First
CRT2133594276,2025-12-15,114222,3,Al Yelayiss 2
CNT2130826928,2025-05-20,38400,Room in labor camp,Al Goze Industrial Second
CNT2133741568,2025-12-05,20000,Office,Hor Al Anz
CRT2134331866,2026-01-21,40000,Office,Al Thanyah Fifth
CRT2130931942,2025-04-19,96000,1,Al Thanyah Third
CNT2130407862,2025-06-20,101200,4,Madinat Hind 4
CRT2130574296,2025-04-19,15000,Studio,Hor Al Anz
CNT2131658877,2025-07-01,10000,Office,Al Mararr
CRT2132903956,2025-10-06,90000,1,Al Thanyah Fifth
CNT2133940197,2026-02-12,148500,4,Wadi Al Safa 7
CNT2129181458,2025-02-01,145000,Warehouse,Al Goze Industrial Fourth
CNT2133137756,2025-10-22,20000,Office,Jabal Ali Industrial First
CNT2130285300,2025-03-25,15000,Office,Al Goze First
CNT2131528281,2025-09-01,62000,2,Al Nahda First
CNT2132636132,2025-08-25,36000,Room in labor camp,Jabal Ali Industrial First
CNT2133274418,2025-09-20,80000,2,Al Karama
CNT2133622297,2025-11-25,20000,Office,Al Muteena
CNT2133649331,2025-12-01,50000,Office,Al Qusais Industrial Second
CNT2132448049,2025-04-01,48400,1,Jumeirah First
CNT2130280365,2025-03-01,44467,1,Al Suq Al Kabeer
CNT2127830369,2025-01-10,38500,1,Al Qusais
CNT2130784862,2025-05-01,176400,3,Al Safouh Second
CNT2130107785,2025-03-01,36000,Studio,Dubai Investment Park First
CRT2133556096,2025-11-17,100000,2,Al Barsha South Fourth
CNT2131054430,2026-03-15,172150,Warehouse,Al Khabeesi
CRT2132491106,2025-09-10,82000,1,Al Barsha South Fourth
CRT2134034116,2025-05-15,30000,1,Al Baraha
CRT2134076846,2025-12-15,34304,1,Al Warsan First
CNT2133003466,2025-11-01,90000,Shop,Al Suq Al Kabeer
CRT2132545646,2025-09-08,85000,1,Hadaeq Sheikh Mohammed Bin Rashid
CNT2133516599,2025-11-10,54600,2,Al Goze Industrial Second
CNT2133464767,2025-11-12,15000,Office,Business Bay
CNT2127466022,2025-02-15,60000,2,Al Warqa First
CRT2129773166,2025-02-24,66000,Office,Business Bay
CNT2132220917,2025-08-15,126000,3,Madinat Al Mataar
CNT2132436108,2025-09-01,75000,1,Al Satwa
CNT2130342739,2025-04-11,58000,2,Hessyan First
CNT2131713727,2025-07-12,45999,Studio,Jabal Ali First
CNT2131534804,2025-06-10,45000,Shop,Al Warsan First
CNT2132118598,2025-06-30,61500,1,Al Hudaiba
CNT2133763850,2025-12-08,20000,Office,Dubai Investment Park First
CNT2130232867,2025-04-01,95000,2,Al Murqabat
CNT2131403689,2025-07-13,46262,1,Al Hebiah Fifth
CNT2128728867,2025-03-01,69300,2,Al Karama
CRT2133853442,2025-12-15,50000,1,Warsan Fourth
CNT2131058235,2025-06-01,40500,1,Naif
CNT2133832007,2025-12-20,90999,2,Jabal Ali First
CNT2126887245,2025-01-01,50000,1,Muhaisanah Fourth
CNT2131273774,2025-07-01,32000,Studio,Al Suq Al Kabeer
CNT2132556006,2025-09-15,62600,2,Nad Al Hamar
CNT2133998204,2025-07-25,75000,Shop,Al Goze Industrial Third
CNT2134223519,2026-01-13,15000,Office,Burj Khalifa
CNT2134095268,2025-12-04,35000,Office,Al Karama
CRT2132424106,2025-08-15,120000,1,Eyal Nasser
CNT2129855548,2025-02-18,38000,Studio,Al Suq Al Kabeer
CNT2128490773,2025-01-26,70000,1,Al Barsha First
CNT2131940714,2025-07-10,27000,1,Eyal Nasser
CNT2134214126,2026-01-14,40000,1,Al Warsan First
CNT2131567623,2025-06-18,71400,2,Mirdif
CNT2129459901,2025-02-11,95000,Studio,Business Bay
CNT2132615884,2025-09-13,14000,Office,Mankhool
CNT2131952237,2025-10-06,85800,2,Al Hamriya
CNT2131074448,2025-05-25,43000,Studio,Jabal Ali First
CNT2125896682,2025-01-01,38587,1,Warsan Fourth
CNT2128705036,2025-01-29,15000,Office,Al Nahda First
CNT2132698132,2025-08-01,94500,Office,Ras Al Khor Industrial First
CNT2133880093,2025-12-22,155000,3,Al Yufrah 1
CNT2130972398,2025-05-10,44100,2,Al Qusais
CNT2128107190,2025-01-01,55000,Shop,Naif
CNT2132014768,2025-07-28,15000,Office,Al Mararr
CNT2131989617,2025-07-20,61020,Room in labor camp,Saih Shuaib 2
CNT2129837641,2025-02-09,50600,1,Jabal Ali First
CNT2133548981,2025-11-25,92400,2,Al Barsha First
CNT2129819595,2025-02-20,73000,1,Al Murqabat
CNT2133564852,2025-11-20,20000,Office,Al Murqabat
CNT2132924985,2025-09-25,72000,1,Al Barsha First
CNT2130925732,2025-05-20,110000,Shop,Eyal Nasser
CRT2131653566,2025-06-16,78000,2,Al Hebiah Fourth
CNT2133731383,2025-11-10,50500,2,Warsan Fourth
CNT2130062662,2025-03-06,15000,Office,Hor Al Anz
CNT2130858363,2025-05-05,55000,Office,Mankhool
CNT2132235273,2025-06-22,51600,Room in labor camp,Al Goze Industrial Second
CNT2130249201,2025-02-10,52000,Studio,Al Murqabat
CNT2132349505,2025-08-26,73000,1,Al Murqabat
CNT2133013791,2025-10-14,20000,Office,Saih Shuaib 2
CNT2133061470,2025-10-21,64999,1,Jabal Ali First
CRT2132488906,2025-09-02,100000,Office,Al Thanyah First
CNT2132814523,2025-11-01,75000,1,Al Barsha First
CNT2130694567,2025-05-01,21505,Studio,Al Baraha
CNT2129256840,2025-02-06,40000,Studio,Al Barsha South Fourth
CNT2130854667,2025-03-05,33880,1,Al Mararr
CNT2131676958,2025-07-02,15000,Office,Hor Al Anz
CNT2127134322,2025-01-10,42999,2,Muhaisanah Fourth
CNT2130569013,2025-04-10,46769,1,Al Suq Al Kabeer
CNT2131918454,2025-08-25,54600,2,Al Goze Industrial Second
CNT2133910746,2026-01-05,91508,3,Mirdif
CNT2132493667,2025-09-03,15000,Office,Business Bay
CNT2128566405,2025-01-25,60000,Studio,Al Barsha South Fourth
CNT2133279249,2025-10-07,43000,Shop,Naif
CNT2130153513,2025-03-12,42000,Shop,Al Warsan First
CNT2133584445,2025-11-06,45000,2,Al Qusais Industrial First
CNT2134177804,2026-01-01,120000,Warehouse,Al Goze Industrial Fourth
CNT2132968588,2025-10-10,132000,3,Al Wasl
CNT2131869667,2025-07-22,105000,3,Madinat Dubai Almelaheyah
CRT2132402319,2025-09-07,73000,1,Al Hebiah Third
CNT2134275354,2026-01-20,41234,1,Warsan Fourth
CNT2133410316,2025-11-07,20000,Office,Al Mararr
CRT2133292076,2025-10-12,161700,2,Al Khairan First
CNT2129440410,2025-03-01,48000,Studio,Al Hamriya
CNT2134192485,2025-05-08,20000,Office,Al Khabeesi
CNT2132615042,2025-09-15,47000,1,Me'Aisem First
CNT2132957259,2025-10-01,47420,1,Wadi Al Safa 2
CNT2130264934,2025-01-08,46000,2,Naif
CNT2130805627,2025-04-14,116886,Office,Al Wasl
CNT2130697751,2025-04-29,15000,Office,Al Khabeesi
CNT2132495224,2025-09-01,71000,Shop,Hor Al Anz
CNT2130545036,2025-04-13,57881,1,Al Barsha First
CRT2131363346,2025-06-15,155000,5,Mirdif
CNT2134329994,2026-01-20,15000,Office,Business Bay
CNT2131183728,2025-05-10,60000,2,Al Goze Industrial Second
CNT2129372218,2025-02-05,70000,1,Al Jadaf
CNT2126120534,2025-01-01,96000,3,Um Hurair First
CNT2133149134,2025-10-20,105000,Shop,Marsa Dubai
CNT2133749130,2025-12-20,79000,3,Al Qusais
CRT2134305936,2025-08-07,140000,2,Al Jadaf
CNT2132206778,2025-08-11,15000,Office,Saih Shuaib 3
CNT2133041751,2025-10-08,45045,1,Nad Hessa
CNT2133942819,2025-01-10,47000,Studio,Naif
CRT2133545616,2025-11-20,46300,Studio,Al Thanyah Fifth
CNT2131087695,2025-05-28,90000,1,Al Khairan First
CRT2130013976,2025-02-18,52000,1,Al Barsha South Fourth
CNT2133637279,2025-11-26,20000,Office,Port Saeed
CNT2133448873,2025-10-07,19200,Studio,Muhaisanah Fourth
CNT2131037791,2025-06-15,54600,1,Mirdif
CNT2132879741,2025-08-16,94500,2,Al Hamriya
CNT2129053149,2025-01-01,73650,2,Al Barsha South Third
CNT2131887905,2025-07-15,63000,3,Al Nahda Second
CNT2127082441,2025-01-01,44000,Studio,Al Warsan First
CNT2129870608,2025-02-20,20000,Office,Hor Al Anz
CNT2131864377,2025-06-01,43200,Room in labor camp,Muhaisanah Second
CNT2133504775,2025-10-22,88000,2,Jabal Ali First
CNT2130012381,2025-03-10,34000,Studio,Al Goze Industrial Second
CNT2133886653,2025-12-21,56500,1,Me'Aisem First
CNT2131781592,2025-07-10,15000,Office,Abu Hail
CNT2129369641,2025-02-17,62920,2,Mirdif
CNT2132855598,2025-10-16,40000,1,Al Hamriya
CNT2133515925,2026-01-11,40000,Studio,Nad Hessa
CNT2133849760,2025-12-15,45000,1,Al Hamriya
CRT2130980046,2025-05-20,95400,2,Marsa Dubai
CNT2131821938,2025-07-14,15000,2,Al Nahda Second
CNT2134278954,2026-01-17,34398,Studio,Nad Hessa
CNT2133985453,2025-12-21,75000,2,Warsan Fourth
CNT2132012598,2025-07-28,11000,Office,Mankhool
CNT2133654891,2025-11-28,20000,Office,Port Saeed
CNT2132767441,2025-10-01,57750,1,Al Murqabat
CRT2128560946,2025-01-27,80000,1,Al Hebiah Third
CNT2130196686,2025-03-01,68000,2,Al Karama
CRT2131080978,2025-05-30,140000,4,Madinat Hind 4
CRT2132607236,2025-09-12,62000,Studio,Al Merkadh
CNT2129845417,2025-02-19,17000,Office,Saih Shuaib 2
CNT2132668095,2025-09-18,33000,Studio,Al Nahda First
CNT2130153700,2025-03-13,20000,Office,Hor Al Anz
CNT2133425741,2025-11-10,17000,Office,Al Mararr
CNT2130192310,2025-03-10,66000,1,Al Satwa
CNT2128316497,2025-01-20,102900,2,Trade Center First
CNT2133266668,2025-11-01,47250,1,Al Hebiah Fourth
CRT2133190186,2025-10-24,100000,1,Al Barsha South Fourth
CNT2130461644,2025-04-11,50000,1,Nad Hessa
CRT2132548356,2025-08-25,66151,1,Al Goze Fourth
CNT2130613571,2025-04-22,59627,1,Wadi Al Safa 2
CNT2133749386,2025-08-24,180000,2,Al Thanyah Third
CNT2133703701,2025-12-01,66000,2,Me'Aisem First
CNT2129255586,2025-02-07,15000,Office,Al Murqabat
CNT2134166210,2026-01-09,20000,Office,Al Murqabat
CNT2131015577,2025-05-24,32000,1,Al Qusais Industrial Fifth
CNT2132371818,2025-09-04,27000,Office,Mankhool
CNT2130252704,2025-03-20,15000,Office,Al Nahda First
CNT2130141165,2025-03-10,49896,1,Al Murqabat
CNT2129449220,2025-03-01,66415,1,Al Thanyah Fifth
CRT2127329066,2025-01-08,124200,2,Burj Khalifa
CRT2131005466,2025-06-01,70000,Office,Business Bay
CNT2133104190,2025-10-25,58000,2,Dubai Investment Park First
CNT2130913043,2025-05-20,35150,Studio,Al Goze Industrial Second
CNT2131310438,2025-06-01,45000,1,Al Suq Al Kabeer
CRT2132520546,2025-09-05,110000,3,Madinat Hind 4
CNT2131583052,2025-06-02,185000,Shop,Al Mizhar First
CNT2134106964,2026-01-06,15000,Office,Al Hebiah Fourth
CNT2133697184,2025-12-20,70000,3,Madinat Hind 4
CNT2131288207,2025-06-22,149500,3,Al Bada
CNT2132575502,2025-08-01,55125,2,Al Warqa First
CNT2128826304,2025-01-31,30500,Office,Al Muteena
CNT2134168674,2026-01-09,15000,Office,Hor Al Anz East
CNT2132028342,2025-07-29,15000,Office,Dubai Investment Park Second
CNT2129923656,2025-02-25,18000,Office,Jabal Ali First
CNT2133157653,2025-11-15,70000,2,Al Muteena
CNT2134008974,2026-01-01,76000,2,Oud Metha
CRT2128561376,2025-02-01,82221,1,Al Merkadh
CNT2130879100,2025-05-12,46200,2,Al Warsan First
CNT2130970366,2025-05-19,20000,Office,Saih Shuaib 2
CNT2129360367,2025-02-18,48000,2,Al Qusais Industrial Fifth
CNT2134112793,2026-01-04,47273,Studio,Al Hebiah Fourth
CNT2131562115,2025-05-25,50000,2,Al Karama
CNT2133960086,2025-12-23,15000,Office,Mankhool
CNT2130148941,2025-05-15,40244,1,Al Qusais Industrial First
CNT2131414476,2025-06-21,10000,Office,Al Baraha
CRT2132802726,2025-10-01,100000,2,Al Merkadh
CNT2132069344,2025-02-15,155925,Shop,Al Karama
CRT2134174766,2026-01-07,87120,Office,Al Thanyah Fifth
CNT2131324168,2025-06-18,135000,1,Palm Jumeirah
CNT2133318269,2025-11-05,60000,Shop,Al Lusaily
CNT2132107351,2025-08-10,39999,2,Muhaisanah Fourth
CNT2132217040,2025-08-17,49500,1,Mirdif
CRT2130469486,2025-05-03,185000,4,Wadi Al Safa 5
CNT2127472071,2025-01-06,15000,Office,Al Karama
CNT2132761558,2025-10-01,110000,2,Al Barsha South Fourth
CNT2132272814,2025-09-10,78000,1,Mankhool
CNT2130104307,2025-02-16,35000,Studio,Al Suq Al Kabeer
CNT2129677596,2025-01-15,38200,1,Warsan Fourth
CNT2133849934,2025-12-20,65000,Hotel,Jabal Ali First
CNT2133823547,2025-12-15,30000,Shop,Al Warsan First
CNT2129931618,2025-03-25,79200,Office,Al Karama
CRT2134002266,2025-12-27,50000,Studio,Al Hebiah Second
CNT2134031291,2025-12-25,66000,2,Nad Hessa
CNT2132136024,2025-08-06,15000,Office,Port Saeed
CNT2133311868,2025-02-05,36750,Studio,Al Mamzer
CNT2130022706,2025-03-04,15000,Office,Al Goze Industrial Third
CNT2130049022,2025-03-15,80000,2,Al Murqabat
CNT2132151631,2025-07-01,68000,2,Al Raffa
CRT2132138846,2025-08-10,75000,1,Al Merkadh
CNT2134320376,2026-01-20,90000,2,Al Barsha South Fourth
CNT2133257453,2025-11-20,56000,2,Al Nahda First
CNT2133941732,2025-12-27,63000,1,Jabal Ali First
CNT2130531523,2025-05-15,88200,3,Mirdif
CRT2133661076,2025-12-04,150000,2,Business Bay
CNT2132137875,2025-09-15,138863,3,Trade Center Second
CNT2130546062,2025-04-02,21690,Studio,Al Baraha
CNT2132398005,2025-08-29,88505,2,Jabal Ali First
CRT2129603396,2025-01-21,42350,1,Dubai Investment Park Second
CRT2129962776,2025-03-01,50000,Office,Al Thanyah Fifth
CNT2130448501,2025-03-30,100000,1,Al Barsha South Fourth
CNT2132631301,2025-09-19,85000,1,Al Barsha South Fourth
CNT2129781105,2025-02-17,20000,Office,Ras Al Khor Industrial Second
CNT2127062638,2025-01-25,52800,2,Al Goze Industrial Second
CNT2127670741,2025-02-15,66000,2,Al Karama
CNT2133999761,2025-12-15,31763,Studio,Nad Hessa
CNT2131826344,2025-07-06,47000,Studio,Jabal Ali First
CNT2130072094,2025-03-01,35000,1,Warsan Fourth
CNT2132596927,2025-09-20,70000,2,Al Mamzer
CRT2127603676,2025-01-16,144000,Office,Al Thanyah Fifth
CNT2131796616,2025-01-01,133000,4,Mirdif
CNT2130691234,2025-05-01,46500,Studio,Al Merkadh
CNT2133539476,2025-11-18,20000,Office,Dubai Investment Park First
CNT2132996170,2025-10-05,47000,1,Al Muteena
CNT2130954913,2025-05-17,15000,Office,Al Khabeesi
CNT2134312341,2025-02-26,70000,1,Al Barsha South Third
CNT2132975890,2025-12-25,46000,1,Al Karama
CNT2130236295,2025-03-20,32000,Room in labor camp,Muhaisanah Second
CRT2129743686,2025-03-02,41250,Studio,Al Thanyah Fifth
CNT2133804921,2025-12-10,10000,Office,Al Garhoud
CNT2130685928,2025-04-28,14000,Office,Mankhool
CNT2133537429,2025-10-15,38000,1,Muhaisanah Fourth
CRT2133098846,2025-10-20,150000,Office,Business Bay
CRT2132634606,2025-09-16,134626,3,Marsa Dubai
CNT2131729721,2025-07-01,56339,Shop,Al Warsan First
CRT2132833296,2026-09-01,102000,Office,Al Thanyah First
CNT2133052407,2025-11-15,50000,2,Muhaisanah Fourth
CNT2127588397,2025-01-21,93600,Pharmacy,Al Karama
CNT2133343370,2025-05-20,43000,1,Wadi Al Safa 2
CNT2130176379,2025-01-01,43000,Shop with a mezzanine,Naif
CNT2132329905,2025-08-21,15000,Office,Al Murqabat
CNT2133543245,2025-11-20,45000,1,Al Suq Al Kabeer
CNT2130521238,2025-04-01,67000,2,Al Dhagaya
CNT2129049927,2025-02-01,50474,1,Al Thanyah First
CNT2131877249,2025-07-17,15000,Office,Dubai Investment Park Second
CNT2131567822,2025-07-01,54450,Shop,Hor Al Anz
CNT2133663390,2025-11-27,50000,1,Al Warsan First
CNT2133193588,2025-10-27,15000,Office,Al Goze First
CNT2126686999,2025-01-19,122222,1,Al Wasl
CNT2131395126,2025-05-15,46000,1,Al Nahda Second
CNT2128559371,2025-01-27,10000,Office,Trade Center First
CNT2131413934,2025-06-06,50000,Shop,Al Barsha South Fourth
CNT2133928647,2025-12-20,15000,Office,Al Karama
CNT2133959598,2025-12-01,107821,Shop,Al Nahda Second
CNT2134173754,2026-01-16,34939,1,Al Warsan First
CNT2131494757,2025-07-06,39501,Office,Jabal Ali First
CNT2131765816,2025-07-12,45000,1,Al Warqa First
CNT2130516853,2025-04-01,58500,2,Al Nahda Second
CNT2131402897,2025-06-20,10000,Office,Al Barsha First
CNT2133786626,2025-12-09,20000,Office,Port Saeed
CRT2131035096,2025-05-10,60000,Shop,Al Warsan First
CNT2130059455,2025-03-07,133132,3,Hessyan First
CNT2130307042,2025-03-10,80000,3,Hor Al Anz East
CNT2129835877,2025-02-01,95000,Warehouse,Al Goze Third
CRT2134055506,2026-01-01,76000,1,Jabal Ali First
CNT2130549222,2025-06-10,70000,Office,Al Buteen
CNT2133133546,2025-10-23,73300,2,Al Barsha South Fifth
CNT2131964411,2025-07-01,125000,Shop,Al Buteen
CNT2132233207,2025-06-01,37800,Room in labor camp,Al Goze Industrial Second
CRT2133678136,2025-11-30,110000,1,Burj Khalifa
CRT2133530366,2025-10-01,43000,1,Al Warsan First
CRT2134172896,2026-01-13,115000,3,Al Thanyah Fourth
CNT2130040259,2025-02-15,50004,3,Al Dhagaya
CNT2133663281,2025-12-01,74000,Shop,Al Warsan First
CNT2126734065,2025-01-10,52000,1,Al Suq Al Kabeer
CNT2134193320,2026-01-18,27000,1,Muhaisanah Fourth
CNT2131697201,2025-07-01,90000,2,Al Karama
CNT2131416179,2025-07-01,47000,2,Al Karama
CNT2127616176,2025-01-08,15000,Office,Al Goze First
CNT2133606549,2025-11-24,40000,Room in labor camp,Jabal Ali Industrial First
CNT2133506424,2025-10-23,72450,3,Muhaisanah Fourth
CNT2134154655,2025-01-01,52500,Showroom,Oud Metha
CNT2132002571,2025-07-26,15000,Office,Al Khabeesi
CNT2134329303,2026-04-10,33600,Studio,Al Suq Al Kabeer
CNT2131071337,2025-05-27,43000,Studio,Warsan Fourth
CNT2133889326,2025-12-17,15000,Office,Al Karama
CRT2131232036,2025-06-09,15000,Office,Al Muteena
CNT2130920548,2025-05-20,46000,Studio,Nad Hessa
CNT2132639132,2025-09-15,17000,Office,Al Mararr
CRT2131549166,2025-07-01,50000,1,Al Mamzer
CRT2130262086,2025-03-14,38115,1,Hor Al Anz
CNT2131120593,2025-04-05,55000,1,Al Raffa
CNT2132689339,2025-10-03,43000,1,Al Qusais
CNT2132371230,2025-08-25,20000,Office,Al Murqabat
CNT2132692256,2025-09-20,39000,Studio,Warsan Fourth
CNT2134091149,2026-01-10,50400,2,Al Nahda First
CRT2129969136,2025-03-09,120000,2,Muhaisanah First
CNT2131582414,2025-07-01,38200,Hotel,Jabal Ali First
CNT2134082974,2026-01-26,58000,1,Mankhool
CRT2134000396,2025-12-07,87000,1,Business Bay
CNT2134083772,2025-12-19,48500,2,Al Qusais
CNT2132417579,2025-11-26,157500,3,Marsa Dubai
CNT2133761072,2025-11-10,66150,2,Al Bada
CNT2133978350,2026-02-10,136500,3,Mirdif
CNT2131583389,2025-07-01,86000,3,Al Nahda First
CNT2131977427,2025-07-24,75000,2,Madinat Al Mataar
CRT2133816956,2025-11-01,40000,Studio,Al Barsha South Fifth
CNT2134218694,2025-11-01,124530,3,Trade Center Second
CNT2133105990,2026-09-15,185000,5,Al Manara
CNT2134272132,2026-01-26,70000,Studio,Al Thanyah Third
CNT2133233123,2025-10-10,53132,2,Al Nahda First
CNT2131809690,2025-07-16,68000,1,Warsan Fourth
CNT2131535901,2025-08-01,37000,1,Mirdif
CNT2127793174,2025-01-10,16000,Office,Port Saeed
CNT2131864744,2025-07-01,25000,Studio,Al Suq Al Kabeer
CNT2133713964,2025-11-16,135000,1,Burj Khalifa
CNT2132551697,2025-09-30,47000,1,Al Mamzer
CNT2134262045,2026-01-05,60638,Shop,Hor Al Anz
CNT2129841186,2025-02-10,61001,1,Mankhool
CNT2132745122,2025-09-23,10000,Office,Al Hamriya
CRT2129438136,2025-03-01,35090,1,Al Warqa First
CNT2129719599,2025-02-15,15000,Office,Al Khabeesi
CRT2131777367,2025-07-05,42840,1,Nad Hessa
CNT2130248004,2025-05-20,87000,1,Marsa Dubai
CNT2130669253,2025-04-04,31911,Studio,Wadi Al Safa 5
CNT2130413001,2025-04-05,46585,1,Al Hamriya
CNT2131978916,2025-04-01,81000,Office,Al Thanyah First
CRT2128101236,2025-01-15,1000,Office,Business Bay
CNT2131844630,2025-07-17,35000,Studio,Nad Hessa
CNT2133853597,2025-12-16,47250,1,Naif
CNT2131542442,2025-06-26,15000,Office,Al Mararr
CNT2131021507,2025-05-22,15000,Office,Al Khabeesi
CNT2133471632,2025-11-13,17000,Office,Business Bay
CNT2129927387,2025-02-25,29288,1,Muhaisanah Second
CNT2132925535,2025-10-07,10000,Office,Al Karama
CNT2128820361,2025-01-31,22000,Office,Naif
CRT2130586382,2025-05-05,95000,2,Nad Al Shiba First
CNT2132846279,2025-10-22,37500,1,Al Qusais Industrial Fifth
CNT2129751957,2025-02-22,129857,Restaurant,Al Safouh Second
CNT2132461727,2025-08-25,77000,1,Marsa Dubai
CNT2129115064,2025-02-20,44000,Office,Al Suq Al Kabeer
CNT2132650014,2025-09-20,75000,2,Mankhool
CNT2130631008,2025-04-21,150000,Office,Al Mamzer
CNT2122360339,2025-02-01,74075,2,Al Muteena
CRT2130277360,2025-04-01,50000,1,Madinat Al Mataar
CRT2131027686,2025-05-29,98000,1,Marsa Dubai
CNT2128966123,2025-02-15,31500,Studio,Al Warsan First
CNT2132887155,2025-10-03,19000,Office,Al Mararr
CNT2134129819,2026-01-12,83801,3,Jabal Ali First
CRT2128803206,2025-01-01,75000,Shop,Naif
CNT2130445899,2025-06-29,75600,1,Trade Center First
CNT2133951903,2026-01-01,32000,2,Muhaisanah Fourth
CNT2128288425,2025-02-01,33000,Studio,Al Muteena
CNT2128119700,2025-01-17,20000,Office,Hor Al Anz
CNT2129765029,2025-03-01,70000,1,Wadi Al Safa 5
CNT2130119077,2025-03-10,51000,1,Al Hebiah Fifth
CRT2133519118,2025-10-01,65000,2,Wadi Al Safa 5
CNT2133499219,2025-11-01,38080,Office,Al Suq Al Kabeer
CNT2133088694,2025-10-01,36000,1,Al Muteena
CNT2131014184,2025-05-20,42000,1,Al Nahda Second
CNT2134009561,2025-12-27,18000,Office,Naif
CRT2132503936,2025-10-01,61740,1,Al Merkadh
CNT2133783650,2025-11-01,40000,Studio,Warsan Fourth
CNT2130755357,2025-05-05,83000,2,Al Raffa
CNT2130228719,2025-04-02,72450,3,Muhaisanah Fourth
CRT2133191806,2025-11-24,125000,3,Madinat Al Mataar
CNT2128322036,2025-01-21,20000,Office,Hor Al Anz
CNT2131391601,2025-06-18,26000,1,Al Mararr
CNT2133707600,2025-11-18,136500,2,Trade Center First
CNT2133910701,2025-12-20,137500,3,Madinat Hind 4
CNT2131821910,2025-07-15,35000,Studio,Naif
CNT2128558233,2025-01-27,15000,Office,Dubai Investment Park First
CNT2132710425,2025-10-21,45999,Studio,Jabal Ali First
CRT2131521816,2025-01-01,70000,2,Al Suq Al Kabeer
CNT2132255895,2025-08-14,85000,1,Al Barsha South Fourth
CNT2133331689,2025-11-05,15000,Office,Al Goze Industrial First
CNT2132485208,2025-09-15,42000,Office,Al Qusais Industrial Second
CNT2132554840,2025-09-05,65000,2,Al Barsha South Fourth
CNT2128485838,2025-02-12,136000,3,Al Yelayiss 2
CNT2134041561,2026-01-26,47213,1,Jabal Ali First
CRT2130734926,2025-04-15,105213,1,Marsa Dubai
CNT2132755687,2025-09-24,15000,Office,Al Suq Al Kabeer
CNT2132208426,2025-08-15,65000,1,Warsan Fourth
CNT2132719939,2025-09-15,89250,Office,Oud Metha
CNT2131881671,2025-07-17,15000,Office,Business Bay
CRT2130042386,2025-03-01,50000,Office,Business Bay
CRT2132739646,2025-08-22,85000,Shop,Al Jafliya
CNT2129367974,2025-02-10,20000,Office,Hor Al Anz
CNT2131409680,2025-06-29,52000,1,Wadi Al Safa 5
CNT2133769476,2025-12-01,72000,2,Al Suq Al Kabeer
CNT2132798614,2025-09-27,54000,Studio,Al Barsha South Fifth
CNT2130161149,2025-03-14,17000,Office,Wadi Al Safa 2
CNT2131493469,2025-07-01,50000,Shop,Cornich Deira
CNT2130865543,2025-05-23,65000,1,Al Barsha South Fourth
CNT2132357178,2025-08-22,100000,1,Burj Khalifa
CNT2132719432,2025-10-27,54990,1,Jabal Ali First
CNT2132194037,2025-09-01,84000,1,Al Barsha First
CNT2131583747,2025-06-30,20000,Office,Al Murqabat
CNT2127802521,2025-01-20,53500,1,Al Twar Fifth
CNT2131820862,2025-06-05,70000,2,Al Warqa First
CNT2133056635,2025-10-16,20000,Office,Al Raffa
CRT2132986836,2025-10-11,120000,1,Marsa Dubai
CNT2133863724,2025-12-18,54999,2,Al Karama
CRT2133450306,2025-11-11,85000,1,Al Khairan First
CNT2132798606,2025-10-25,140000,3,Al Rega
CNT2131787039,2025-07-09,83160,3,Al Mamzer
CNT2130550671,2025-04-10,32500,Shop,Hor Al Anz
CRT2134008496,2025-07-31,68000,1,Al Jadaf
CNT2130516175,2025-02-15,112455,4,Mirdif
CNT2132832889,2025-11-01,45017,Office,Naif
CRT2133860196,2025-11-07,57000,1,Al Satwa
CNT2130549685,2025-03-01,36000,Shop,Al Warsan First
CNT2131239637,2025-06-11,92999,1,Al Satwa
CNT2132761986,2025-10-15,44275,1,Al Muteena
CNT2132375408,2025-08-11,40480,1,Nad Hessa
CNT2134206192,2026-01-12,15000,Office,Al Mararr
CNT2130224792,2025-01-29,33840,Room in labor camp,Dubai Investment Park Second
CNT2124677778,2025-01-20,40000,1,Muhaisanah Fourth
CNT2131305121,2025-08-19,36750,Studio,Nad Hessa
CNT2131655995,2025-07-01,15000,Office,Al Khabeesi
CNT2132315357,2025-08-20,34269,1,Wadi Al Safa 2
CNT2131506740,2025-06-19,56000,2,Al Nahda First
CNT2132375434,2025-08-25,20000,Office,Al Murqabat
CNT2132790199,2025-09-20,45000,1,Al Nahda Second
CNT2129943448,2025-01-01,100000,Shop,Al Rashidiya
CNT2127339272,2025-02-03,70000,3,Al Nahda Second
CNT2131509148,2025-06-24,15000,Office,Al Khabeesi
CNT2132893695,2025-11-01,85000,2,Al Hudaiba
CNT2132351587,2025-10-15,58212,1,Al Barsha First
CNT2129364263,2025-02-10,34650,1,Warsan Fourth
CNT2132164300,2025-09-02,125000,1,Marsa Dubai
CNT2133271685,2025-10-02,160000,3,Marsa Dubai
CNT2134224387,2026-01-01,1,Office,Al Karama
CNT2129931141,2025-04-13,41800,1,Wadi Al Safa 2
CNT2131547617,2025-06-28,54023,1,Al Karama
CNT2132225412,2025-08-01,54575,1,Al Barsha South Third
CNT2133978924,2026-01-10,58000,1,Al Mamzer
CNT2131238542,2025-05-26,52000,2,Al Mararr
CNT2132717534,2025-09-10,120000,2,Naif
CNT2131415802,2025-06-21,35000,Office,Al Nahda First
CNT2130259021,2025-02-17,28000,Studio,Al Warsan First
CNT2133399000,2025-11-06,12000,Office,Al Safouh Second
CNT2131390568,2025-07-14,56700,2,Al Goze Industrial Second
CNT2133300345,2025-11-08,76000,2,Al Jadaf
CRT2133494136,2025-11-21,95000,1,Al Barsha South Fourth
CNT2130237975,2025-04-01,77125,Office,Al Suq Al Kabeer
CNT2130421585,2025-04-08,15000,Office,Al Khabeesi
CNT2130499825,2025-03-18,26450,Studio,Jabal Ali Industrial First
CNT2130134230,2025-03-12,15000,Office,Hor Al Anz
CNT2130511785,2025-04-01,51000,1,Nad Hessa
CNT2131384703,2025-06-19,15000,Office,Al Nahda Second
CRT2132926016,2025-10-07,140000,2,Al Khairan First
CNT2133432734,2025-11-01,61740,1,Al Karama
CNT2131846169,2025-07-15,15000,Office,Business Bay
CNT2130873398,2025-07-23,127500,2,Trade Center First
CNT2133471161,2025-11-16,85050,2,Al Barsha First
CNT2134207526,2026-01-12,15000,Office,Naif
CNT2130885061,2025-02-21,107811,Office,Al Karama
CNT2133472082,2025-11-16,41400,1,Al Buteen
CNT2130747432,2025-05-06,115000,3,Nad Hessa
CNT2126950215,2025-01-01,45000,Office,Port Saeed
CNT2130342486,2025-04-02,15000,Office,Al Khabeesi
CNT2125664699,2025-01-20,63000,1,Al Jadaf
CNT2133783000,2025-12-09,20000,Office,Al Khabeesi
CNT2133157967,2025-10-20,148000,Office,Al Sabkha
CRT2132964059,2025-10-01,110000,1,Al Thanyah Third
CNT2130591799,2025-05-01,73000,1,Nad Hessa
CNT2130899722,2025-03-27,80000,2,Mankhool
CNT2130326907,2025-03-25,53550,2,Al Qusais Industrial Fifth
CNT2132610378,2025-09-18,58200,Studio,Al Thanyah Fifth
CRT2133771316,2025-09-25,155000,3,Al Barsha South Fourth
CNT2131840491,2025-07-15,15000,Office,Al Goze Industrial First
CNT2134128617,2026-03-02,26848,Studio,Al Warsan First
CNT2129882558,2025-02-21,15000,Office,Dubai Investment Park First
CNT2131946273,2025-08-01,50600,1,Al Murqabat
CNT2134097311,2026-01-05,20000,Office,Al Mararr
CNT2132978427,2025-11-04,65000,2,Al Qusais
CRT2133233636,2025-11-03,48000,Studio,Al Barsha South Fourth
CRT2132308346,2025-05-30,65000,2,Al Goze Fourth
CRT2133481596,2025-11-13,60000,Studio,Al Barsha South Fourth
CNT2133986886,2025-12-01,52000,1,Al Raffa
CNT2130991349,2025-05-20,15000,Office,Hor Al Anz
CNT2126865777,2025-01-21,131250,Shop,Madinat Dubai Almelaheyah
CNT2128305169,2025-03-01,115000,2,Al Jadaf
CNT2132343654,2025-07-18,124290,Shop,Al Qusais
CNT2130801787,2025-05-15,88200,3,Mirdif
CRT2128306272,2025-01-25,140000,2,Al Thanyah Third
CNT2131158264,2025-06-05,36300,Office,Al Goze Third
CNT2133321783,2025-10-01,75000,2,Al Warqa First
CNT2132226137,2025-09-07,60000,2,Al Rashidiya
CNT2132076386,2025-08-01,15000,Office,Al Goze Industrial First
CNT2134171380,2026-01-10,78765,Office,Trade Center First
CRT2129899586,2025-02-25,64000,1,Al Barsha South Fourth
CNT2131098725,2025-05-05,106050,Shop,Al Goze Industrial First
CNT2133066122,2025-10-29,10000,Office,Business Bay
CNT2130026581,2025-03-01,35000,Studio,Me'Aisem First
CNT2130199280,2025-03-18,10000,Office,Al Garhoud
CNT2131761317,2025-08-22,98000,3,Mirdif
CNT2133564847,2025-11-15,40000,1,Nad Hessa
CNT2131284477,2025-03-15,52000,2,Muhaisanah Fourth
CNT2132028274,2025-07-29,15000,Office,Al Suq Al Kabeer
CNT2133343653,2025-08-15,159390,4,Al Bada
CNT2127793347,2025-01-01,63000,Shop,Al Mararr
CRT2132218576,2025-08-12,35000,1,Abu Hail
CNT2128502913,2025-01-23,17000,Office,Saih Shuaib 3
CNT2132396777,2025-08-26,15000,Office,Business Bay
CRT2130014826,2025-03-05,76000,2,Al Yelayiss 2
CNT2132544250,2025-11-20,171163,3,Jumeirah First
CNT2128540297,2025-01-01,75000,Warehouse,Ras Al Khor Industrial Second
CNT2133249617,2025-10-08,49000,2,Al Warsan First
CRT2133155836,2025-10-20,180000,3,Wadi Al Safa 5
CNT2130005737,2025-03-15,45000,Studio,Madinat Al Mataar
CRT2130689296,2025-06-25,78300,2,Al Qusais
CNT2131329107,2025-06-20,70000,Shop,Mirdif
CNT2127504000,2025-01-06,20000,Office,Port Saeed
CNT2133171566,2025-10-24,20000,Office,Al Murqabat
CNT2132748087,2025-09-28,65000,2,Al Nahda Second
CRT2134252936,2026-01-06,23000,Room in labor camp,Al Ttay
CRT2129663906,2025-02-14,15000,Office,Hor Al Anz
CNT2130473353,2025-03-03,36000,1,Al Warsan First
CNT2131870966,2025-07-20,73868,2,Mirdif
CRT2130723936,2025-05-01,50000,Studio,Al Merkadh
CNT2127569285,2025-01-07,15000,Office,Al Karama
CNT2130452880,2025-03-10,26250,Studio,Al Warsan First
CNT2130164561,2025-03-14,15000,Office,Al Khabeesi
CNT2134000193,2025-11-01,63000,2,Hor Al Anz East
CRT2130833126,2025-05-02,85000,2,Wadi Al Safa 3
CNT2133302001,2025-11-05,44000,Studio,Warsan Fourth
CNT2131097799,2025-05-01,52500,1,Wadi Al Safa 3
CNT2130276011,2025-04-01,57000,1,Dubai Investment Park Second
CNT2130584573,2025-04-21,15000,Office,Al Muteena
CNT2130873724,2025-03-01,50000,1,Al Buteen
CNT2131988699,2025-08-07,45000,Studio,Mankhool
CNT2132034689,2025-08-01,57500,Shop with a mezzanine,Al Rega
CNT2133751035,2025-11-05,79000,1,Al Jadaf
CNT2128026367,2025-01-09,89303,3,Hessyan First
CNT2130806447,2025-04-10,35000,Warehouse,Al Goze Industrial Fourth
CNT2130235610,2025-03-20,15000,Office,Al Khabeesi
CNT2134233756,2026-01-10,72000,2,Al Hebiah Fourth
CNT2128127930,2025-01-17,20000,Office,Hor Al Anz
CNT2133781060,2025-10-20,45000,1,Nad Hessa
CNT2134180146,2026-02-05,37595,1,Ras Al Khor Industrial Third
CNT2133309612,2025-10-18,105000,2,Um Ramool
CNT2133878602,2025-12-16,41840,Shop,Al Karama
CNT2132076903,2025-07-20,96000,Showroom,Al Qusais Industrial Third
CNT2128127548,2025-01-15,50000,Office,Al Murqabat
CNT2134126659,2026-01-07,15000,Office,Al Muteena
CRT2129938021,2025-03-09,103000,3,Al Yelayiss 2
CNT2132888142,2025-10-10,174868,Office,Zaabeel Second
CNT2131970062,2025-07-24,15000,Office,Al Karama
CNT2131675807,2025-06-14,40000,Shop,Jabal Ali Industrial First
CNT2132054257,2025-08-06,96999,1,Al Satwa
CNT2129438035,2025-01-05,75000,2,Mirdif
CNT2130877445,2025-05-25,53500,2,Al Qusais
CNT2133953684,2025-09-10,71500,2,Al Hamriya
CNT2131647909,2025-06-01,102900,3,Oud Metha
CNT2130102007,2025-03-28,55125,2,Al Goze Fourth
CNT2133616205,2025-12-10,120000,2,Business Bay
CNT2132599785,2025-09-16,46000,Studio,Nad Hessa
CNT2133348411,2025-11-02,148700,Office,Port Saeed
CNT2129951692,2025-02-25,70560,2,Al Jadaf
CNT2130410586,2025-04-08,15000,Office,Al Khabeesi
CRT2133577636,2025-11-20,110000,4,Mirdif
CNT2132206593,2025-08-11,15000,Office,Business Bay
CNT2133337832,2025-11-14,80000,2,Al Nahda First
CNT2130628959,2025-04-01,84000,2,Al Barsha First
CNT2130130061,2025-01-01,75000,Shop with a mezzanine,Naif
CNT2131958507,2025-07-15,63500,1,Port Saeed
CNT2132049705,2025-07-30,15000,Office,Al Khabeesi
CNT2129902265,2025-02-25,85000,2,Marsa Dubai
CNT2132957739,2025-09-29,130000,1,Marsa Dubai
CRT2133880226,2025-10-01,19200,Labor camp,Ras Al Khor Industrial Third
CRT2129893346,2025-03-01,80000,Studio,Burj Khalifa
CNT2131249763,2025-05-25,41808,1,Al Raffa
CNT2129117644,2025-05-01,83490,2,Al Thanyah Fifth
CNT2131548550,2025-06-30,66500,1,Al Muteena
CNT2130720775,2025-05-22,149000,2,Al Barsha South Fifth
CNT2132408830,2025-08-22,80625,2,Nad Al Hamar
CNT2132920514,2025-09-30,40543,Studio,Al Barsha South Fourth
CNT2128131739,2025-02-25,78650,2,Al Jadaf
CRT2133564956,2025-11-15,58000,Shop,Al Dhagaya
CNT2133647855,2025-12-07,115000,1,Burj Khalifa
CNT2132170506,2025-08-08,16000,Office,Al Garhoud
CRT2131123086,2025-05-29,43000,Hotel,Jabal Ali First
CNT2132518378,2025-08-11,145000,3,Al Yelayiss 2
CNT2133431025,2025-10-31,156975,4,Al Garhoud
CRT2133965286,2025-12-24,45000,Studio,Al Barsha South Fourth
CNT2130421269,2025-01-15,60308,1,Al Barsha First
CNT2131265416,2025-06-05,21000,Studio,Naif
CNT2130033666,2025-03-01,110000,2,Trade Center First
CNT2129916118,2025-01-01,24000,Studio,Naif
CNT2132394377,2025-08-28,50000,1,Al Raffa
CNT2128102113,2025-01-16,15000,Office,Port Saeed
CNT2130902676,2025-08-07,145000,2,Al Merkadh
CNT2130072040,2025-03-07,30575,3,Muhaisanah Second
CRT2130086746,2025-02-27,51510,1,Jabal Ali First
CNT2128485290,2025-02-01,40000,Shop,Al Karama
CNT2131075547,2025-06-27,69300,2,Jabal Ali First
CNT2131166994,2025-06-04,64000,2,Al Nahda Second
CNT2130639595,2025-05-25,39000,1,Al Goze Industrial Second
CNT2132334036,2025-08-15,135000,2,Al Barsha South Third
CNT2130887140,2025-05-13,15000,Office,Hor Al Anz
CNT2128826927,2025-02-01,50000,1,Mankhool
CNT2131353372,2025-07-02,60197,1,Al Barsha First
CNT2133873000,2026-01-01,46500,2,Al Raffa
CNT2130397467,2025-04-07,15000,Office,Al Khabeesi
CNT2132809648,2025-10-02,63000,Studio,Business Bay
CRT2131980956,2025-08-01,75343,1,Al Thanyah Third
CNT2130652922,2025-05-01,60000,2,Al Nahda Second
CNT2130648085,2025-05-20,72000,2,Nad Hessa
CRT2131405453,2025-06-29,38000,Studio,Me'Aisem First
CNT2131949364,2025-08-05,90000,2,Al Murqabat
CRT2132693546,2025-09-20,72000,1,Business Bay
CNT2130650274,2025-05-01,55000,2,Al Nahda Second
CNT2130066544,2025-02-10,67000,Office,Al Mararr
CNT2127795857,2025-01-01,101200,Warehouse,Al Goze Industrial Fourth
CNT2131232921,2025-06-10,75000,1,Al Barsha South Fourth
CNT2133521918,2025-12-01,15000,Office,Al Qusais Industrial Third
CNT2130256882,2025-03-18,95000,2,Al Thanyah First
CNT2130639821,2025-04-01,68000,2,Al Nahda First
CNT2130849495,2025-04-16,90000,Office,Al Buteen
CRT2128115116,2025-02-09,70000,1,Al Barsha South Fourth
CNT2134067634,2026-01-01,54000,1,Hor Al Anz
CNT2130580126,2025-04-21,1900,Office,Oud Metha
CNT2133305731,2025-12-01,90000,Shop,Madinat Al Mataar
CNT2133456761,2025-11-10,40000,Office,Al Muteena
CNT2130415152,2025-03-08,58190,2,Nad Hessa
CNT2133783685,2025-12-12,34000,Studio,Oud Metha
CNT2131101992,2025-05-28,15000,Office,Al Baraha
CNT2133466882,2025-09-27,70000,6,Abu Hail
CNT2131359195,2025-05-10,31900,1,Al Warsan First
CNT2130704896,2025-05-01,55000,1,Al Hebiah Fourth
CNT2132831398,2025-10-01,105000,Shop,Al Warsan Third
CNT2130262099,2025-02-25,144700,Shop,Al Barsha South Fourth
CNT2133725451,2025-12-01,75503,2,Al Barsha First
CNT2130982981,2025-05-20,36000,Shop,Wadi Al Safa 5
CNT2131218203,2025-06-07,60900,2,Al Hudaiba
CNT2130182748,2025-03-17,65000,Shop,Al Warsan First
CRT2134134766,2025-12-25,55000,1,Al Warsan First
CNT2130932179,2025-05-15,15000,Office,Hor Al Anz
CNT2130236342,2025-02-28,53000,2,Al Warsan First
CNT2130155968,2025-04-15,77682,2,Jabal Ali First
CRT2132142206,2025-08-07,115000,1,Al Merkadh
CNT2130576569,2025-05-25,48000,1,Al Hebiah First
CNT2133706616,2025-12-03,20000,Office,Port Saeed
CRT2131957806,2025-05-27,42592,1,Me'Aisem First
CNT2134068645,2025-11-01,56000,2,Al Hamriya
CNT2132742017,2025-09-23,17000,Office,Al Khabeesi
CRT2128112236,2025-01-20,50000,Studio,Nad Hessa
CNT2133979304,2025-10-05,68250,2,Nad Hessa
CNT2130291642,2025-04-01,50000,1,Al Muteena
CNT2131279164,2025-06-11,15000,Office,Hor Al Anz
CNT2132659341,2025-09-20,42000,Office,Al Qusais Industrial First
CNT2126862440,2025-01-01,36750,1,Muhaisanah Fourth
CNT2132238289,2025-08-13,50000,Warehouse,Saih Shuaib 3
CRT2130264006,2025-04-06,110000,1,Hadaeq Sheikh Mohammed Bin Rashid
CNT2130915739,2025-05-14,15000,Office,Al Murqabat
CRT2133287516,2025-10-01,45000,1,Me'Aisem First
CNT2130607007,2025-04-22,10000,Office,Al Goze First
CNT2132871273,2025-10-05,90000,1,Marsa Dubai
CNT2133697842,2025-12-02,37191,1,Warsan Fourth
CNT2128968539,2025-02-03,15000,Office,Al Garhoud
CNT2130796108,2025-05-01,39270,1,Al Nahda Second
CNT2131391003,2025-05-10,50000,Shop,Al Warsan First
CNT2130407400,2025-04-18,81585,2,Al Barsha First
CNT2132700305,2025-08-01,55000,Labor camp,Muhaisanah Second
CRT2130477522,2025-05-01,170000,3,Al Yelayiss 1
CRT2132342586,2025-08-23,56000,1,Al Warsan First
CNT2127019360,2025-01-09,31448,Studio,Jabal Ali First
CNT2129917836,2025-02-28,112860,Office,Al Wasl
CNT2133316419,2025-11-01,37000,Studio,Al Barsha South Third
CNT2130875785,2025-05-12,20000,Office,Naif
CNT2130715318,2025-05-10,68000,1,Mankhool
CNT2127375522,2025-01-01,100815,4,Mirdif
CNT2130213866,2025-04-10,95000,2,Um Hurair First
CNT2130994868,2025-05-20,15000,Office,Hor Al Anz
CNT2129980115,2025-02-28,29589,Room in labor camp,Muhaisanah Second
CNT2131504959,2025-06-01,39000,Shop,Al Mararr
CRT2134137226,2026-01-01,46000,1,Wadi Al Safa 2
CNT2129926488,2025-03-07,68000,1,Al Barsha South Fourth
CNT2131680261,2025-07-02,15000,Office,Al Muteena
CNT2131510611,2025-06-24,49000,Studio,Al Barsha South Fourth
CNT2127480853,2025-01-06,10000,Office,Naif
CRT2130478986,2025-02-21,115000,2,Al Merkadh
CNT2131933366,2025-07-22,15000,Office,Al Mararr
CNT2131879647,2025-07-21,82627,Warehouse,Al Goze Industrial Third
CNT2132219457,2025-08-12,10000,Office,Al Barsha First
CNT2130002127,2025-01-10,90000,Warehouse,Al Goze Industrial Second
CNT2130906109,2025-05-20,80000,1,Business Bay
CNT2128930440,2025-02-10,45000,1,Al Nahda Second
CNT2131499414,2025-09-10,69000,1,Al Qusais
CNT2130768305,2025-05-04,15000,Office,Al Muteena
CNT2134294877,2026-01-01,127050,Shop,Naif
CNT2131163552,2025-07-01,45000,1,Al Satwa
CNT2133699900,2025-12-05,30000,Studio,Al Dhagaya
CNT2131284889,2025-06-12,15000,Office,Al Barsha First
CNT2130524322,2025-04-16,17000,Office,Saih Shuaib 2
CNT2131288573,2025-06-12,15000,Office,Port Saeed
CNT2130016237,2025-01-01,78000,Office,Port Saeed
CNT2130552716,2025-06-02,87000,2,Mankhool
CNT2133736653,2025-10-31,39270,Studio,Um Hurair First
CNT2132487872,2025-09-28,24862,Studio,Muhaisanah Fourth
CNT2131658737,2025-07-05,45000,1,Al Hamriya
CNT2132019483,2025-07-28,15000,Office,Al Nahda Second
CNT2130846347,2025-04-25,148302,Office,Business Bay
CNT2132536778,2025-09-23,30188,Studio,Al Goze Industrial Second
CNT2130242546,2025-03-21,15000,Office,Trade Center Second
CRT2131032276,2025-08-18,103150,1,Al Barsha South Fifth
CNT2133635382,2025-11-26,36000,Office,Hor Al Anz East
CRT2133097306,2025-11-01,52000,Studio,Al Merkadh
CRT2133683476,2025-12-05,92000,1,Marsa Dubai
CNT2134055571,2025-12-28,36750,Studio,Jabal Ali First
CRT2128503786,2025-01-19,150000,2,Marsa Dubai
CNT2130628581,2025-04-23,20000,Office,Al Khabeesi
CNT2130379066,2025-05-14,19000,Studio,Muhaisanah Fourth
CNT2132846829,2025-10-08,62500,2,Ras Al Khor Industrial Third
CNT2128820125,2025-01-31,42000,2,Al Qusais Industrial Fourth
CRT2130949452,2025-05-15,165000,2,Al Khairan First
CNT2133702180,2025-12-30,40000,1,Al Qusais Industrial Fifth
CNT2134102150,2026-01-01,51975,Office,Nad Al Hamar
CNT2130902508,2025-05-14,20000,Office,Naif
CNT2131928911,2025-06-01,40000,Studio,Eyal Nasser
CNT2133946007,2025-12-22,15000,Office,Al Murqabat
CNT2132746802,2025-06-15,90000,3,Al Bada
CNT2130064720,2025-02-15,32550,1,Al Warqa First
CRT2133525656,2025-11-22,165000,2,Al Merkadh
CNT2132192725,2025-08-01,36000,Studio,Dubai Investment Park First
CNT2133749645,2025-12-01,168960,Labor camp,Dubai Investment Park Second
CNT2133704348,2025-07-01,60000,3,Hor Al Anz East
CNT2130403743,2025-04-07,20000,Office,Hor Al Anz
CNT2130049701,2025-03-06,15000,Office,Al Goze Third
CNT2131694074,2025-07-03,16000,Office,Business Bay
CNT2130836828,2025-01-20,33000,Studio,Nad Hessa
CNT2132155298,2025-08-01,145000,Warehouse,Al Goze Industrial Fourth
CNT2130363450,2025-04-01,24000,Studio,Al Warsan First
CNT2132815148,2025-09-29,20000,Office,Dubai Investment Park First
CRT2131066626,2025-06-01,52000,1,Madinat Al Mataar
CNT2133078616,2025-08-01,75000,2,Mankhool
CNT2127827598,2025-01-13,100000,1,Al Barsha South Fourth
CNT2132235743,2025-08-01,42000,Studio,Al Barsha South Fourth
CNT2131015351,2025-06-01,115000,2,Al Thanyah Fifth
CNT2132635721,2025-09-01,74792,Studio,Al Barsha South Fifth
CNT2127420607,2025-01-31,43050,Studio,Jabal Ali First
CNT2130177513,2025-02-01,52000,Shop,Al Mararr
CNT2130044947,2025-01-01,123314,Warehouse,Al Goze Industrial Fourth
CNT2130375466,2025-04-04,15000,Office,Al Khabeesi
CNT2132974963,2025-11-20,72492,1,Jabal Ali First
CNT2130802777,2025-05-02,80000,2,Um Ramool
CNT2126406658,2025-01-01,32000,2,Muhaisanah Fourth
CNT2131754697,2025-07-08,10000,Office,Al Twar Fifth
CNT2128320605,2025-01-21,20000,Office,Al Thanyah First
CNT2128812550,2025-01-30,15000,Office,Hor Al Anz East
CNT2133879889,2025-12-22,59000,2,Al Qusais Industrial Fifth
CNT2130761707,2025-05-01,72450,2,Oud Metha
CRT2129875756,2025-02-22,105000,1,Marsa Dubai
CNT2132582927,2025-06-10,36000,1,Al Warsan First
CNT2132754911,2026-01-01,79000,3,Al Qusais
CNT2129266755,2025-01-01,70000,1,Al Thanyah First
CNT2134212805,2026-01-15,52000,Studio,Al Barsha South Fourth
CRT2133138776,2025-10-20,53000,Studio,Al Merkadh
CNT2130729777,2025-05-17,60950,3,Al Karama
CNT2132528313,2025-09-06,22000,Studio,Al Mararr
CNT2130158497,2025-01-15,66000,2,Al Karama
CRT2134100395,2026-01-15,85000,1,Al Merkadh
CNT2130768897,2025-05-03,24000,Studio,Al Baraha
CNT2132207826,2025-08-20,72000,2,Me'Aisem First
CNT2133685700,2025-11-08,75000,1,Al Barsha South Fourth
CNT2130585197,2025-02-25,57750,1,Al Satwa
CNT2132933822,2025-11-05,97000,2,Trade Center Second
CRT2132336716,2025-08-16,30000,Office,Business Bay
CNT2133472272,2025-11-05,70000,1,Mirdif
CNT2131170268,2025-06-05,53000,1,Al Nahda Second
CNT2131371476,2025-06-17,33880,Studio,Dubai Investment Park Second
CNT2129930793,2025-03-20,75000,3,Al Qusais
CRT2131141211,2025-05-25,80000,1,Al Merkadh
CRT2132138976,2025-08-01,175000,3,Al Hebiah Third
CNT2131047196,2025-06-20,23000,Office,Naif
CNT2128440698,2025-01-18,63888,1,Al Barsha First
CNT2132934798,2025-10-15,88000,1,Nad Hessa
CNT2132453380,2025-09-01,39930,1,Jabal Ali Industrial First
CNT2133295583,2025-11-03,16000,Office,Business Bay
CNT2127810334,2025-02-10,36000,1,Al Warsan First
CNT2133488148,2025-11-15,183841,3,Um Suqaim First
CNT2132298254,2025-08-19,15000,Office,Muhaisanah Fourth
CNT2131763892,2025-07-10,50000,1,Trade Center Second
CNT2131674769,2025-07-02,15000,Office,Al Goze Industrial First
CRT2131850602,2025-08-01,85000,2,Madinat Al Mataar
CNT2134333417,2026-01-21,89000,2,Al Barsha South Third
CNT2130360444,2025-04-01,27300,Studio,Al Mararr
CRT2129267666,2025-02-10,60000,Hotel,Madinat Hind 4
CNT2134005992,2025-12-12,110000,3,Al Karama
CNT2129872311,2025-03-01,63000,Office,Business Bay
CNT2130120067,2025-03-11,10000,Shop,Hor Al Anz
CNT2128535318,2025-02-13,73000,1,Al Merkadh
CNT2133927530,2025-03-01,34000,1,Al Nahda Second
CNT2130050651,2025-03-23,40950,1,Al Goze Industrial Second
CNT2128288348,2025-01-20,15000,Office,Al Nahda First
CRT2127793366,2025-01-11,130000,Studio,Burj Khalifa
CNT2134325993,2026-01-25,75516,2,Al Hamriya
CNT2129125033,2025-01-15,110000,3,Mirdif
CNT2130020084,2025-03-15,65000,2,Al Suq Al Kabeer
CNT2128045722,2025-01-15,15000,Office,Al Muteena
CNT2132548835,2025-09-29,62000,2,Ras Al Khor Industrial Third
CNT2129930373,2025-03-10,50400,2,Al Nahda First
CNT2134332150,2026-01-12,59500,Shop,Al Suq Al Kabeer
CNT2132767499,2025-09-06,67000,2,Al Nahda First
CNT2130470152,2025-04-11,20000,Office,Hor Al Anz
CNT2132969557,2025-10-15,44000,Studio,Mankhool
CNT2133249625,2025-09-04,98000,Warehouse,Ras Al Khor Industrial Second
CNT2133324544,2025-10-25,39970,Studio,Al Mamzer
CNT2130048440,2025-02-26,50820,1,Jabal Ali First
CNT2132591865,2025-09-10,33000,Studio,Al Warsan First
CNT2133494756,2025-11-12,47300,1,Wadi Al Safa 5
CNT2132942008,2025-10-06,90000,2,Dubai Investment Park First
CNT2132614528,2025-08-01,52500,2,Al Nahda Second
CNT2132559850,2025-09-09,20000,Office,Ras Al Khor Industrial Second
CRT2129913136,2025-02-01,51000,Shop,Naif
CNT2127755152,2025-02-10,32078,Studio,Jabal Ali First
CNT2133317481,2025-11-05,20000,Office,Al Hudaiba
CNT2129844294,2025-02-01,63000,2,Mankhool
CNT2130893881,2025-05-02,52000,Studio,Jabal Ali First
CNT2132422570,2025-08-20,51650,1,Oud Metha
CNT2131302771,2025-06-13,35000,Studio,Al Nahda First
CNT2133750312,2026-01-01,37000,1,Al Raffa
CNT2130115663,2025-03-11,15000,Office,Trade Center Second
CNT2132906216,2025-10-15,105000,2,Al Barsha First
CNT2133628390,2025-11-08,65000,1,Al Barsha South Third
CNT2132039774,2025-08-05,70000,3,Al Qusais
CNT2128109381,2025-01-06,25667,3,Mirdif
CNT2130182902,2025-02-20,63000,Office,Hor Al Anz East
CRT2129361486,2025-01-16,140000,3,Al Yelayiss 2
CNT2129981518,2025-03-01,40000,Office,Dubai International Airport
CNT2130824571,2025-05-04,10000,Office,Port Saeed
CNT2133181634,2025-10-29,135000,1,Burj Khalifa
CNT2129605841,2025-02-13,27500,Office,Muhaisanah Fourth
CRT2131551646,2025-05-05,68000,Studio,Burj Khalifa
CRT2130466356,2025-04-12,90000,Office,Al Thanyah Fifth
CNT2130938085,2025-05-20,93000,Shop,Um Hurair First
CNT2133919474,2026-01-01,31500,1,Naif
CRT2132316906,2025-09-01,170000,3,Jabal Ali First
CNT2129266748,2025-02-18,40000,1,Al Khabeesi
CRT2132121326,2025-08-01,90000,Office,Al Murqabat
CNT2131332970,2025-07-06,122000,1,Marsa Dubai
CNT2132689547,2025-09-18,15000,Office,Al Mararr
CRT2128535016,2025-02-01,160001,3,Marsa Dubai
CNT2132753524,2025-09-01,52150,1,Al Barsha South Third
CNT2133283074,2025-11-06,51000,1,Madinat Al Mataar
CNT2130446639,2025-04-10,15000,Office,Al Goze Industrial First
CNT2130728388,2025-04-15,42000,Office,Al Dhagaya
CRT2131801336,2025-01-25,85000,2,Al Hebiah Fourth
CNT2132664031,2025-09-20,70000,Office,Al Qusais
CNT2133578380,2025-11-16,67000,2,Al Suq Al Kabeer
CNT2132590333,2025-09-16,130000,3,Al Satwa
CNT2130431289,2025-04-09,15000,Office,Business Bay
CNT2129192758,2025-01-23,21600,Room in labor camp,Muhaisanah Second
CNT2132475971,2025-09-04,94200,Office,Al Thanyah Fifth
CNT2131000842,2025-06-21,90000,2,Mankhool
CNT2128119891,2025-02-01,34914,Studio,Al Barsha South Third
CNT2129816759,2025-02-18,15000,Office,Hor Al Anz
CNT2134097089,2026-01-01,63250,2,Al Hamriya
CRT2133604946,2025-11-26,130000,1,Jumeirah First
CNT2133576859,2025-11-02,70000,1,Al Merkadh
CNT2132642520,2025-09-18,115000,3,Madinat Hind 4
CNT2130359350,2025-04-01,40000,1,Al Nahda Second
CRT2129451496,2025-02-01,110000,2,Al Thanyah Fourth
CNT2133454664,2025-11-20,32000,2,Al Qusais
CNT2132129724,2025-08-05,15000,Office,Mankhool
CNT2126043007,2025-01-22,34000,Studio,Al Hamriya
CRT2131044186,2025-05-24,50000,Studio,Al Hebiah Fourth
CNT2127378660,2025-01-01,92610,2,Trade Center First
CNT2134278595,2026-01-16,20000,Office,Naif
CNT2133234548,2025-11-12,63500,2,Al Qusais
CNT2132372298,2025-08-16,41000,1,Al Warqa First
CRT2132400636,2025-08-26,64000,Studio,Jabal Ali First
CNT2133323257,2025-03-01,126788,Restaurant,Al Garhoud
CRT2131880276,2025-03-12,72000,2,Al Goze Fourth
CNT2130997867,2025-05-20,21000,Office,Dubai Investment Park First
CRT2132126826,2025-08-02,75000,1,Hadaeq Sheikh Mohammed Bin Rashid
CNT2131226241,2025-06-20,70000,Office,Business Bay
CRT2131232066,2025-03-25,125000,3,Madinat Hind 4
CRT2128730716,2025-02-03,135000,2,Marsa Dubai
CNT2133549427,2025-11-22,46500,Studio,Al Murqabat
CRT2133995006,2025-12-26,110000,Office,Nad Hessa
CNT2130174597,2025-03-18,55440,2,Al Goze Industrial Second
CNT2133155173,2025-10-23,27000,Studio,Al Mararr
CNT2132823324,2025-10-01,55000,1,Madinat Al Mataar
CRT2130766296,2025-05-10,104000,1,Marsa Dubai
CNT2133669710,2025-11-20,53550,1,Mirdif
CNT2130706630,2025-04-29,165000,2,Marsa Dubai
CNT2132402900,2025-08-27,15000,Office,Dubai Investment Park Second
CRT2132303706,2025-08-23,70000,1,Al Yelayiss 2
CNT2130601710,2025-04-17,86400,Room in labor camp,Muhaisanah Second
CNT2133012319,2025-09-01,65000,3,Al Nahda Second
CNT2129992465,2025-02-15,47916,1,Nad Hessa
CRT2127986986,2025-01-25,135000,2,Hadaeq Sheikh Mohammed Bin Rashid
CNT2130315816,2025-03-27,15000,Office,Trade Center First
CNT2130423098,2025-04-10,29000,Studio,Al Warsan First
CRT2131051856,2025-03-20,62000,Shop,Al Mararr
CNT2133868699,2026-02-01,35000,1,Al Nahda Second
CNT2131085829,2025-05-25,75000,1,Al Merkadh
CNT2130177867,2025-03-17,10000,Office,Al Mizhar First
CNT2130422479,2025-04-08,20000,Office,Saih Shuaib 2
CNT2134133607,2026-02-01,82000,Shop,Al Karama
CNT2133884075,2025-09-22,16000,Office,Business Bay
CNT2127298532,2025-01-12,79998,2,Al Murqabat
CRT2134037586,2026-01-01,59839,Studio,Al Barsha South Fourth
CNT2130698116,2025-04-29,15000,Office,Al Khabeesi
CNT2133613347,2025-12-01,57750,1,Hor Al Anz
CNT2133016123,2025-10-07,39500,1,Al Hamriya
CNT2130756243,2025-05-05,45000,Studio,Al Jadaf
CRT2131424450,2025-07-07,180000,3,Al Barsha South Fourth
CNT2132816897,2025-10-01,49000,1,Al Nahda Second
CNT2126722382,2025-01-05,20000,Office,Al Thanyah Fifth
CNT2132751044,2025-10-21,67490,2,Jabal Ali First
CNT2133584517,2025-11-27,85000,2,Al Murqabat
CNT2132481087,2025-09-02,15000,Office,Abu Hail
CRT2128825186,2025-03-01,78985,1,Al Khairan First
CNT2130953725,2025-03-25,57500,2,Al Nahda Second
CNT2128535330,2025-01-01,114082,Shop with a mezzanine,Al Buteen
CNT2132402675,2025-09-01,85000,2,Mankhool
CNT2132691041,2025-09-22,180000,Office,Business Bay
CNT2132952705,2025-10-10,45000,1,Al Nahda First
CNT2128133898,2025-01-18,23000,Office,Naif
CNT2132381094,2025-08-30,80000,1,Hadaeq Sheikh Mohammed Bin Rashid
CNT2132527479,2025-09-06,15000,Office,Al Khabeesi
CRT2132614087,2025-09-14,110000,1,Burj Khalifa
CNT2132737438,2025-09-23,30000,Office,Burj Khalifa
CNT2133334927,2025-11-05,20000,Office,Al Khabeesi
CNT2131567957,2025-07-15,68200,2,Al Karama
CNT2130409073,2025-02-03,71500,2,Nad Hessa
CNT2128430060,2025-01-22,15000,Office,Al Baraha
CNT2132983155,2025-10-10,45000,Office,Dubai Investment Park First
CNT2132295355,2025-08-25,28000,Office,Al Mararr
CNT2132389951,2025-09-01,30000,Studio,Hor Al Anz
CNT2132404414,2025-09-01,116000,3,Oud Metha
CNT2131952572,2025-08-01,70560,2,Port Saeed
CNT2126124155,2025-01-10,99000,2,Al Barsha First
CNT2132219887,2025-08-11,28000,Studio,Al Warsan First
CNT2133226120,2025-10-29,15000,Shop,Abu Hail
CNT2133568921,2025-12-01,50000,Office,Port Saeed
CNT2134185837,2026-02-01,21600,Studio,Al Goze Fourth
CNT2127789837,2025-01-10,15000,Office,Burj Khalifa
CNT2133541299,2025-11-01,39325,Studio,Oud Metha
CRT2132879154,2025-10-10,147000,3,Al Hebiah Third
CNT2130752110,2025-05-01,50000,1,Business Bay
CNT2130924768,2025-05-15,20000,Office,Hor Al Anz
CNT2130443185,2025-04-17,40000,1,Al Qusais Industrial Fifth
CRT2129833696,2025-02-21,153000,2,Al Khairan First
CNT2132109373,2025-08-04,20000,Studio,Al Mararr
CNT2131791946,2025-07-04,59000,Office,Mankhool
CNT2132721944,2025-10-01,45000,Studio,Nad Hessa
CNT2131966758,2025-01-16,45540,2,Al Nahda Second
CRT2131502366,2025-04-02,44000,Shop,Al Karama
CNT2134129402,2026-01-01,70000,1,Al Karama
CNT2128296060,2025-02-05,70000,2,Al Hamriya
CNT2128522981,2025-01-01,135000,Warehouse,Al Qusais Industrial Third
CNT2130526509,2025-04-26,45980,2,Al Warsan First
CNT2132955478,2025-10-08,19000,Office,Al Mararr
CNT2130299509,2025-01-11,26000,Studio,Al Warsan First
CNT2132135407,2025-08-15,55550,2,Al Qusais
CNT2130324060,2025-03-28,16000,Office,Al Garhoud
CNT2132793961,2025-06-30,58000,1,Nad Hessa
CNT2133266951,2025-11-01,50500,2,Al Qusais Industrial Fifth
CNT2132913436,2025-10-06,56000,Studio,Al Barsha South Fourth
CNT2133763046,2026-01-06,52000,1,Madinat Al Mataar
CNT2131985614,2025-07-01,105600,Room in labor camp,Jabal Ali Industrial First
CNT2133261958,2025-11-01,50200,1,Al Nahda First
CNT2130494658,2025-04-16,78000,1,Al Thanyah First
CNT2130899507,2025-04-15,146587,Warehouse,Al Goze Third
CNT2130749150,2025-04-04,67921,Shop,Al Warsan First
CNT2128824209,2025-01-31,127397,Shop,Dubai International Airport
CNT2131181796,2025-06-01,131250,2,Business Bay
CNT2129438054,2025-02-05,50000,Studio,Business Bay
CNT2133459651,2025-11-01,66000,1,Al Barsha South Third
CNT2128489257,2025-01-28,63000,1,Nad Hessa
CNT2133313138,2025-11-04,20000,Office,Al Khabeesi
CNT2129888064,2025-03-05,37824,Shop,Al Warsan First
CNT2133292049,2025-11-03,50000,1,Marsa Dubai
CNT2132247546,2025-08-10,44000,2,Nad Hessa
CNT2133872961,2025-07-01,53000,1,Warsan Fourth
CNT2134308761,2026-01-20,57000,Office,Trade Center First
CNT2132904976,2025-10-20,68000,2,Nad Hessa
CNT2128549291,2025-02-01,160000,1,Palm Jumeirah
CNT2133540976,2025-11-15,60900,1,Mankhool
CNT2133753027,2025-07-15,43700,1,Al Muteena
CNT2127379691,2025-01-03,10000,Office,Al Mararr
CNT2133442110,2025-11-11,20000,Office,Al Baraha
CNT2132443404,2025-09-01,31000,Studio,Um Hurair First
CNT2131839636,2025-07-15,20000,Office,Jabal Ali Industrial First
CNT2131394212,2025-06-19,20000,Office,Burj Khalifa
CRT2133396416,2025-11-10,55000,1,Al Hebiah Third
CRT2132126296,2025-05-15,68000,Shop,Al Dhagaya
CNT2132909520,2025-10-06,10000,Office,Abu Hail
CNT2132246017,2025-08-01,40000,Shop,Al Suq Al Kabeer
CNT2128826989,2025-01-31,15000,Office,Hor Al Anz
CNT2133080676,2025-10-20,17000,Office,Al Mararr
CNT2130547733,2025-04-17,17000,Office,Business Bay
CNT2130660403,2025-01-20,60000,1,Al Saffa First
CRT2133701546,2025-12-10,20000,Studio,Hor Al Anz
CRT2132787416,2025-09-29,66000,Studio,Business Bay
CNT2133575789,2025-12-15,82000,2,Mankhool
CNT2131359551,2025-05-10,31900,1,Al Warsan First
CNT2132129955,2025-08-05,20000,Office,Port Saeed
CNT2132473233,2025-08-10,90000,Office,Al Murqabat
CRT2128522706,2025-02-09,105000,Office,Al Thanyah Fifth
CNT2134334976,2026-01-25,45000,2,Al Qusais Industrial Fifth
CNT2132747692,2025-09-23,20000,Office,Dubai Investment Park Second
CNT2130466674,2025-04-01,69878,2,Al Jadaf
CNT2132130420,2025-08-05,80000,2,Wadi Al Safa 3
CRT2131364516,2025-04-17,123000,2,Al Kifaf
CNT2131769572,2025-07-09,15000,Office,Al Muteena
CNT2129955914,2025-02-27,15000,Office,Hor Al Anz
CNT2134192742,2026-01-01,60000,1,Al Karama
CNT2131164401,2025-06-02,15000,Office,Business Bay
CNT2129725063,2025-02-17,44000,Studio,Nad Hessa
CNT2133530185,2025-11-18,20000,Office,Trade Center First
CRT2131560006,2025-07-01,70000,1,Wadi Al Safa 2
CRT2132705846,2025-10-15,83490,Office,Business Bay
CNT2131310331,2025-06-25,42000,Hotel,Jabal Ali First
CNT2132911782,2025-08-01,36000,Room in labor camp,Al Goze Industrial Second
CNT2130698006,2025-03-20,73000,2,Al Rega
CNT2132140992,2025-08-05,36000,1,Al Warsan First
CNT2134293684,2026-01-01,45000,Studio,Al Muteena
CNT2133152249,2025-12-01,75000,1,Al Hebiah Second
CNT2130182476,2025-02-28,152008,Studio,Al Dhagaya
CNT2132420261,2025-08-25,59000,2,Al Nahda First
CNT2132525164,2025-09-05,54000,Studio,Al Merkadh
CNT2132382890,2025-08-26,20000,Office,Al Murqabat
CRT2130130076,2025-01-01,116959,Store cooled,Ras Al Khor Industrial Third
CNT2130762003,2025-05-01,70000,1,Al Barsha South Fourth
CNT2132864656,2025-10-07,96308,2,Bukadra
CNT2128464713,2025-02-01,165000,1,Al Thanyah Third
CNT2128925591,2025-02-01,15000,Office,Dubai Investment Park First
CNT2133403534,2025-09-01,55000,1,Al Garhoud
CNT2128729994,2025-01-29,20000,Office,Business Bay
CNT2130325163,2025-03-10,32403,Studio,Nad Hessa
CNT2133247503,2025-10-30,15000,Office,Al Khabeesi
CRT2130355363,2025-05-01,100000,1,Jabal Ali First
CNT2128536604,2025-02-03,41580,1,Al Goze Industrial Second
CNT2131565713,2025-07-15,47000,2,Mirdif
CNT2131893599,2025-07-20,54000,Room in labor camp,Muhaisanah Second
CNT2133844452,2025-12-12,20000,Office,Hor Al Anz
CNT2133100330,2025-10-20,15000,Office,Al Khabeesi
CRT2129915086,2025-03-02,136800,Office,Al Thanyah Fifth
CRT2130920376,2025-02-04,90000,1,Al Barsha South Third
CNT2134192482,2025-03-04,100000,Office,Al Khabeesi
CNT2132560900,2025-09-09,20000,Office,Ras Al Khor Industrial Second
CNT2132773515,2025-11-01,49000,2,Al Qusais
CNT2131557944,2025-06-25,42000,Studio,Hor Al Anz East
CNT2133028484,2025-10-01,54451,2,Al Warqa First
CNT2130123569,2025-03-12,15000,Office,Al Nahda First
CNT2130071463,2025-03-07,22000,Studio,Al Mararr
CNT2131754178,2025-07-20,49500,2,Al Nahda Second
CNT2132599735,2025-09-14,75000,1,Al Goze Fourth
CNT2126865337,2025-01-01,42250,Shop,Naif
CNT2130920266,2025-05-15,20000,Office,Al Khabeesi
CNT2130177035,2025-03-01,72000,Office,Naif
CNT2130811553,2025-04-20,42000,2,Al Qusais
CNT2133796740,2025-10-24,31028,Studio,Al Hebiah First
CNT2131000089,2025-05-25,50000,2,Al Twar Fifth
CNT2128310183,2025-01-01,169785,5,Al Garhoud
CNT2130809634,2025-06-06,65048,2,Mirdif
CNT2130393758,2025-03-15,52000,Shop,Eyal Nasser
CNT2131154560,2025-06-01,168000,2,Al Barsha South Fifth
CNT2131332292,2025-05-25,87780,Shop,Al Buteen
CNT2129437674,2025-02-15,51500,2,Al Warsan First
CNT2130963783,2025-02-20,73054,2,Nad Hessa
CRT2133584009,2025-11-17,89250,1,Marsa Dubai
CRT2133515306,2025-11-17,75000,1,Al Merkadh
CNT2129885250,2025-03-01,146685,1,Burj Khalifa
CNT2133564259,2025-11-20,19000,Office,Naif
CNT2131991015,2025-05-01,127050,2,Al Safouh Second
CNT2131954379,2025-07-01,89000,2,Al Murqabat
CNT2125807008,2025-02-01,75500,2,Madinat Dubai Almelaheyah
CRT2130074016,2025-03-07,15000,Studio,Hor Al Anz
CNT2133074324,2025-10-15,102857,4,Hor Al Anz
CNT2130911099,2025-05-01,93000,3,Al Nahda First
CNT2131848966,2025-06-01,40000,Shop,Al Mararr
CRT2128809166,2025-01-06,135000,1,Palm Jumeirah
CNT2129697229,2025-02-14,20000,Office,Saih Shuaib 2
CNT2131253233,2025-01-19,65000,2,Al Hudaiba
CRT2133034016,2025-10-20,110000,2,Al Thanyah Fifth
CNT2130248930,2025-03-22,77000,2,Al Hamriya
CNT2133674337,2025-11-28,20000,Office,Saih Shuaib 2
CNT2133735274,2025-09-16,78000,Room in labor camp,Al Goze Industrial Second
CNT2133824911,2025-07-01,25000,Studio,Al Mararr
CNT2134189136,2025-11-30,66000,2,Al Barsha South Fourth
CNT2133512463,2026-01-04,53361,1,Mirdif
CNT2132161654,2025-08-01,56000,Studio,Al Barsha South Fourth
CRT2133008706,2025-10-15,59000,Studio,Al Barsha South Fourth
CNT2129444991,2025-02-05,67260,Office,Dubai Investment Park First
CNT2134218129,2026-01-15,22000,Studio,Al Baraha
CNT2131268687,2025-07-15,29715,Room in labor camp,Saih Shuaib 2
CNT2128701269,2025-02-01,105000,Office,Al Rega
CNT2130075309,2025-03-07,15000,Office,Business Bay
CNT2132369028,2025-08-12,15000,Office,Al Twar Fifth
CRT2132492856,2025-09-02,60000,1,Al Yelayiss 2
CRT2131347186,2025-06-25,38000,Studio,Wadi Al Safa 7
CNT2134200608,2026-01-05,20790,Room in labor camp,Al Goze Industrial Fourth
CNT2130653479,2025-04-11,60375,2,Mirdif
CNT2130197914,2025-03-18,15000,Office,Al Khabeesi
CNT2133442430,2025-11-16,62500,1,Dubai Investment Park First
CRT2131824016,2025-05-13,125000,1,Burj Khalifa
CNT2131192722,2025-06-01,28400,Studio,Me'Aisem First
CNT2132668896,2025-10-15,72450,3,Muhaisanah Fourth
CRT2131750156,2025-07-10,42000,Studio,Al Hebiah Fourth
CNT2134183941,2026-01-10,20000,Office,Al Mararr
CNT2129053397,2025-02-25,26250,Studio,Naif
CNT2129438765,2025-02-11,15000,Office,Business Bay
CNT2130443873,2025-04-10,72413,2,Al Jadaf
CNT2130628776,2025-05-30,35000,1,Al Baraha
CNT2132798897,2025-10-01,61000,1,Nad Hessa
CNT2131721104,2025-07-01,74000,1,Jabal Ali First
CNT2131883301,2025-07-19,40000,Studio,Al Hebiah Third
CNT2131651035,2025-06-25,21000,Office,Wadi Al Safa 5
CNT2132036540,2025-07-29,15000,Office,Al Khabeesi
CNT2130220373,2025-03-19,15000,Office,Trade Center First
CNT2131582356,2025-06-30,12000,Office,Al Qusais Industrial Fourth
CNT2130117938,2025-02-01,39900,1,Hor Al Anz
CNT2131783335,2025-07-15,50000,Office,Ras Al Khor Industrial Third
CRT2130281786,2025-04-01,40000,Shop,Hor Al Anz
CNT2129025479,2025-02-07,63000,1,Nad Hessa
CRT2133866436,2025-12-15,185000,3,Al Khairan First
CNT2130259379,2025-03-05,27000,1,Hor Al Anz
CNT2133716643,2025-12-30,40000,Studio,Nad Hessa
CNT2132375160,2025-08-25,15000,Office,Al Khabeesi
CNT2133576680,2025-11-21,15000,Office,Al Muteena
CNT2125625785,2025-01-01,39000,Office,Al Qusais Industrial Second
CNT2129872964,2025-02-13,36749,2,Muhaisanah Fourth
CNT2132951871,2025-10-08,15000,Office,Business Bay
CNT2132088174,2025-07-27,70000,1,Al Barsha South Fourth
CRT2133817256,2026-01-01,100000,Shop,Ras Al Khor Industrial First
CNT2133853771,2025-12-10,47000,Studio,Al Jadaf
CNT2130744687,2025-02-01,90000,Warehouse,Ras Al Khor Industrial Second
CNT2131941559,2025-07-05,65000,1,Al Karama
CNT2131276555,2025-04-01,49976,1,Nad Hessa
CNT2127642110,2025-01-26,85000,2,Jabal Ali First
CNT2132378717,2025-08-25,26000,Office,Al Goze First
CNT2130412419,2025-02-27,41800,1,Jabal Ali First
CNT2131136053,2025-05-30,28000,Office,Al Goze Industrial Third
CNT2130240747,2025-03-03,46200,1,Muhaisanah Fourth
CNT2132180107,2025-09-05,71000,2,Al Nahda First
CNT2132365811,2025-08-20,83000,2,Al Mamzer
CNT2133639201,2025-12-01,174570,Office,Oud Metha
CNT2132619639,2025-09-10,48000,Studio,Jabal Ali First
CNT2130805061,2025-04-01,27600,Room in labor camp,Al Goze Industrial Fourth
CNT2131036249,2025-06-22,120000,3,Al Karama
CNT2132354293,2025-08-23,40046,Studio,Hor Al Anz
CNT2132015497,2025-07-21,165000,Factory,Al Goze Industrial Second
CNT2132360662,2025-08-28,85000,2,Nad Hessa
CNT2128298308,2025-03-20,90000,2,Al Jadaf
CNT2131549009,2025-07-01,49000,1,Al Safouh First
CNT2132638438,2025-09-15,18000,Office,Port Saeed
CRT2130200596,2025-03-18,44000,1,Al Barsha South Fourth
CNT2130695544,2025-03-30,98868,Warehouse,Ras Al Khor Industrial First
CNT2131026143,2025-05-10,50000,1,Al Buteen
CNT2130012047,2025-04-01,62000,1,Al Hebiah First
CNT2133054614,2025-10-15,20000,Studio,Al Baraha
CNT2130701342,2025-05-03,63525,2,Al Mamzer
CNT2133691142,2025-12-01,30000,Office,Al Garhoud
CNT2131410248,2025-05-26,25000,Studio,Al Mararr
CNT2133894537,2025-12-18,40000,1,Al Warsan First
CRT2133054398,2025-08-21,63360,1,Al Thanyah Third
CNT2129652670,2025-01-31,27830,Studio,Warsan Fourth
CNT2132299998,2025-08-06,30000,Office,Al Suq Al Kabeer
CNT2133699381,2025-12-03,15000,Office,Al Barsha First
CRT2131489306,2025-06-20,70000,2,Me'Aisem First
CNT2133338114,2025-04-01,73053,2,Al Murqabat
CNT2128805823,2025-01-29,35000,Office,Dubai International Airport
CNT2131801903,2025-07-11,10000,Office,Al Mararr
CNT2130354240,2025-04-14,60500,1,Al Barsha South Fourth
CNT2133620097,2025-11-03,105200,Shop,Al Warsan First
CNT2128512210,2025-01-01,70000,Shop,Al Hamriya
CNT2133423489,2025-11-15,62000,1,Dubai Investment Park First
CNT2132902638,2025-11-01,54338,1,Al Satwa
CNT2134136517,2026-01-07,10000,Office,Al Raffa
CNT2133608920,2026-01-25,29880,Room in labor camp,Saih Shuaib 2
CNT2133588432,2025-10-15,130000,2,Al Thanyah First
CNT2131008277,2025-05-21,15000,Office,Business Bay
CNT2129919552,2025-02-18,47000,2,Al Qusais Industrial Fifth
CNT2133453549,2025-11-01,105000,3,Al Nahda First
CRT2133559646,2025-11-20,135000,1,Burj Khalifa
CNT2132154351,2025-08-07,15000,Office,Al Murqabat
CNT2132016067,2025-05-05,43890,2,Ras Al Khor Industrial Third
CNT2132841160,2025-10-13,69000,2,Al Karama
CNT2133312576,2025-11-04,15000,Office,Al Khabeesi
CNT2130678329,2025-05-11,88000,1,Hadaeq Sheikh Mohammed Bin Rashid
CRT2130863106,2025-05-15,75000,1,Al Hebiah Third
CNT2127262879,2025-01-01,82000,2,Al Hamriya
CNT2130118576,2025-03-21,65000,2,Al Nahda First
CNT2130755137,2025-05-30,60900,2,Mirdif
CRT2128944756,2025-02-01,38000,Studio,Wadi Al Safa 7
CRT2129457266,2025-02-11,50000,1,Al Barsha South Fourth
CNT2131332831,2025-06-16,15000,Office,Port Saeed
CNT2134305026,2026-01-01,60000,2,Al Karama
CNT2132824946,2025-09-28,40848,Studio,Jabal Ali First
CRT2130004716,2025-03-06,82000,1,Al Jadaf
CRT2129952106,2025-03-01,115000,2,Al Barsha South Third
CNT2130842048,2025-05-10,57500,1,Me'Aisem First
CNT2131532706,2025-06-29,38000,Studio,Al Suq Al Kabeer
CNT2130364291,2025-04-01,51486,1,Al Barsha South Fourth
CNT2132506911,2025-09-05,56650,2,Al Qusais
CNT2126667260,2025-01-01,70000,Studio,Burj Khalifa
CNT2133312404,2025-11-01,58000,Office,Trade Center First
CRT2133085526,2025-10-27,170000,3,Al Yelayiss 1
CRT2131674536,2025-03-22,115000,2,Al Barsha South Fourth
CNT2131523000,2025-07-01,60000,Office,Al Suq Al Kabeer
CNT2131991901,2025-09-01,63000,1,Al Barsha South Third
CRT2134231896,2026-01-20,50000,1,Al Raffa
CNT2128970479,2025-02-10,21000,Office,Al Mararr
CNT2132671189,2025-09-16,58800,2,Wadi Al Safa 5
CNT2130506505,2025-05-01,15000,Office,Trade Center Second
CNT2130236139,2025-03-20,15000,Office,Business Bay
CNT2133878217,2025-08-15,69000,1,Al Thanyah First
CNT2133895655,2025-12-17,15000,Office,Al Suq Al Kabeer
CNT2130562591,2025-03-01,69300,Shop,Al Goze Industrial Third
CNT2132084525,2025-08-15,90000,2,Saih Shuaib 2
CNT2126792705,2025-02-01,40000,1,Wadi Al Safa 5
CRT2133593846,2025-11-22,140000,3,Al Yelayiss 2
CNT2131513983,2025-06-24,15000,Office,Al Mararr
CRT2129871656,2025-02-21,50000,Studio,Al Hebiah First
CNT2128964043,2025-02-03,15000,Office,Hor Al Anz
CNT2131493977,2025-06-15,27000,Office,Al Mararr
CNT2133941977,2025-12-29,54000,Studio,Al Goze Industrial Second
CNT2131067135,2025-05-26,15000,Office,Al Karama
CNT2133729361,2025-12-06,80000,1,Al Hebiah Third
CNT2131314483,2025-06-14,15000,Office,Hor Al Anz
CNT2132051761,2025-08-01,48000,Studio,Al Suq Al Kabeer
CNT2133518617,2025-11-18,89500,Warehouse,Jabal Ali Industrial First
CNT2134308219,2026-01-19,15000,Office,Al Khabeesi
CNT2133564459,2025-11-20,15000,Office,Naif
CNT2130039215,2025-03-05,64009,1,Al Thanyah Third
CRT2132717526,2025-09-25,45000,1,Madinat Al Mataar
CNT2129191805,2025-02-15,57000,1,Al Nahda Second
CNT2130635979,2025-05-01,68970,1,Business Bay
CNT2132539958,2025-09-08,15000,Office,Al Mararr
CNT2128312681,2025-01-21,20000,Office,Hor Al Anz
CNT2128323987,2025-01-25,57881,2,Al Nahda First
CNT2133739232,2025-12-01,41745,1,Hor Al Anz East
CRT2131498216,2025-06-27,55000,Studio,Al Barsha South Third
CRT2134079206,2026-01-01,50000,Studio,Al Goze Fourth
CNT2124588428,2025-01-30,73000,2,Al Warqa First
CNT2131810898,2025-06-25,186000,Warehouse,Ras Al Khor Industrial Second
CRT2131110196,2025-06-05,30418,Shop,Al Suq Al Kabeer
CRT2130184996,2025-03-15,56000,1,Al Warsan First
CNT2133925957,2025-12-20,75000,1,Oud Metha
CNT2131020573,2025-05-22,15000,Office,Al Khabeesi
CNT2132467385,2025-09-01,15000,Office,Al Khabeesi
CNT2132521504,2025-09-15,57000,1,Wadi Al Safa 2
CRT2130986406,2025-05-27,1000,Shop,Marsa Dubai
CNT2130607989,2025-04-22,15000,Office,Al Khabeesi
CRT2134010076,2026-01-02,185000,4,Madinat Al Mataar
CNT2133313167,2025-11-04,27000,1,Muhaisanah Fourth
CNT2133920929,2025-10-11,90000,2,Al Barsha South Fourth
CNT2132089878,2025-06-05,42000,Studio,Al Barsha South Fourth
CNT2127535173,2025-01-01,14300,Shop,Al Suq Al Kabeer
CNT2129901823,2025-02-24,15000,Office,Al Baraha
CRT2129842246,2025-02-17,45000,Studio,Al Merkadh
CRT2130748746,2025-02-15,150000,3,Mirdif
CNT2130059149,2025-03-06,15000,Office,Al Khabeesi
CNT2132041367,2025-08-10,55550,2,Al Qusais
CNT2130682403,2025-04-15,37500,Studio,Me'Aisem First
CNT2128819663,2025-02-24,165000,3,Al Safouh Second
CNT2134027803,2025-12-15,75000,1,Al Jadaf
CNT2129184365,2025-02-06,15000,Office,Hor Al Anz
CNT2129833095,2025-02-12,35000,Studio,Eyal Nasser
CNT2131126086,2025-06-01,50000,Studio,Al Merkadh
CNT2133228104,2025-10-29,20000,Office,Al Khabeesi
CRT2132133386,2025-08-10,69000,1,Al Barsha South Fourth
CNT2132017329,2025-09-01,140000,3,Al Yelayiss 1
CNT2132576793,2025-08-28,29999,Studio,Al Mararr
CNT2131676313,2025-07-01,57600,Studio,Al Merkadh
CNT2132515991,2025-09-01,86000,2,Mankhool
CNT2129377661,2025-02-10,15000,Office,Hor Al Anz
CNT2132522152,2025-09-04,15000,Office,Business Bay
CNT2130044739,2025-03-05,15000,Office,Al Khabeesi
CNT2132369652,2025-08-25,20000,Office,Dubai Investment Park First
CNT2129253331,2025-01-20,42000,2,Nad Hessa
CNT2132704907,2025-09-20,42000,Studio,Al Muteena
CNT2132656252,2025-08-05,52165,1,Mankhool
CNT2129824214,2025-03-10,120000,2,Al Jadaf
CNT2134038816,2026-01-10,28000,Studio,Al Dhagaya
CNT2129926453,2025-02-25,15000,Office,Hor Al Anz
CRT2133403486,2025-11-10,90000,3,Madinat Hind 4
CNT2131037737,2025-06-15,76370,3,Jabal Ali First
CNT2130696903,2025-04-28,85000,1,Business Bay
CNT2132775333,2025-09-20,40000,Studio,Al Hebiah Fourth
CNT2130380831,2025-04-04,15000,Office,Al Mararr
CNT2130995845,2025-05-20,15000,Office,Hor Al Anz
CNT2130127453,2025-03-16,30174,Studio,Al Goze Industrial Second
CNT2133867972,2025-12-15,44000,1,Al Nahda First
CNT2130571145,2025-04-18,15000,Office,Al Khabeesi
CNT2132422504,2025-08-15,30250,Studio,Dubai Investment Park Second
CNT2129940526,2025-01-29,50000,Office,Business Bay
CNT2130073895,2025-03-07,15000,Office,Al Goze Third
CNT2134017344,2026-01-01,49613,1,Al Muteena
CNT2132527658,2025-10-01,36845,1,Warsan Fourth
CNT2129814763,2025-02-05,178222,Restaurant,Al Barsha First
CRT2130899936,2025-06-01,65000,2,Al Barsha Third
CNT2130443430,2025-04-14,68525,2,Jabal Ali First
CNT2128963428,2025-02-04,50000,Studio,Al Merkadh
CNT2133759609,2025-12-10,63000,1,Al Barsha First
CNT2133179335,2025-11-06,51999,2,Muhaisanah Fourth
CNT2132369338,2025-08-25,15000,Office,Al Baraha
CNT2133464369,2025-12-01,84000,2,Al Raffa
CRT2130548186,2025-03-25,33075,Studio,Al Barsha South Fourth
CNT2132536647,2025-10-01,120000,Warehouse,Nad Al Hamar
CNT2130488444,2025-04-20,35000,Studio,Al Warsan First
CNT2128129761,2025-01-01,86000,Office,Nad Al Hamar
CRT2130188276,2025-04-01,165000,Office,Business Bay
CNT2131648841,2025-06-20,137500,Shop,Al Bada
CNT2129254268,2025-02-10,58000,Office,Al Qusais Industrial Fourth
CNT2133469330,2025-12-05,90000,Hotel,Jabal Ali First
CNT2132163913,2025-07-27,45000,Studio,Al Barsha South Fifth
CRT2131263966,2025-05-01,58000,1,Al Hebiah Second
CRT2128081936,2025-01-15,15000,Shop,Hor Al Anz
CNT2132511368,2025-08-15,132000,Workshop,Al Ras
CNT2133905911,2025-12-18,15000,Office,Naif
CNT2132022137,2025-08-01,75000,2,Al Warqa First
CNT2130070388,2025-03-07,15000,Office,Al Khabeesi
CNT2134133777,2025-12-01,44000,Shop,Al Mararr
CRT2132198106,2025-08-07,152000,2,Burj Khalifa
CRT2133436766,2025-10-27,100000,1,Al Thanyah Fifth
CNT2133180303,2026-11-25,140000,Shop,Al Barsha First
CNT2133263166,2025-10-31,12000,Office,Al Goze First
CNT2133565835,2025-11-20,20000,Office,Al Karama
CRT2127580151,2025-01-11,54000,1,Al Hebiah Fourth
CNT2133427048,2025-11-28,57000,1,Nad Hessa
CNT2131765223,2025-07-09,45000,Studio,Al Merkadh
CNT2127751063,2025-01-08,38000,1,Al Twar Fifth
CRT2123012446,2025-02-05,70000,Shop,Mirdif
CNT2131857595,2025-07-20,135000,3,Mankhool
CRT2133044367,2025-10-24,78000,1,Al Barsha South Third
CNT2130120076,2025-05-06,39500,1,Al Nahda Second
CRT2134226876,2026-01-15,50820,1,Al Barsha South Fourth
CNT2131867191,2025-07-20,78000,2,Al Barsha South Fourth
CNT2133752857,2025-12-06,15000,Office,Al Murqabat
CNT2133728894,2025-12-08,45000,Studio,Al Hebiah Fourth
CNT2134130301,2025-11-20,39600,1,Al Mamzer
CNT2131123760,2025-05-01,52000,Studio,Al Hebiah First
CRT2131958876,2025-07-23,65000,Office,Business Bay
CRT2128323876,2025-01-22,90000,Studio,Business Bay
CNT2133752028,2025-12-20,51450,1,Al Raffa
CNT2130417686,2025-04-08,94884,1,Al Khairan First
CNT2133450339,2025-11-01,41658,1,Al Yelayiss 2
CNT2132514971,2025-09-01,85000,3,Al Hamriya
CNT2132448165,2025-07-20,45000,Studio,Al Barsha South Fourth
CNT2133431077,2025-11-10,27500,Studio,Al Warsan First
CNT2132432605,2025-08-15,44400,Room in labor camp,Al Goze Third
CNT2132382745,2025-08-30,44000,Studio,Al Karama
CNT2130093884,2025-03-10,20000,Office,Trade Center First
CNT2128709721,2025-01-29,15000,Office,Dubai Investment Park First
CNT2134143691,2025-12-01,78000,2,Al Wasl
CNT2131798527,2025-07-20,40000,1,Al Qusais
CNT2131145784,2025-06-20,47000,1,Warsan Fourth
CNT2134201023,2026-01-12,18000,Office,Naif
CNT2128572623,2025-05-11,28750,Studio,Al Nahda First
CNT2127929817,2025-01-07,60000,2,Al Qusais
CNT2132660206,2025-08-15,99708,2,Dubai Investment Park First
CNT2130226845,2025-04-12,102300,2,Business Bay
CNT2131681153,2025-07-11,43549,Studio,Al Barsha South Third
CNT2131238382,2025-06-09,15000,Office,Saih Shuaib 3
CNT2134189332,2026-01-12,15000,Office,Al Murqabat
CNT2133579104,2026-01-15,27600,Studio,Naif
CNT2132199565,2025-08-11,18000,Office,Naif
CRT2133950446,2025-12-22,35000,1,Abu Hail
CNT2130742697,2025-04-10,58433,1,Wadi Al Safa 2
CRT2131514956,2025-08-30,65000,1,Me'Aisem First
CNT2132269496,2025-08-26,35000,Studio,Hessyan First
CNT2127780952,2025-02-19,24225,1,Muhaisanah Fourth
CNT2130070526,2025-03-06,64800,Room in labor camp,Jabal Ali Industrial First
CNT2127546751,2025-01-07,15000,Office,Al Mararr
CNT2127218903,2025-01-01,46000,Studio,Jabal Ali First
CNT2130878259,2025-05-15,75000,1,Al Jadaf
CNT2133071571,2025-10-28,95000,2,Al Barsha South Third
CNT2133705407,2025-11-20,70000,2,Al Warsan First
CNT2130384188,2025-03-01,165000,Shop,Al Sabkha
CNT2132143794,2025-07-01,33980,Office,Hor Al Anz East
CNT2128097585,2025-02-15,45000,1,Warsan Fourth
CNT2132880924,2025-12-18,37800,Studio,Nad Hessa
CNT2129915714,2025-02-25,20000,Office,Al Khabeesi
CNT2130881454,2025-04-15,39000,1,Al Warsan First
CNT2133471434,2025-11-13,15000,Office,Burj Khalifa
CNT2130113332,2025-01-01,58000,2,Al Nahda Second
CNT2130557708,2025-05-01,48000,Studio,Jabal Ali Industrial Second
CNT2130211271,2025-03-18,67210,2,Jabal Ali First
CNT2130481059,2025-04-01,66000,Office,Al Raffa
CNT2127548187,2025-01-07,20000,Office,Al Goze Industrial First
CNT2130481122,2025-04-08,49000,2,Al Qusais
CRT2130437116,2025-03-02,50000,1,Wadi Al Safa 2
CNT2132999465,2025-09-01,35000,Office,Hor Al Anz East
CNT2131767215,2025-07-09,15000,Office,Saih Shuaib 2
CNT2133751991,2025-12-05,47000,Studio,Al Karama
CRT2132759856,2025-10-01,60000,1,Warsan Fourth
CNT2133566882,2025-11-20,20000,Office,Port Saeed
CNT2130244699,2025-03-21,15000,Office,Al Murqabat
CNT2132998287,2025-10-10,100000,1,Business Bay
CNT2131239688,2025-06-09,15000,Office,Al Barsha First
CNT2130315621,2025-03-27,10000,Office,Al Khabeesi
CNT2130641301,2025-02-01,39690,1,Wadi Al Safa 2
CNT2132774652,2025-12-01,76565,Shop,Naif
CRT2133325876,2025-11-04,50000,1,Abu Hail
CRT2130873991,2025-04-20,150000,3,Al Yelayiss 2
CNT2133349782,2025-11-06,17000,Office,Al Mararr
CNT2134246629,2026-02-10,76650,2,Al Hebiah Fourth
CNT2134057371,2025-12-31,25000,Office,Cornich Deira
CNT2133422493,2025-11-29,44000,Studio,Al Barsha South Fifth
CNT2131561300,2025-06-07,29095,Studio,Dubai Investment Park Second
CRT2133497826,2025-11-10,90000,1,Hadaeq Sheikh Mohammed Bin Rashid
CNT2133992626,2025-12-25,15000,Office,Al Nahda First
CNT2134222255,2026-01-13,20000,Office,Al Khabeesi
CNT2131573356,2025-06-30,6000,Room in labor camp,Al Goze Third
CNT2129962281,2025-03-15,185000,Shop,Marsa Dubai
CNT2130468355,2025-05-01,65000,2,Al Raffa
CNT2127677740,2025-01-01,47000,1,Nad Hessa
CNT2132774562,2025-09-25,15000,Office,Business Bay
CNT2133217592,2025-10-10,125000,Shop,Al Warqa First
CNT2132840849,2025-09-30,65000,1,Al Thanyah First
CNT2133784734,2025-11-15,82500,2,Oud Metha
CNT2131296509,2025-06-01,63000,1,Al Barsha South Fourth
CRT2130836646,2025-04-04,55000,1,Jabal Ali First
CNT2132595142,2025-04-09,92000,Warehouse,Dubai Investment Park Second
CNT2130407203,2025-04-07,20000,Office,Hor Al Anz
CRT2134282536,2026-01-17,129000,2,Business Bay
CNT2131282002,2025-06-15,71000,1,Muhaisanah First
CNT2132341798,2025-08-26,51500,2,Al Qusais Industrial Fifth
CNT2130517571,2025-04-16,15000,Office,Al Qusais Industrial Third
CNT2132790610,2025-02-01,19800,Labor camp,Jabal Ali Industrial First
CNT2134306421,2026-01-19,22000,1,Al Mararr
CNT2127993151,2025-01-11,42000,1,Warsan Fourth
CRT2130172286,2025-03-17,140000,3,Wadi Al Safa 5
CRT2133585846,2025-11-21,160000,Shop,Al Merkadh
CNT2131494109,2025-06-01,37000,1,Muhaisanah Fourth
CRT2132574446,2025-09-05,120000,2,Wadi Al Safa 7
CNT2133348533,2025-12-07,54574,1,Mirdif
CNT2128316219,2025-01-15,32000,Studio,Al Mararr
CNT2130697020,2025-05-10,115500,4,Mirdif
CNT2130418967,2025-04-02,29000,Studio,Al Qusais Industrial Fifth
CNT2132743038,2025-09-20,85000,1,Marsa Dubai
CRT2133218586,2025-09-06,180000,1,Burj Khalifa
CNT2130430915,2025-04-09,15000,Office,Burj Khalifa
CNT2132232650,2025-08-01,102000,Shop,Al Baraha
CRT2133455976,2025-11-15,52000,1,Al Barsha South Fourth
CNT2132773488,2025-09-25,15000,Office,Al Muteena
CNT2131995502,2025-07-25,15000,Office,Al Khabeesi
CNT2130755501,2025-05-01,57000,1,Al Hamriya
CNT2132642505,2025-09-16,15000,Office,Al Garhoud
CNT2133472097,2025-11-13,17000,Office,Business Bay
CNT2127884477,2025-01-26,42999,Studio,Jabal Ali First
CNT2129985878,2025-03-01,38000,Hotel,Madinat Al Mataar
CNT2132441405,2025-09-01,74792,1,Al Merkadh
CRT2133545216,2025-11-16,110000,4,Mirdif
CRT2133626986,2025-12-01,105000,3,Madinat Hind 4
CNT2128737862,2025-01-26,125000,1,Burj Khalifa
CNT2133773671,2025-12-10,62000,1,Al Hebiah Third
CNT2133975650,2025-12-23,24000,Office,Al Garhoud
CNT2134016382,2026-01-02,27720,1,Al Qusais
CNT2130961195,2025-05-20,90750,3,Mirdif
CNT2132914643,2025-11-01,24500,Studio,Al Mararr
CNT2133498536,2025-11-25,31000,Studio,Al Hamriya
CRT2127507686,2025-01-01,46000,Studio,Al Merkadh
CNT2131806669,2025-07-11,23500,Office,Mankhool
CNT2131110879,2025-05-09,77000,Office,Al Rega
CNT2129595085,2025-02-13,20000,Office,Ras Al Khor Industrial Second
CNT2132677766,2025-09-29,26640,Studio,Al Goze Industrial Second
CNT2129365332,2025-02-10,15000,Office,Ras Al Khor Industrial Second
CRT2134259996,2025-03-20,33000,Studio,Dubai Investment Park First
CNT2129572267,2025-01-01,75000,Warehouse,Ras Al Khor Industrial Second
CNT2131710370,2025-07-25,85000,2,Al Murqabat
CNT2131301270,2025-06-10,100000,3,Mirdif
CNT2130969506,2025-06-01,150000,3,Marsa Dubai
CNT2132411275,2025-08-27,141026,3,Al-Cornich
CNT2130718292,2025-04-30,20500,Office,Al Muteena
CNT2130233231,2025-03-01,37800,Studio,Al Raffa
CNT2130283597,2025-03-01,42240,1,Me'Aisem First
CNT2133123627,2025-11-30,114000,3,Trade Center Second
CNT2127478857,2025-01-06,15000,Office,Hor Al Anz
CNT2128493629,2025-01-01,144279,Office,Al Hamriya
CRT2132672476,2025-07-10,75710,1,Marsa Dubai
CNT2133448588,2025-11-25,36000,Office,Al Mararr
CNT2133532266,2025-12-28,131250,3,Wadi Al Safa 5
CNT2131223287,2025-06-05,37200,Warehouse,Ras Al Khor Industrial First
CNT2132304303,2025-08-01,49600,1,Al Suq Al Kabeer
CNT2129987038,2025-02-08,60000,2,Muhaisanah Fourth
CNT2131701225,2025-07-04,10000,Office,Al Mararr
CNT2131020374,2025-04-15,18000,Room in labor camp,Dubai Investment Park First
CNT2131892867,2025-07-18,13000,Office,Al Goze Third
CNT2130033386,2025-05-01,75075,2,Al Garhoud
CNT2131964940,2025-06-20,96000,2,Nad Hessa
CNT2134222494,2026-01-01,156220,Shop,Naif
CNT2130552379,2025-04-17,15000,Office,Al Khabeesi
CNT2134177282,2026-01-10,47000,2,Al Qusais Industrial Fifth
CNT2130906515,2025-05-14,40000,Studio,Marsa Dubai
CNT2129041810,2025-01-10,69300,2,Al Warqa First
CNT2129958332,2025-05-20,88550,2,Al Murqabat
CRT2130173096,2025-04-01,101999,Shop,Al Barsha First
CNT2132635023,2025-09-15,45000,1,Al Warsan First
CNT2133511716,2025-11-16,58212,2,Al Qusais
CNT2134112757,2026-01-06,36000,Room in labor camp,Jabal Ali Industrial First
CNT2133657067,2025-11-20,52000,2,Muhaisanah Fourth
CNT2134279324,2026-01-16,20000,Office,Al Murqabat
CNT2132386772,2025-08-25,184868,Warehouse,Al Qusais Industrial First
CNT2133586775,2025-10-20,48000,1,Al Karama
CNT2133444345,2025-11-17,103848,2,Jabal Ali First
CNT2128542657,2025-02-01,45100,Office,Ras Al Khor Industrial Third
CNT2130063953,2025-04-10,56700,2,Al Goze Industrial Second
CNT2129711777,2025-02-15,15000,Office,Al Baraha
CNT2129125031,2025-01-25,50000,1,Port Saeed
CNT2131720631,2025-06-15,59000,2,Al Nahda Second
CRT2133178536,2025-10-25,185000,4,Madinat Al Mataar
CNT2134178769,2026-01-01,55000,3,Mirdif
CNT2131021766,2025-05-22,15000,Office,Burj Khalifa
CNT2134281566,2025-12-25,49136,Studio,Al Barsha South Fifth
CNT2128450161,2025-12-15,70000,1,Oud Metha
CRT2134031946,2026-01-01,57000,1,Nad Hessa
CRT2133826256,2025-12-02,92610,Shop,Al Suq Al Kabeer
CNT2134152439,2026-01-01,76800,2,Al Muteena
CNT2132824599,2025-09-29,20000,Office,Dubai Investment Park First
CNT2132556170,2025-09-09,15000,Office,Al Khabeesi
CNT2133965448,2025-04-26,18947,Studio,Madinat Al Mataar
CNT2128965255,2025-02-03,15000,Office,Hor Al Anz
CNT2129980796,2025-02-10,105000,2,Al Nahda Second
CNT2131980057,2025-07-09,14400,Room in labor camp,Muhaisanah Second
CRT2133870671,2025-11-23,145000,2,Wadi Al Safa 7
CNT2132309774,2025-08-24,97000,2,Madinat Al Mataar
CNT2131557788,2025-07-05,49000,1,Al Mamzer
CNT2134090561,2026-01-01,70000,Shop,Al Satwa
CRT2133416896,2025-11-05,74000,1,Business Bay
CNT2133739817,2025-12-05,10000,Office,Al Garhoud
CNT2133242814,2025-11-01,60000,1,Oud Metha
CRT2129967056,2025-03-05,165000,4,Al Khawaneej First
CNT2128944197,2025-02-20,36749,Studio,Jabal Ali First
CNT2128965417,2025-01-30,5000,Office,Al Goze Industrial First
CRT2131717916,2025-07-01,100000,Shop,Al Suq Al Kabeer
CNT2131205037,2025-05-18,85499,1,Al Satwa
CNT2131535012,2025-06-25,10000,Office,Al Baraha
CNT2132014979,2025-07-30,32603,1,Muhaisanah Fourth
CNT2133013396,2025-11-01,116784,Office,Al Goze Industrial First
CNT2130924453,2025-05-15,25000,Office,Port Saeed
CNT2130282393,2025-03-23,170000,1,Al Safouh Second
CNT2133510477,2025-10-05,40000,2,Hor Al Anz
CNT2129868643,2025-02-07,121275,2,Marsa Dubai
CRT2134030286,2026-01-05,95000,3,Abu Hail
CNT2131740778,2025-07-07,12000,Office,Um Hurair Second
CNT2127676790,2025-01-09,15000,Office,Naif
CRT2129963736,2025-03-01,67000,Hotel,Jabal Ali First
CNT2132707659,2025-09-14,83000,2,Mankhool
CRT2128108696,2025-01-01,42000,2,Al Hudaiba
CNT2127803142,2025-01-01,24000,Studio,Al Warsan First
CNT2130412102,2025-05-04,34500,1,Al Warqa First
CNT2127762746,2025-01-01,32196,1,Naif
CNT2131973442,2025-07-24,10000,Office,Port Saeed
CNT2133031069,2025-10-15,20000,Office,Al Suq Al Kabeer
CNT2133914241,2025-12-18,15000,Office,Al Murqabat
CNT2130156636,2025-03-01,38000,1,Al Warsan First
CNT2132894267,2025-10-08,65048,2,Al Hudaiba
CNT2134055574,2025-12-31,10000,Office,Mankhool
CNT2131506766,2025-06-25,78000,1,Al Barsha South Third
CNT2134037968,2026-01-05,56000,2,Al Nahda Second
CNT2133297750,2025-11-01,45000,Office,Al Mararr
CNT2131331810,2025-06-16,15000,Office,Saih Shuaib 3
CNT2133737461,2025-12-01,110250,Shop,Al Rega
CRT2133296346,2025-10-26,90000,1,Hadaeq Sheikh Mohammed Bin Rashid
CNT2131571771,2025-07-29,120887,Warehouse,Jabal Ali Industrial First
CNT2133924110,2026-01-19,83000,2,Ras Al Khor Industrial Third
CNT2131653891,2025-07-01,15000,Office,Al Mararr
CNT2130781674,2025-05-01,170000,Shop,Port Saeed
CNT2131048352,2025-04-25,46000,1,Warsan Fourth
CNT2131528921,2025-05-01,44000,1,Al Warsan First
CNT2130566653,2025-04-18,15000,Office,Al Khabeesi
CNT2127679889,2025-01-01,35700,1,Al Warsan First
CNT2130212663,2025-03-19,46500,1,Nad Hessa
CNT2130544911,2025-04-20,25000,Studio,Al Mararr
CRT2131386636,2025-06-21,125000,1,Al Khairan First
CNT2132790949,2025-09-26,180000,2,Hadaeq Sheikh Mohammed Bin Rashid
CNT2131752262,2025-08-01,69300,2,Al Karama
CNT2134187213,2026-01-20,52500,2,Al Nahda Second
CNT2128126613,2025-01-30,150000,2,Business Bay
CNT2133818032,2025-12-10,69000,3,Al Nahda Second
CNT2129948349,2025-02-26,20000,Office,Port Saeed
CNT2130810404,2025-05-20,66750,1,Nad Al Shiba First
CNT2131017078,2025-04-15,39060,1,Wadi Al Safa 2
CNT2129962668,2025-03-31,100000,Shop,Eyal Nasser
CRT2132195156,2025-08-05,180000,3,Marsa Dubai
CNT2128313557,2025-01-01,70000,Shop,Al Wasl
CNT2134067566,2026-01-16,28650,Room in labor camp,Saih Shuaib 2
CNT2132876385,2025-10-02,91000,2,Mankhool
CNT2134313034,2026-01-20,60000,Studio,Al Jadaf
CNT2133004115,2025-10-13,16000,Office,Business Bay
CRT2128941656,2025-03-02,90000,1,Marsa Dubai
CRT2131417786,2025-06-27,147000,3,Jabal Ali First
CNT2129111564,2025-02-01,71662,2,Al Mamzer
CNT2130415422,2025-04-23,40000,1,Hor Al Anz
CNT2130250842,2025-03-23,75600,2,Al Satwa
CRT2127941946,2025-01-06,141000,1,Al Barsha South Fourth
CNT2131327061,2025-09-01,35000,Studio,Warsan Fourth
CNT2132078671,2025-07-24,76000,2,Al Barsha First
CNT2132901390,2025-10-06,84000,Studio,Business Bay
CNT2132466295,2025-09-01,30000,Office,Mankhool
CRT2126409496,2025-03-15,170000,4,Al Yelayiss 1
CNT2131830950,2025-07-14,15000,Office,Business Bay
CRT2131372736,2025-06-17,110000,1,Marsa Dubai
CRT2132219456,2025-04-18,50164,1,Al Hebiah Fourth
CNT2130197539,2025-03-01,15000,Office,Mankhool
CNT2132130842,2025-08-05,24000,1,Port Saeed
CNT2134232448,2026-03-01,50000,Studio,Al Merkadh
CNT2131046692,2025-06-01,175000,6,Mirdif
CNT2130281440,2025-03-25,15000,Office,Al Mararr
CNT2127442850,2025-01-04,20000,Office,Al Mararr
CNT2128111927,2025-12-15,64665,Shop,Al Manara
CNT2133775073,2025-12-15,50000,1,Al Qusais
CNT2132119675,2025-08-10,31000,Studio,Al Suq Al Kabeer
CNT2132733607,2025-09-01,20000,Shop,Al Nahda Second
CNT2129463791,2025-02-01,52500,2,Al Nahda First
CNT2130390343,2025-01-01,60000,Shop,Naif
CNT2128469128,2025-01-01,150000,Shop,Jabal Ali Industrial First
CNT2133485072,2025-10-05,94500,2,Trade Center First
CNT2130866607,2025-05-12,15000,Office,Business Bay
CNT2133411861,2025-11-01,66150,Shop,Al Sabkha
CNT2134001145,2026-01-01,24675,Office,Al Rega
CRT2127685996,2025-01-01,68000,2,Dubai Investment Park Second
CRT2130889664,2025-06-01,45000,Studio,Jabal Ali First
CNT2130629158,2025-05-01,23100,Office,Nad Hessa
CNT2129981727,2025-02-25,55000,1,Al Qusais Industrial First
CNT2131149067,2025-06-16,49000,2,Muhaisanah Fourth
CNT2130029301,2025-02-20,40000,Studio,Al Hebiah Fourth
CRT2134120786,2025-06-01,168022,3,Al Saffa Second
CRT2130387446,2025-04-01,33000,1,Al Hamriya
CNT2132700416,2025-09-19,15000,Office,Dubai Investment Park First
CNT2133410128,2025-11-01,59450,1,Al Barsha South Fourth
CNT2132990587,2025-10-11,19000,Office,Al Baraha
CRT2128507186,2025-02-01,185000,2,Um Suqaim Third
CRT2133247006,2025-11-03,100000,2,Wadi Al Safa 3
CNT2132917948,2025-11-09,55125,2,Al Goze Industrial Second
CRT2130095316,2025-03-11,155000,2,Al Merkadh
CNT2134252681,2026-01-01,32000,Office,Eyal Nasser
CNT2127878902,2025-01-01,139000,Shop,Al Sabkha
CRT2132742151,2025-09-27,70000,1,Madinat Al Mataar
CRT2132569136,2025-04-01,17100,Shop,Naif
CRT2133048036,2025-10-31,170000,2,Burj Khalifa
CNT2133629652,2025-11-26,155000,3,Al Hamriya
CNT2130546587,2025-03-01,150000,Warehouse,Jabal Ali Industrial First
CNT2133805833,2026-01-15,178631,Office,Um Hurair Second
CNT2130028247,2025-03-07,91999,3,Ras Al Khor Industrial Third
CNT2131012940,2025-06-16,160000,Shop,Al Satwa
CNT2131705227,2025-07-02,47250,1,Al Suq Al Kabeer
CRT2128045016,2025-01-15,107525,2,Al Thanyah Fourth
CNT2133651919,2025-11-27,20000,Office,Al Rega
CNT2134024469,2026-01-01,110300,Restaurant,Al Rashidiya
CNT2129762651,2025-03-01,70000,2,Al Murqabat
CNT2134291814,2026-02-01,70000,2,Al Twar Fifth
CNT2127853405,2025-01-20,165000,2,Al Thanyah Fifth
CNT2133874791,2025-12-16,20000,Office,Oud Metha
CNT2133542932,2025-11-22,60899,1,Jabal Ali First
CRT2131935746,2025-07-20,58000,1,Al Hebiah Fifth
CNT2130721724,2025-04-30,15000,Office,Al Barsha First
CNT2131277405,2025-06-25,115000,1,Marsa Dubai
CNT2131138850,2025-06-10,68000,1,Al Barsha South Fourth
CNT2133020063,2025-10-18,80000,1,Al Thanyah Fifth
CNT2133016761,2025-08-10,42000,1,Al Nahda Second
CNT2132062975,2025-07-31,15000,Office,Al Goze Industrial First
CNT2133763168,2025-12-17,70560,2,Al Hebiah Fourth
CNT2131290605,2025-06-01,94000,Shop,Al Satwa
CNT2129186671,2025-02-01,60000,Studio,Al Thanyah First
CRT2132380226,2025-08-01,145475,2,Palm Jumeirah
CRT2130592226,2025-04-20,95000,3,Madinat Al Mataar
CNT2128545312,2025-02-01,44000,1,Al Nahda First
CNT2134213458,2026-01-01,75000,1,Al Barsha First
CNT2134043609,2025-12-20,80000,2,Al Raffa
CNT2131190602,2025-06-04,66403,1,Al Thanyah Fifth
CNT2133754408,2025-12-01,165000,3,Wadi Al Safa 5
CNT2131085717,2025-05-27,15000,Office,Hor Al Anz
CNT2132304651,2025-09-15,58000,1,Nad Hessa
CNT2132103544,2025-08-04,10000,Office,Port Saeed
CNT2133867842,2025-12-08,118320,Room in labor camp,Saih Shuaib 2
CNT2134088582,2026-01-01,96756,Office,Mankhool
CNT2129450377,2025-03-16,88000,2,Oud Metha
CNT2132390494,2025-08-15,144000,Room in labor camp,Saih Shuaib 2
CNT2133549007,2025-11-19,12000,Office,Al Raffa
CNT2132864505,2025-07-02,17000,Studio,Al Mararr
CNT2130200540,2025-04-01,120000,2,Al Bada
CNT2132815065,2025-09-29,15000,Office,Al Khabeesi
CNT2128110747,2025-01-20,40500,1,Hor Al Anz East
CNT2131079439,2025-05-20,85000,3,Al Qusais
CNT2133679763,2025-11-29,27000,Studio,Al Hebiah Fourth
CNT2130743744,2025-05-01,15000,Office,Hor Al Anz
CNT2130264530,2025-03-15,44000,1,Dubai Investment Park Second
CNT2132514434,2025-09-04,15000,Office,Al Khabeesi
CNT2129787804,2025-02-01,33150,Studio,Wadi Al Safa 3
CNT2130711628,2025-04-10,66000,Office,Mankhool
CNT2134306865,2026-01-16,48400,1,Al Murqabat
CNT2131861381,2025-07-14,67200,1,Al Hebiah Third
CNT2134187586,2026-01-11,143528,2,Business Bay
CNT2132177608,2025-08-08,15000,Shop,Naif
CRT2130412176,2025-04-05,125000,1,Zaabeel Second
CNT2129763276,2025-02-17,15000,Office,Hor Al Anz
CNT2131916047,2025-02-01,36300,1,Warsan Fourth
CRT2130491816,2025-04-18,45000,Studio,Al Merkadh
CNT2132275761,2025-08-10,55000,1,Al Barsha First
CNT2128489400,2025-01-23,15000,Office,Al Nahda First
CNT2131220019,2025-05-23,42000,Shop,Naif
CRT2133055136,2025-08-05,55000,1,Mirdif
CNT2130983504,2025-04-07,150150,4,Nad Hessa
CNT2127916900,2025-01-13,20000,Office,Port Saeed
CNT2130946494,2025-05-20,45000,2,Al Qusais
CNT2132466891,2025-09-20,140000,Office,Al Bada
CNT2133252591,2025-10-30,20000,Office,Hor Al Anz East
CRT2131836376,2025-07-18,65000,1,Al Barsha South Fourth
CNT2132917869,2025-09-29,63000,2,Al Warqa First
CRT2130341916,2025-03-26,180000,Office,Al Thanyah Fifth
CNT2131994327,2025-07-25,10000,Office,Al Karama
CNT2133085582,2025-11-01,105000,4,Al Nahda First
CNT2131385257,2025-08-22,64000,1,Al Hebiah Fourth
CNT2133331255,2025-11-01,33000,Studio,Al Lusaily
CNT2130563879,2025-04-18,10000,Office,Hor Al Anz
CNT2130899625,2025-05-15,35420,Studio,Dubai Investment Park Second
CRT2134270776,2026-01-01,26500,Studio,Me'Aisem First
CNT2134043265,2025-12-26,98000,3,Mirdif
CRT2134004086,2025-12-26,60000,Studio,Al Merkadh
CNT2133619739,2026-01-01,7000,Shop,Al Ras
CNT2127136373,2025-01-01,28000,Studio,Al Mararr
CNT2132241747,2025-08-20,90999,2,Al Qusais
CNT2131305533,2025-06-13,15000,Office,Business Bay
CNT2130982377,2025-06-01,65000,1,Jabal Ali Industrial Second
CRT2129888956,2025-02-18,43000,Studio,Al Barsha South Fourth
CNT2130263440,2025-03-10,30000,1,Al Mararr
CNT2133738119,2025-12-09,60000,1,Al Hebiah Fourth
CNT2130425522,2025-04-01,65000,Shop,Naif
CNT2132048209,2025-08-02,47500,1,Ras Al Khor Industrial Third
CNT2134306386,2026-01-15,41500,1,Al Warsan First
CRT2130303846,2025-04-10,95000,3,Madinat Hind 4
CRT2130889966,2025-07-01,80000,8,Al Twar Third
CRT2133947006,2025-12-26,98000,2,Al Barsha South Fourth
CNT2132807932,2025-10-01,85000,Shop,Al Sabkha
CNT2130101788,2025-03-15,88000,1,Al Safouh First
CNT2128037630,2025-01-01,57050,Shop,Naif
CNT2134054238,2025-10-15,30450,Office,Naif
CNT2131824755,2025-07-14,15000,Office,Al Goze Industrial Third
CNT2132880210,2025-10-06,85000,2,Madinat Al Mataar
CRT2132368026,2025-06-10,53000,3,Madinat Hind 4
CNT2131653671,2025-08-15,56700,2,Al Goze Industrial Second
CNT2130236573,2025-04-01,110000,1,Business Bay
CNT2132848494,2025-10-01,44770,Office,Al Hamriya Port
CNT2131154024,2025-04-17,115500,3,Trade Center First
CNT2132958715,2025-10-09,15000,Office,Business Bay
CNT2131354397,2025-06-25,80000,2,Hor Al Anz East
CNT2131514517,2025-06-30,104000,2,Mankhool
CRT2133405356,2025-11-01,75000,1,Al Barsha South Fourth
CNT2130611063,2025-04-22,20000,Office,Al Garhoud
CNT2131654964,2025-06-15,59000,2,Al Nahda First
CNT2131305526,2025-06-20,90000,2,Al Murqabat
CNT2133573494,2025-11-18,45233,2,Al Karama
CNT2130742205,2025-05-01,36000,Room in labor camp,Al Goze Third
CNT2129183777,2025-01-25,48300,1,Al Muteena
CNT2130572922,2025-04-27,135000,2,Marsa Dubai
CNT2133938032,2025-12-22,20000,Office,Al Baraha
CNT2129743516,2025-01-11,70000,Studio,Al Barsha South Fifth
CNT2132632892,2025-09-15,17000,Office,Al Garhoud
CNT2131140158,2025-05-30,20000,Office,Dubai Investment Park First
CRT2131833516,2025-08-05,92400,3,Mirdif
CNT2133873135,2025-11-25,89250,2,Al Karama
CRT2134082426,2025-06-01,49862,1,Jabal Ali First
CNT2132411621,2025-09-05,106000,2,Mankhool
CRT2133017206,2025-10-10,47250,Office,Al Thanyah Fifth
CNT2132557090,2025-09-09,15000,Office,Business Bay
CNT2132222361,2025-05-20,53000,2,Al Warsan First
CNT2133169269,2025-10-21,67000,Office,Trade Center First
CNT2133780003,2025-12-01,135000,2,Al Barsha South Fourth
CNT2127103705,2025-01-01,47300,2,Al Suq Al Kabeer
CNT2131796995,2025-08-07,79000,2,Business Bay
CRT2133597966,2026-01-01,68000,2,Jabal Ali First
CNT2130067207,2025-03-11,47000,Studio,Um Hurair First
CNT2130866205,2025-05-01,57000,2,Al Twar Fifth
CNT2132289382,2025-08-17,168000,2,Al Thanyah First
CNT2131932543,2025-08-01,35280,Studio,Jabal Ali First
CNT2130849399,2025-04-01,80000,1,Hadaeq Sheikh Mohammed Bin Rashid
CNT2132332085,2025-09-01,75000,1,Al Satwa
CNT2129273461,2025-01-23,47250,Studio,Al Merkadh
CNT2130588147,2025-04-14,5000,Office,Al Goze Industrial First
CRT2129861696,2025-02-25,180000,4,Wadi Al Safa 5
CNT2133480770,2025-11-13,20000,Office,Dubai Investment Park First
CNT2131183482,2025-06-03,21000,Office,Port Saeed
CNT2131888083,2025-06-20,94500,1,Al Thanyah First
CNT2134287043,2026-01-01,130000,Shop,Al Buteen
CNT2129267003,2025-03-05,45000,1,Al Nahda First
CRT2131837026,2025-07-07,95000,1,Burj Khalifa
CNT2132909176,2025-09-26,119874,Warehouse,Ras Al Khor Industrial Second
CNT2132269002,2025-07-10,55000,2,Al Nahda Second
CNT2133956671,2026-02-01,120000,Shop,Al Muteena
CRT2130012366,2025-02-28,70000,2,Ras Al Khor Industrial First
CRT2133417346,2025-11-01,40000,2,Al Warsan First
CNT2131078236,2025-05-27,90000,2,Al Thanyah First
CNT2130269670,2025-03-24,10000,Office,Al Mararr
CNT2132809167,2025-09-20,86868,Office,Rega Al Buteen
CNT2127756025,2025-01-10,15000,Office,Hor Al Anz
CNT2133857171,2026-01-01,32000,2,Al Qusais
CRT2131326296,2025-07-10,125000,3,Al Yufrah 1
CNT2133961564,2026-01-01,39600,1,Al Nahda Second
CNT2131414767,2025-05-05,28800,Room in labor camp,Muhaisanah Second
CNT2131147419,2025-06-01,39000,Studio,Al Karama
CNT2131407574,2025-06-18,136000,Studio,Saih Shuaib 2
CRT2133207576,2025-09-25,69000,2,Dubai Investment Park Second
CRT2133420766,2025-11-25,37396,Studio,Nad Hessa
CNT2131987920,2025-07-25,35000,Office,Al Mararr
CNT2132729486,2025-11-15,113000,Office,Business Bay
CNT2130198311,2025-03-24,92000,2,Al Thanyah First
CNT2133318570,2025-11-01,80000,Office,Business Bay
CNT2130649612,2025-04-25,65000,2,Al Nahda Second
CNT2130152277,2025-03-15,150242,Office,Al Hebiah Second
CNT2132586137,2025-09-16,110000,Office,Rega Al Buteen
CNT2130748474,2025-04-01,105000,3,Al Warsan First
CNT2130187988,2025-03-17,15000,Office,Al Khabeesi
CNT2133210520,2025-10-01,130000,Shop,Al Suq Al Kabeer
CRT2128479476,2025-01-20,68000,Hotel,Al Hebiah Third
CRT2130474706,2025-04-25,69000,Studio,Al Barsha South Fourth
CNT2134292308,2026-01-06,48000,Room in labor camp,Jabal Ali Industrial First
CNT2133337828,2025-11-05,19000,Office,Al Mararr
CNT2134122460,2025-11-23,157500,3,Dubai Investment Park First
CNT2132844047,2025-10-01,110000,2,Al Barsha South Third
CNT2130311053,2025-03-26,107500,3,Al Manara
CNT2132963676,2025-10-01,65000,2,Al Warqa First
CNT2131676796,2025-07-01,68000,2,Al Qusais
CNT2132053968,2025-07-30,15000,Office,Al Suq Al Kabeer
CNT2128121488,2025-01-01,18000,Room in labor camp,Al Goze Third
CNT2133993372,2026-01-19,44888,1,Al Goze Industrial Second
CRT2128138380,2025-02-01,80000,1,Marsa Dubai
CNT2130693538,2025-03-07,43600,1,Wadi Al Safa 3
CRT2130316976,2025-04-07,150000,Office,Business Bay
CNT2128521757,2025-01-28,57330,2,Al Goze Industrial Second
CNT2129869319,2025-01-01,80000,Shop,Al Dhagaya
CNT2127348093,2025-01-26,44100,Studio,Jabal Ali Industrial First
CNT2133051358,2025-08-17,55001,1,Al Barsha South Fourth
CNT2133798542,2025-12-01,65220,2,Wadi Al Safa 3
CNT2131355231,2025-06-13,35000,Office,Al Rega
CNT2129260019,2025-01-22,33231,1,Al Warsan First
CRT2132112966,2025-04-07,58000,Studio,Al Barsha South Third
CNT2130440860,2025-04-09,15000,Office,Al Goze Industrial First
CNT2132174725,2025-07-20,35000,1,Al Nahda Second
CNT2132946453,2025-10-08,15000,Office,Al Mararr
CNT2133146122,2025-10-23,78000,1,Al Barsha First
CNT2129891084,2025-01-24,90000,1,Burj Khalifa
CNT2132793074,2025-09-01,67500,Shop,Al Barsha South Third
CNT2131162420,2025-06-02,24000,Room in labor camp,Jabal Ali Industrial First
CNT2130147184,2025-03-13,20000,Office,Ras Al Khor Industrial Second
CNT2132425474,2025-08-18,50000,1,Warsan Fourth
CNT2129877572,2025-02-25,46200,1,Al Hebiah Fourth
CNT2130466586,2025-04-12,21000,Studio,Al Mararr
CNT2133824102,2025-12-17,62000,2,Al Goze Industrial Second
CNT2130917105,2025-05-15,56257,Shop,Al Warsan First
CNT2133581757,2025-11-10,35000,Office,Al Mamzer
CNT2133890531,2025-12-17,15000,Office,Burj Khalifa
CRT2132183556,2025-08-15,70000,2,Al Nahda First
CNT2129993318,2025-04-01,53650,2,Al Nahda First
CNT2132351275,2025-08-30,65000,2,Ras Al Khor Industrial Third
CNT2132967973,2025-10-15,70000,Studio,Jabal Ali First
CRT2131909656,2025-05-01,62000,Shop,Naif
CNT2133056529,2025-10-19,80000,1,Hadaeq Sheikh Mohammed Bin Rashid
CNT2131209004,2025-06-04,15000,Office,Al Muteena
CNT2132105581,2025-08-04,15000,Office,Al Garhoud
CNT2131847505,2025-06-15,78650,Shop,Al Twar Fifth
CNT2132020917,2025-08-12,36225,2,Muhaisanah Fourth
CNT2133788322,2025-12-10,70000,1,Al Barsha South Third
CNT2131814747,2025-07-18,52500,2,Al Qusais Industrial Fifth
CNT2131036322,2025-07-17,33500,Studio,Al Qusais Industrial First
CNT2134327698,2026-03-01,78650,2,Oud Metha
CNT2131066836,2025-05-26,20000,Office,Port Saeed
CNT2132344484,2025-07-01,35000,Studio,Al Muteena
CRT2130813306,2025-05-15,48000,Studio,Al Barsha South Fourth
CNT2129459792,2025-02-10,65000,1,Me'Aisem First
CRT2130610486,2025-04-22,15000,Office,Al Muteena
CRT2131019536,2025-05-25,30000,Studio,Al Warsan First
CNT2133002454,2025-10-10,46500,1,Nad Hessa
CNT2132409941,2025-09-01,50000,1,Port Saeed
CRT2132447606,2025-10-11,75000,1,Al Barsha South Fourth
CRT2133723906,2025-12-10,55000,3,Al Mararr
CNT2127816918,2025-01-12,24000,Studio,Naif
CRT2128299486,2025-01-01,160000,Restaurant,Al Garhoud
CNT2128271833,2025-01-01,31625,Studio,Jabal Ali First
CNT2131314511,2025-06-16,64000,2,Al Nahda First
CNT2133694731,2026-01-01,60695,1,Al Hudaiba
CRT2131348386,2025-06-17,80000,Office,Business Bay
CNT2131686693,2025-07-01,45000,Shop with a mezzanine,Al Lusaily
CNT2133752406,2025-12-06,15000,Office,Dubai Investment Park First
CNT2134319108,2026-01-17,58000,1,Trade Center First
CNT2132289207,2025-08-19,85000,2,Jabal Ali First
CNT2133875118,2026-01-07,78750,1,Al Jadaf
CRT2131710786,2025-02-25,138000,1,Palm Jumeirah
CRT2122428126,2025-02-15,180000,Shop,Madinat Hind 4
CNT2132314812,2025-08-20,12000,Office,Naif
CNT2131860287,2025-07-16,15000,Office,Al Muteena
CNT2129931198,2025-03-01,32000,1,Al Nahda First
CNT2132326191,2025-08-20,20000,Office,Dubai Investment Park First
CNT2130214939,2025-03-19,15000,Office,Al Khabeesi
CRT2129372906,2025-01-20,143325,3,Mirdif
CNT2132037299,2025-08-06,65000,Office,Business Bay
CRT2133975186,2025-11-15,25000,Studio,Al Warsan First
CNT2129772441,2025-02-10,32744,Studio,Nad Hessa
CRT2129913176,2025-01-01,125954,Shop,Ras Al Khor Industrial Third
CNT2131507817,2025-06-24,15000,Office,Al Garhoud
CNT2131232960,2025-07-01,127500,2,Al Kheeran
CNT2132262233,2025-08-15,100000,2,Al Murqabat
CNT2127221329,2025-01-28,39500,1,Al Qusais Industrial Fifth
CNT2134234868,2026-01-15,48000,1,Wadi Al Safa 5
CNT2130513565,2025-04-19,34000,Studio,Saih Shuaib 2
CNT2131585217,2025-07-15,34650,1,Al Qusais Industrial Fifth
CRT2132884946,2025-10-04,80000,1,Me'Aisem First
CNT2133202281,2025-10-27,90000,1,Business Bay
CNT2129185297,2025-02-07,41000,Studio,Jabal Ali First
CRT2132450857,2025-09-01,100000,2,Al Merkadh
CNT2133977386,2025-12-24,17000,Office,Abu Hail
CNT2133106629,2025-10-21,20000,Office,Saih Shuaib 2
CNT2132218636,2025-08-01,52500,1,Al Barsha South Third
CNT2133446324,2025-11-13,40000,1,Al Warsan First
CNT2134033815,2026-01-01,112000,Office,Al Nahda Second
CNT2129702376,2025-02-04,42299,1,Al Twar Fifth
CNT2130206990,2025-03-18,15000,Office,Hor Al Anz
CRT2131216396,2025-06-15,65000,1,Al Barsha South Fourth
CRT2130891676,2025-05-01,77673,Office,Al Hebiah First
CNT2132948103,2025-10-18,140000,3,Al Barsha First
CNT2130936947,2025-06-15,152460,3,Jabal Ali First
CNT2133663781,2025-11-19,132000,Shop,Muhaisanah Second
CNT2132396149,2025-08-02,115000,2,Mankhool
CRT2133047876,2025-10-23,175000,2,Al Thanyah Fourth
CNT2132231142,2025-08-13,15000,Office,Saih Shuaib 3
CNT2132059821,2025-07-31,10000,Office,Al Goze First
CNT2128561779,2025-01-24,40000,Room in labor camp,Muhaisanah Second
CNT2130919533,2025-05-07,145200,4,Nad Hessa
CNT2134230127,2026-01-27,90000,2,Al Murqabat
CNT2131327008,2025-06-16,25000,Office,Port Saeed
CNT2133847095,2025-12-15,80000,Shop,Al Mararr
CNT2133676650,2025-12-06,57500,1,Al Barsha South Fourth
CNT2134229299,2026-01-15,31886,Room in labor camp,Jabal Ali Industrial First
CNT2131666935,2025-07-02,15000,Office,Naif
CRT2130848696,2025-05-06,125000,2,Marsa Dubai
CNT2132151149,2025-08-12,49000,2,Al Warqa First
CNT2130348903,2025-03-25,36391,Studio,Wadi Al Safa 5
CNT2132098381,2025-07-15,165600,Shop,Al Khawaneej First
CNT2128579522,2025-02-01,44500,Studio,Al Karama
CNT2129196089,2025-02-06,10000,Shop,Dubai Investment Park Second
CNT2132685647,2025-08-16,89000,Warehouse,Jabal Ali Industrial First
CNT2131022677,2025-05-10,147000,3,Jumeirah Second
CNT2127853692,2025-01-01,75000,Shop with a mezzanine,Naif
CNT2133754896,2025-09-20,28000,Studio,Al Suq Al Kabeer
CNT2130220337,2025-04-01,162750,3,Jumeirah Second
CNT2132516767,2025-09-04,15000,Office,Hor Al Anz
CNT2130262811,2025-03-10,44100,1,Nad Hessa
CNT2130357513,2025-04-01,55200,1,Mankhool
CNT2129185983,2025-01-15,67403,2,Al Hebiah First
CNT2133012897,2025-10-13,58000,Studio,Al Merkadh
CNT2132718588,2025-09-07,32000,Studio,Wadi Al Safa 2
CNT2133670476,2025-12-20,55125,1,Mirdif
CNT2130969780,2025-05-19,20000,Office,Saih Shuaib 2
CNT2132954405,2025-10-01,26000,Studio,Naif
CNT2134231147,2026-03-21,52500,2,Al Goze Industrial Second
CNT2131804745,2025-07-11,25000,Office,Jabal Ali Industrial First
CRT2129856896,2025-02-20,15000,Shop,Hor Al Anz
CNT2129683783,2025-02-14,53000,Office,Al Thanyah First
CRT2134063506,2026-01-05,110000,1,Al Merkadh
CNT2127651103,2025-01-05,138240,Room in labor camp,Saih Shuaib 2
CNT2130388233,2025-04-15,80000,1,Al Merkadh
CNT2129449350,2025-01-01,92400,3,Al Rega
CNT2127868013,2025-02-08,48300,2,Madinat Al Mataar
CNT2132209772,2025-04-17,108112,3,Al Barsha First
CRT2132704656,2025-09-25,39000,Studio,Madinat Al Mataar
CNT2133539986,2025-11-01,75000,1,Al Jadaf
CRT2132216236,2025-07-05,33000,Studio,Madinat Hind 4
CRT2132510266,2025-09-04,128500,Office,Al Jadaf
CNT2131696239,2025-07-05,34000,Studio,Me'Aisem First
CNT2129919885,2025-03-02,48400,1,Mirdif
CRT2130554036,2025-04-17,15000,Office,Al Muteena
CNT2131350056,2025-07-01,45000,1,Al Murqabat
CNT2130524633,2025-04-16,10000,Office,Business Bay
CNT2133264506,2025-11-01,72000,1,Jabal Ali First
CNT2126074188,2025-01-31,26046,Studio,Al Warsan First
CNT2131506996,2025-06-01,98282,Office,Al Barsha First
CNT2127580011,2025-01-10,65000,2,Al Nahda Second
CNT2128805055,2025-01-21,45000,1,Wadi Al Safa 2
CNT2130743646,2025-05-01,15000,Office,Al Khabeesi
CNT2132444611,2025-08-29,6000,Room in labor camp,Jabal Ali Industrial First
CNT2132503369,2025-09-05,43000,1,Nad Hessa
CRT2132066666,2025-07-17,39000,1,Al Warsan First
CRT2134105986,2026-01-10,145000,3,Al Yelayiss 2
CNT2132580980,2025-09-11,31500,Shop,Al Jafliya
CNT2133054018,2025-06-28,90000,1,Al Satwa
CNT2129669570,2025-02-13,45000,1,Al Qusais Industrial Fifth
CNT2129446895,2025-02-04,40425,Studio,Mirdif
CNT2134097449,2026-01-01,24000,Studio,Al Warsan First
CNT2134146488,2026-01-08,17000,Office,Al Baraha
CNT2131017799,2025-06-01,46000,2,Al Mararr
CNT2131770110,2025-06-15,51000,2,Naif
CNT2130422809,2025-04-08,20000,Office,Hor Al Anz
CNT2132921354,2025-10-23,36000,1,Al Qusais Industrial Fifth
CNT2132597814,2025-09-11,15000,Office,Al Goze Industrial First
CRT2133501626,2025-08-25,57500,1,Dubai Investment Park First
CNT2134005012,2025-12-06,41500,1,Warsan Fourth
CNT2133125918,2025-09-20,100000,2,Mankhool
CNT2130450483,2025-02-11,48000,Office,Naif
CNT2131908087,2025-08-02,34650,1,Al Qusais Industrial Fifth
CNT2134166063,2026-02-03,185000,1,Palm Jumeirah
CNT2130857437,2025-05-10,20000,Office,Naif
CNT2130780512,2025-05-05,15000,Office,Al Khabeesi
CNT2129858606,2025-02-20,17000,Office,Saih Shuaib 3
CNT2130983377,2025-06-01,40000,1,Al Raffa
CNT2133743265,2025-12-01,37000,1,Al Nahda Second
CNT2128132600,2025-01-13,36000,Room in labor camp,Al Warsan Second
CNT2133898568,2025-12-17,20000,Office,Abu Hail
CNT2130461935,2025-03-25,45500,1,Nad Hessa
CNT2133985747,2025-12-30,49350,Studio,Al Raffa
CNT2133441720,2025-12-01,50820,2,Al Warsan First
CNT2128284744,2025-01-12,35700,1,Al Warsan First
CNT2133345226,2025-11-01,53000,2,Al Nahda Second
CNT2133337631,2025-09-11,60000,1,Saih Shuaib 2
CNT2127516788,2025-01-06,20000,Office,Port Saeed
CNT2132421313,2025-08-01,70000,1,Al Barsha South Third
CNT2130879508,2025-04-03,93713,2,Al Hebiah First
CNT2129869755,2025-12-21,36500,1,Al Warsan First
CNT2132276873,2025-08-13,60000,Studio,Al Jadaf
CRT2127881400,2025-01-20,90000,1,Al Barsha South Fourth
CNT2130864890,2025-05-19,90000,3,Al Mamzer
CNT2131929667,2025-09-01,75000,1,Al Hebiah Third
CNT2132597825,2025-10-15,66000,Studio,Business Bay
CNT2132417672,2025-09-01,99750,3,Jabal Ali First
CNT2130278363,2025-04-03,35307,1,Al Warsan First
CNT2133016917,2025-09-13,43000,Office,Al Dhagaya
CRT2133493306,2025-11-16,95000,1,Al Merkadh
CRT2133167646,2025-11-04,68252,Studio,Marsa Dubai
CRT2132333766,2025-07-15,180000,Shop,Eyal Nasser
CNT2131063911,2025-05-25,62000,1,Al Warsan First
CNT2130113017,2025-03-10,20000,Office,Al Muteena
CNT2131495356,2025-06-23,15000,Office,Al Khabeesi
CNT2132771744,2025-09-25,20000,Office,Naif
CNT2130244393,2025-03-21,45000,1,Al Nahda Second
CNT2133929207,2025-12-20,65000,2,Al Mamzer
CNT2132860733,2025-10-01,15000,Office,Al Mararr
CNT2134133138,2026-01-08,54500,Studio,Madinat Al Mataar
CNT2134275292,2026-01-17,45000,Studio,Al Hebiah Second
CRT2131675326,2025-07-02,35000,2,Abu Hail
CNT2133757256,2025-12-20,62999,2,Muhaisanah Fourth
CRT2131972556,2025-06-01,41000,Studio,Dubai Investment Park First
CNT2133221856,2025-10-28,20000,Office,Saih Shuaib 2
CNT2132414558,2025-10-05,44000,1,Al Murqabat
CNT2129461391,2025-02-20,100000,2,Al Karama
CRT2132153186,2025-07-15,140000,2,Al Hebiah Sixth
CNT2134212263,2026-01-23,110000,2,Jabal Ali First
CNT2133650273,2025-12-01,67000,2,Al Karama
CRT2128067504,2025-01-20,120000,2,Al Thanyah Fifth
CNT2131848335,2025-06-10,130680,Office,Business Bay
CNT2130098737,2025-03-09,48310,1,Al Raffa
CNT2133723299,2025-12-09,77175,2,Al Jadaf
CNT2130907961,2025-04-07,49200,Studio,Al Barsha South Third
CRT2132761296,2025-01-01,90000,Office,Business Bay
CNT2133482017,2025-11-13,55000,Hotel,Al Warsan First
CNT2132974275,2025-10-11,41000,1,Al Goze Industrial Second
CNT2132604449,2025-09-12,132000,Office,Al Goze Third
CNT2133280641,2025-10-25,31000,Studio,Abu Hail
CNT2130529687,2025-04-22,39999,2,Al Qusais
CNT2131828510,2025-07-14,10000,Office,Al Qusais Industrial Fourth
CNT2131229961,2025-06-09,15000,Office,Al Barsha First
CNT2134202563,2026-01-12,20000,Office,Naif
CNT2133456764,2025-11-12,20000,Office,Dubai Investment Park First
CNT2132213635,2025-08-28,44000,Studio,Jabal Ali First
CNT2131716537,2025-07-06,38036,2,Muhaisanah Fourth
CNT2133911796,2025-12-17,44000,Studio,Al Karama
CRT2131224606,2025-06-07,57000,1,Al Hebiah Third
CNT2130478283,2025-02-15,140000,4,Mankhool
CNT2133220118,2025-10-28,15000,Office,Al Khabeesi
