contract_id,contract_start_date,annual_amount,ejari_property_sub_type_en,area_name_en
CNT2132041987,2025-06-15,2992080,Studio,Jabal Ali First
CRT2133976806,2026-01-01,3223440,Room in labor Camp,Jabal Ali Industrial First
CRT2132953606,2025-09-10,140000,2 bed rooms+hall,Marsa Dubai
CRT2132384696,2025-07-20,180000,2 bed rooms+hall,Marsa Dubai
CNT2131228988,2025-06-09,20000,Office,Al Karama
CNT2128801827,2025-02-15,54450,2 bed rooms+hall,Al Raffa
CNT2132567723,2025-10-02,35999,1bed room+Hall,Ras Al Khor Industrial Third
CNT2131208768,2025-06-03,85510,Office,Nadd Hessa
CNT2129958718,2025-02-27,15000,Office,Al Goze Industrial First
CNT2129124433,2025-01-10,135000,1bed room+Hall,Business Bay
CNT2134328390,2026-01-20,20000,Office,Dubai Investment Park First
CNT2130620557,2025-05-01,36383,2 bed rooms+hall,Muhaisanah Fourth
CNT2128961146,2025-02-03,12000,Office,Al Raffa
CNT2131814962,2025-07-21,32005,Studio,Jabal Ali First
CNT2133958494,2025-11-05,100000,3 bed rooms+hall,Al Mamzer
CNT2131965909,2025-07-23,15000,Office,Burj Khalifa
CNT2130430395,2025-03-15,210000,1bed room+Hall,Al Karama
CNT2134225805,2026-01-13,78000,1bed room+Hall,Al Jadaf
CNT2126823356,2025-01-01,66150,Shop,Al Barsha Third
CNT2133414483,2025-11-08,15000,Office,Al Raffa
CNT2133905955,2025-09-28,305775,Shop,Saih Shuaib 2
CNT2129605127,2025-02-13,15000,Office,Al Goze Industrial First
CNT2133031052,2025-10-15,20000,Office,Trade Center First
CNT2132776445,2025-09-01,282000,Room in labor Camp,Muhaisanah Second
CNT2132241147,2025-08-09,63900,Room in labor Camp,Saih Shuaib 2
CNT2126409320,2025-01-10,50000,1bed room+Hall,Al Raffa
CNT2132579915,2025-07-05,46000,1bed room+Hall,Al Warqa First
CNT2133935883,2026-01-03,90000,2 bed rooms+hall,Madinat Al Mataar
CNT2133997411,2025-12-25,78650,Shop,AL TWAR FIFTH
CNT2126707485,2025-01-01,29000,Studio,Al Mararr
CNT2129634633,2025-02-13,15000,Office,Al Goze Industrial First
CNT2133201928,2025-10-25,75000,Shop,Al Mararr
CNT2132576897,2025-09-10,25000,Office,Dubai Investment Park First
CNT2132149725,2025-07-17,1580929,Office,Nadd Hessa
CNT2128482200,2025-01-22,15000,Office,Dubai Investment Park First
CRT2132588106,2025-04-14,160000,5 bed rooms+hall,Al Mizhar First
CNT2129965731,2025-01-01,78592,Showroom,Ras Al Khor Industrial Second
CNT2129826185,2025-02-19,138000,2 bed rooms+hall,Marsa Dubai
CNT2127589235,2025-01-07,20000,Office,Al Wasl
CNT2133271699,2025-10-31,16000,Office,Port Saeed
CNT2133564106,2025-12-14,66990,2 bed rooms+hall,Mirdif
CNT2131777617,2025-07-15,51450,1bed room+Hall,Al Karama
CNT2129977681,2025-03-21,26000,1bed room+Hall,Al Goze Fourth
CNT2133580172,2025-11-21,15000,Office,Burj Khalifa
CNT2131773776,2025-07-09,15000,Shop,Abu Hail
CRT2131330606,2025-05-15,143500,Shop,Al Ras
CNT2132624288,2025-07-21,55650,1bed room+Hall,Al Barsha South Fourth
CNT2129823590,2025-02-15,90000,2 bed rooms+hall,Al Raffa
CNT2129885579,2025-02-10,42000,1bed room+Hall,Al Nahda First
CNT2133887202,2025-12-17,70000,1bed room+Hall,Al Hebiah Fourth
CNT2131980927,2025-07-03,231660,Room in labor Camp,Muhaisanah Second
CNT2128018252,2025-01-01,70500,2 bed rooms+hall,Mankhool
CNT2129187428,2025-02-10,154000,3 bed rooms+hall,Jabal Ali First
CNT2132957703,2025-09-27,34732,Studio,Al Hebiah Fourth
CNT2133791983,2025-12-07,41580,Studio,Hor Al Anz East
CNT2132606475,2025-09-01,132000,Warehouse,Ras Al Khor Industrial First
CNT2130144973,2025-03-13,20000,Office,Port Saeed
CNT2131929330,2025-08-05,80000,1bed room+Hall,Mankhool
CNT2132311679,2025-07-01,150000,Warehouse,Al Goze Industrial Second
CNT2131978282,2025-07-24,15000,Office,Al Suq Al Kabeer
CNT2133591511,2025-11-22,15000,Office,Al Mararr
CNT2132471509,2025-08-15,116424,Warehouse,Dubai Investment Park First
CNT2132514059,2025-09-04,15000,Office,Jabal Ali Industrial First
CRT2128107186,2025-01-01,3105763,Studio,Al Mararr
CNT2132106937,2025-06-15,87437,Labor Camp,Muhaisanah Second
CRT2131560006,2025-07-01,70000,1bed room+Hall,Wadi Al Safa 2
CRT2130060676,2025-03-15,100000,2 bed rooms+hall,Al Hebiah Third
CNT2129822551,2025-01-14,80500,2 bed rooms+hall,Al Barsha South Fourth
CNT2133431213,2025-11-15,115000,2 bed rooms+hall,Wadi Al Safa 3
CNT2130123790,2025-03-10,60000,1bed room+Hall,Jabal Ali First
CNT2129884544,2025-02-22,25000,Office,Al Khabeesi
CNT2125879962,2025-01-01,720000,Room in labor Camp,Al Goze Third
CNT2131326801,2025-05-20,4896000,Room in labor Camp,Jabal Ali Industrial First
CNT2132650782,2025-09-15,25200,Room in labor Camp,Jabal Ali First
CNT2134074116,2026-01-03,56000,1bed room+Hall,Al Warqa First
CNT2130490718,2025-04-18,135000,Studio,Marsa Dubai
CNT2134016353,2025-11-20,75245,2 bed rooms+hall,Al Jadaf
CNT2133811939,2025-12-08,45000,1bed room+Hall,Hor Al Anz
CNT2132761317,2025-09-24,15000,Office,Al Mararr
CNT2133889531,2026-01-01,316800,Kiosk,Burj Khalifa
CRT2127007346,2025-01-01,30000,1bed room+Hall,Al Suq Al Kabeer
CNT2131137114,2025-05-30,67908,Room in labor Camp,Jabal Ali Industrial First
CNT2133752684,2026-01-01,48000,Studio,Al Murqabat
CNT2132135144,2025-08-08,23000,Studio,Al Mararr
CNT2133689660,2025-12-10,56000,2 bed rooms+hall,Al Qusais Industrial First
CNT2129369481,2025-02-01,652800,Room in labor Camp,Muhaisanah Second
CNT2132529634,2025-01-01,70000,2 bed rooms+hall,Oud Metha
CNT2130165429,2025-03-20,38000,1bed room+Hall,Al Warsan First
CNT2132143659,2025-09-06,38000,1bed room+Hall,Al Nahda Second
CNT2132870543,2025-09-15,196351,Workshop,Madinat Dubai Almelaheyah
CNT2133261343,2025-04-16,124300,Shop,Al Bada
CNT2131578241,2025-04-06,1620000,Room in labor Camp,Jabal Ali Industrial First
CNT2131684734,2025-07-03,20000,Office,Hor Al Anz
CNT2133916909,2026-01-01,42000,2 bed rooms+hall,Al Karama
CNT2131131273,2025-06-02,100000,2 bed rooms+hall,Al Satwa
CRT2130290776,2025-02-21,38000,Studio,Al Hebiah Fourth
CRT2133474386,2025-11-18,165000,2 bed rooms+hall,Burj Khalifa
CNT2133996235,2025-01-01,1441000,Staff Accommodatoion,Al Warsan Third
CRT2131172256,2025-08-25,183750,2 bed rooms+hall,Palm Jumeirah
CNT2134238873,2026-03-01,504000,Room in labor Camp,Muhaisanah Second
CNT2129046452,2025-01-01,48000,2 bed rooms+hall,Al Nahda Second
CNT2132513583,2025-08-19,80000,1bed room+Hall,Al Thanyah Third
CNT2132502044,2025-08-01,77175,2 bed rooms+hall,Al Barsha First
CNT2133605382,2025-12-10,65000,2 bed rooms+hall,Mankhool
CNT2133139299,2025-10-22,10000,Office,Port Saeed
CNT2133614629,2025-11-25,20000,Office,Al Muteena
CNT2134320426,2026-01-20,20000,Office,Naif
CRT2130820236,2025-05-10,51861,Studio,Al Merkadh
CNT2130816003,2025-01-01,87000,2 bed rooms+hall,Al Suq Al Kabeer
CNT2132940783,2025-11-15,74000,1bed room+Hall,Oud Metha
CNT2130810158,2025-01-01,30000,Office,Al Barsha First
CNT2132310509,2025-08-10,19000,Studio,Al Mararr
CNT2129819001,2025-02-18,15000,Office,Dubai Investment Park First
CNT2133210547,2025-10-08,144000,Studio,Jabal Ali Industrial First
CNT2128827412,2025-01-31,20000,Office,Business Bay
CNT2134073194,2026-01-02,15000,Office,Al Khabeesi
CNT2131006245,2025-05-20,49000,2 bed rooms+hall,Al Nahda Second
CNT2130436653,2025-04-21,50474,1bed room+Hall,Jabal Ali First
CNT2132755860,2025-08-19,171979,3 bed rooms+hall,Al Twar Third
CNT2132059431,2025-09-25,22500,Studio,Jabal Ali Industrial First
CNT2131537665,2025-06-01,270600,Warehouse,Dubai Investment Park First
CNT2131528667,2025-07-06,44099,2 bed rooms+hall,Ras Al Khor Industrial Third
CNT2132026722,2025-06-01,33000,Shop,Al Raffa
CNT2130677066,2025-03-11,115000,3 bed rooms+hall,Mankhool
CNT2134228570,2026-01-18,146016,Warehouse,Al Goze Industrial Second
CNT2131501497,2025-06-04,453569,Office,Trade Center First
CRT2130439216,2025-04-09,15000,Studio,Hor Al Anz
CNT2134031413,2025-12-05,1440000,Room in labor Camp,Jabal Ali Industrial First
CNT2131520079,2025-07-06,48300,1bed room+Hall,Mirdif
CNT2128011495,2025-01-01,25000,Office,Jabal Ali Industrial First
CNT2128056737,2025-01-17,70180,2 bed rooms+hall,Al Jadaf
CNT2132493598,2025-10-03,36000,1bed room+Hall,Al Qusais Industrial Fifth
CNT2132859057,2025-10-01,68000,2 bed rooms+hall,Al Nahda Second
CNT2128530588,2025-05-01,215000,3 bed rooms+hall,Al Barsha South Fifth
CNT2131522559,2025-07-05,38115,1bed room+Hall,Warsan Fourth
CNT2130009113,2025-03-01,54464,1bed room+Hall,Al Barshaa South Third
CNT2131164646,2025-06-01,34800,Studio,Marsa Dubai
CNT2132927293,2025-10-07,15000,Office,Al Khabeesi
CRT2129777276,2025-02-15,120000,1bed room+Hall,Al Merkadh
CNT2132626562,2025-04-01,360000,Labor Camp,Muhaisanah Second
CNT2127419740,2025-01-04,15000,Office,Al Khabeesi
CRT2130798906,2025-05-05,45000,Studio,Hadaeq Sheikh Mohammed Bin Rashid
CNT2129876434,2025-02-24,51729,1bed room+Hall,Mirdif
CNT2131746309,2025-02-09,4339440,Room in labor Camp,Al Goze Third
CNT2130026853,2025-02-01,70845,2 bed rooms+hall,Jabal Ali First
CNT2134085569,2025-12-20,161000,Office,Al Bada
CNT2132573093,2025-07-15,65664,Room in labor Camp,Saih Shuaib 2
CNT2123861695,2025-02-01,190000,4 bed rooms+hall,Al Hebiah Sixth
CNT2129952603,2025-02-27,15000,Office,Al Goze Industrial First
CNT2131786450,2025-07-10,15000,Office,Saih Shuaib 2
CNT2131058377,2025-02-24,19200,Room in labor Camp,Muhaisanah Second
CNT2131787578,2025-07-15,110000,3 bed rooms+hall,Madinat Al Mataar
CNT2130275288,2025-01-10,96000,Room in labor Camp,Muhaisanah Second
CNT2133963625,2025-12-01,450356,Office,Port Saeed
CNT2133615612,2025-11-21,100000,1bed room+Hall,Marsa Dubai
CNT2132177266,2025-08-22,486000,Room in labor Camp,Al Goze Third
CNT2126480488,2025-02-10,51000,2 bed rooms+hall,Al Murqabat
CNT2130071847,2025-03-10,350000,Room in labor Camp,Muhaisanah Second
CNT2132869182,2025-10-01,70000,Shop,Al Suq Al Kabeer
CNT2131390300,2025-06-12,890056,Studio,Jabal Ali Industrial First
CNT2132901727,2025-11-20,77000,1bed room+Hall,Marsa Dubai
CNT2126829144,2025-03-01,48000,1bed room+Hall,Nadd Hessa
CNT2134058559,2026-01-10,32000,Studio,Al Muteena
CRT2134010236,2026-01-01,26000,Studio,Al Suq Al Kabeer
CRT2132714006,2025-10-01,50000,Studio,Al Hebiah Second
CNT2133269140,2025-12-01,74000,2 bed rooms+hall,Al Garhoud
CNT2130319064,2025-04-18,555174,Office,Al Safouh Second
CNT2133995208,2025-12-08,50000,2 bed rooms+hall,Al Nahda Second
CNT2134131875,2025-12-01,2441056,Staff Accommodatoion,Al Goze Fourth
CNT2132859750,2025-09-11,76459,1bed room+Hall,Nad Al Shiba First
CNT2130626829,2025-04-23,18000,Office,Business Bay
CNT2132388145,2025-09-18,2008800,Room in labor Camp,Jabal Ali Industrial First
CNT2131931436,2025-04-30,27500,Office,Eyal Nasser
CNT2133494864,2025-11-17,46000,1bed room+Hall,Al Nahda Second
CNT2133031227,2025-10-11,38000,Studio,Al Warsan First
CNT2129043285,2025-02-10,46200,1bed room+Hall,Nadd Hessa
CNT2132261621,2025-09-08,45000,2 bed rooms+hall,AL QUSAIS
CNT2131129607,2025-06-30,32000,1bed room+Hall,Al Qusais Industrial Fifth
CNT2131751947,2025-07-08,15000,Office,Naif
CNT2130586673,2025-04-11,407679,Room in labor Camp,Muhaisanah Second
CNT2130088555,2025-03-06,60000,Shop,Al Karama
CNT2132635723,2025-09-10,60640,2 bed rooms+hall,Hor Al Anz East
CNT2131333727,2025-06-23,87000,1bed room+Hall,Al Barsha South Fourth
CNT2131546566,2025-07-01,34100,Studio,Al Suq Al Kabeer
CNT2127762709,2025-02-01,49000,1bed room+Hall,Mankhool
CNT2131257418,2025-06-10,20000,Office,Business Bay
CNT2133058637,2025-10-16,20000,Office,Saih Shuaib 2
CNT2132844907,2025-09-20,296374,3 bed rooms+hall,Jabal Ali First
CNT2129893434,2025-02-24,15000,Office,Al Khabeesi
CRT2132077626,2025-08-10,400000,3 bed rooms+hall,Burj Khalifa
CNT2130475358,2025-04-12,30000,Office,Port Saeed
CRT2134295146,2026-01-15,150000,3 bed rooms+hall,Wadi Al Safa 5
CNT2132607254,2025-09-12,15000,Office,Al Goze Industrial First
CNT2129574892,2025-01-17,60500,2 bed rooms+hall,AL TWAR FIFTH
CNT2131583407,2025-08-01,84000,3 bed rooms+hall,Al Karama
CNT2133319163,2025-09-12,6000000,Hotel,Al Baraha
CNT2126021302,2025-01-01,75000,2 bed rooms+hall,Al Mamzer
CNT2132472609,2025-09-05,40000,Studio,Al Hebiah Fourth
CNT2129899077,2025-02-24,15000,Office,Dubai Investment Park First
CNT2134292407,2026-01-19,48000,2 bed rooms+hall,Al Qusais Industrial Fifth
CNT2131342388,2025-06-17,15000,Office,Hor Al Anz East
CNT2134308973,2026-01-20,70000,Studio,Business Bay
CNT2131509226,2025-10-10,63000,1bed room+Hall,Al Suq Al Kabeer
CRT2133455446,2025-11-01,2100000,Office,Business Bay
CNT2131817727,2025-07-22,72765,2 bed rooms+hall,Jabal Ali First
CRT2132790796,2025-09-01,235000,3 bed rooms+hall,Palm Jumeirah
CNT2132145562,2025-08-15,75000,Office,Trade Center First
CNT2130286779,2025-03-25,23000,Studio,Muhaisanah Fourth
CNT2129892253,2025-08-27,37000,1bed room+Hall,Mirdif
CNT2132038178,2025-08-01,95000,2 bed rooms+hall,Al Satwa
CNT2128510306,2025-01-27,39468,1bed room+Hall,Al Goze Industrial Second
CRT2130816426,2025-09-10,90000,2 bed rooms+hall,Mirdif
CNT2134308054,2025-12-06,676800,Room in labor Camp,Jabal Ali Industrial First
CNT2130069312,2025-03-07,20000,Office,Trade Center First
CNT2131750635,2025-07-10,100000,2 bed rooms+hall,Oud Metha
CNT2130236327,2025-02-25,448800,Room in labor Camp,Dubai Investment Park First
CNT2131247640,2025-06-10,15000,Office,Al Khabeesi
CRT2130729286,2025-04-15,230000,3 bed rooms+hall,Al Khairan First
CNT2129454723,2025-02-10,27000,Studio,Al Ras
CNT2133734888,2025-12-07,1000000,Room in labor Camp,Al Goze Industrial Fourth
CRT2130083716,2025-01-01,35700,Studio,Wadi Al Safa 3
CNT2132390168,2025-08-20,26700,Room in labor Camp,Saih Shuaib 3
CRT2133539396,2025-09-01,140000,2 bed rooms+hall,Marsa Dubai
CNT2132606324,2025-08-15,22000,Office,Al Khabeesi
CNT2134064878,2026-01-02,15000,Office,Business Bay
CNT2134032096,2025-12-29,40000,2 bed rooms+hall,Port Saeed
CNT2133083709,2025-10-25,80000,2 bed rooms+hall,Wadi Al Safa 5
CNT2133908940,2025-11-01,2151960,Room in labor Camp,Muhaisanah Second
CNT2131757617,2025-07-15,104999,2 bed rooms+hall,Madinat Dubai Almelaheyah
CNT2130449387,2025-03-01,220000,Warehouse,Jabal Ali Industrial First
CNT2129819418,2025-02-26,69575,1bed room+Hall,Nad Al Shiba First
CNT2130947939,2025-05-15,60000,2 bed rooms+hall,Al Goze Industrial Second
CNT2132982532,2025-09-02,57750,1bed room+Hall,Nadd Hessa
CNT2133157464,2025-10-13,25000,Office,Al Goze First
CNT2132335895,2025-08-21,15000,Office,Al Baraha
CNT2130218098,2025-03-15,100000,2 bed rooms+hall,Al Karama
CNT2133827473,2025-12-01,22000,Studio,Al Mararr
CNT2131221831,2025-04-01,82500,2 bed rooms+hall,Madinat Hind 4
CNT2130927701,2025-05-15,280270,5 bed rooms+hall,Al Kheeran
CNT2132615360,2025-09-21,26000,Office,Al Mararr
CRT2133395846,2025-11-06,15000,Office,Port Saeed
CNT2129367414,2025-02-16,107000,2 bed rooms+hall,Mankhool
CNT2133139082,2025-10-29,51999,1bed room+Hall,Muhaisanah Fourth
CNT2133056212,2025-10-15,90000,2 bed rooms+hall,Al Suq Al Kabeer
CNT2132623022,2025-09-01,54080,1bed room+Hall,Al Warqa First
CRT2132456782,2025-09-04,70000,2 bed rooms+hall,Al Hebiah Fourth
CNT2130790176,2025-05-05,20000,Office,Hor Al Anz
CNT2131391930,2025-06-01,55650,Shop,Al Warsan First
CNT2128502511,2025-01-23,15000,Office,Al Baraha
CNT2132133654,2025-06-11,504000,2 bed rooms+hall,Al Goze Industrial Second
CNT2132990572,2025-10-12,140000,2 bed rooms+hall,Al Thanyah Fifth
CRT2132560000,2025-09-15,165000,3 bed rooms+hall,Wadi Al Safa 5
CNT2133501753,2025-12-15,26000,Studio,Al Mararr
CNT2129371947,2025-02-05,10000,Office,Al Nahda First
CNT2131522178,2025-07-10,85000,2 bed rooms+hall,Al Barsha First
CNT2133062426,2025-10-28,48000,1bed room+Hall,Mankhool
CNT2128819990,2025-01-10,110250,3 bed rooms+hall,Port Saeed
CNT2130451992,2025-04-11,68000,Staff Accommodatoion,Hor Al Anz
CNT2128129677,2025-01-20,55000,Shop,Naif
CNT2133902983,2025-10-03,161000,4 bed rooms+hall,Nadd Hessa
CNT2130929010,2025-05-15,196696,Office,Al Hebiah Second
CNT2133525684,2025-11-17,19000,Office,Al Baraha
CNT2134026896,2025-11-01,326250,Room in labor Camp,Jabal Ali Industrial First
CNT2134104914,2025-12-09,55521,1bed room+Hall,Al Murqabat
CNT2130495311,2025-04-01,750000,Room in labor Camp,Muhaisanah Second
CNT2132803590,2025-06-01,44000,1bed room+Hall,Al Hamriya
CNT2133701164,2025-11-05,105000,2 bed rooms+hall,Al Barsha South Fourth
CNT2133394976,2025-11-15,105000,3 bed rooms+hall,Al Nahda First
CNT2131540707,2025-07-21,2296080,Room in labor Camp,Saih Shuaib 2
CNT2132123682,2025-08-05,12000,Office,Port Saeed
CRT2132065906,2025-08-01,40500,Studio,Mirdif
CNT2131535432,2025-08-01,45738,1bed room+Hall,Nadd Hessa
CNT2130599439,2025-03-25,165000,Office,Al Barsha South Fourth
CNT2132416535,2025-09-01,1200000,Room in labor Camp,Al Goze Industrial Second
CNT2132417138,2025-09-10,110000,2 bed rooms+hall,Al Barsha South Fourth
CNT2132918121,2025-10-21,80000,3 bed rooms+hall,Madinat Hind 4
CNT2129705872,2025-02-15,40000,Office,Eyal Nasser
CNT2133143166,2025-10-01,42000,Studio,Al Dhagaya
CNT2133452941,2025-10-01,44100,1bed room+Hall,AL QUSAIS
CNT2133595028,2025-08-20,207360,Shop,Nad Al Hamar
CNT2131419947,2025-07-22,34000,Studio,Hor Al Anz
CNT2133755396,2025-12-08,60000,Studio,Al Barsha South Fourth
CRT2132175986,2025-08-05,300000,4 bed rooms+hall,Jabal Ali First
CNT2132280759,2025-08-18,20000,Office,Ras Al Khor Industrial Second
CNT2132382833,2025-09-16,1019565,Office,Al Safouh Second
CNT2133577938,2025-11-02,441000,Room in labor Camp,Al Goze Third
CRT2131541726,2025-06-01,75000,1bed room+Hall,Marsa Dubai
CNT2131381552,2025-05-15,3072000,Room in labor Camp,Muhaisanah Second
CNT2134122634,2026-01-07,20000,Office,Business Bay
CNT2127873863,2025-01-10,9005559,Room in labor Camp,Jabal Ali Industrial First
CRT2130569276,2025-04-18,196000,3 bed rooms+hall,Wadi Al Safa 6
CRT2132045136,2025-07-26,43000,Shop,Al Warsan First
CRT2131564836,2025-07-07,125000,4 bed rooms+hall,Madinat Al Mataar
CNT2130801209,2025-04-23,13833333,Hotel,Hor Al Anz East
CNT2129909337,2025-02-24,15000,Office,Dubai Investment Park First
CNT2132774138,2025-08-15,70000,2 bed rooms+hall,Al Karama
CNT2130420766,2025-03-31,55440,2 bed rooms+hall,Al Warqa First
CNT2129936213,2025-03-10,60000,1bed room+Hall,Al Barsha South Fourth
CNT2134278062,2026-01-18,24000,Office,Mankhool
CNT2127623731,2025-01-01,93600,Shop,Naif
CNT2133620347,2025-11-01,116280,Office,Al Raffa
CRT2134168566,2026-02-15,273000,3 bed rooms+hall,Burj Khalifa
CNT2127670393,2025-01-01,20000,Office,Al Rega
CRT2130072638,2025-03-10,150000,3 bed rooms+hall,Madinat Al Mataar
CNT2128560614,2025-01-30,98500,2 bed rooms+hall,Al Satwa
CNT2132062365,2025-07-25,69024,2 bed rooms+hall,Hessyan First
CNT2134242133,2026-01-10,282800,Office,Al Garhoud
CNT2130001567,2025-03-03,20000,Room,Al Murqabat
CNT2132329013,2025-05-20,5694000,Room in labor Camp,Muhaisanah Second
CRT2131798626,2025-08-10,58925,1bed room+Hall,Al Barsha South Fifth
CNT2128292625,2025-01-01,510000,Shop,Al Aweer First
CNT2132106963,2025-08-04,15000,Office,Mankhool
CNT2129883867,2025-02-23,37000,1bed room+Hall,Al Qusais Industrial Fifth
CRT2131758976,2025-06-15,66000,3 bed rooms+hall,Madinat Hind 4
CNT2130699637,2025-04-29,15000,Office,Dubai Investment Park Second
CNT2133445818,2025-11-11,15000,Office,Al Khabeesi
CNT2133967963,2026-01-01,132000,3 bed rooms+hall,Al Wasl
CRT2133944486,2025-12-10,95000,1bed room+Hall,Business Bay
CNT2128962059,2025-02-03,99267,3 bed rooms+hall,Madinat Al Mataar
CNT2133609172,2025-11-01,68500,2 bed rooms+hall,Al Murqabat
CNT2133930202,2025-11-03,50164,Studio,Al Barsha South Fifth
CNT2128579494,2025-01-28,20000,Office,Al Khabeesi
CNT2131958857,2025-04-20,10656,Room in labor Camp,Muhaisanah Second
CNT2133119087,2025-10-23,36500,1bed room+Hall,Al Qusais Industrial Fifth
CRT2131727806,2025-07-01,256667,4 bed rooms+hall,Wadi Al Safa 5
CNT2131353872,2025-04-15,47600,2 bed rooms+hall,Al Warsan First
CNT2133215948,2025-10-07,102354,Office,Al Karama
CNT2128443219,2025-01-22,15000,Office,Al Khabeesi
CNT2132950799,2025-05-01,234000,Studio,Dubai Investment Park First
CNT2130222906,2025-03-01,606000,Room in labor Camp,Jabal Ali Industrial First
CNT2134303080,2026-01-01,3500000,Hotel,Al Suq Al Kabeer
CRT2131526326,2025-06-01,43333,4 bed rooms+hall,Al Waheda
CNT2134253430,2026-03-01,160000,1bed room+Hall,Business Bay
CNT2131933621,2025-07-25,53600,1bed room+Hall,Al Jadaf
CNT2131874232,2025-06-17,42212,Shop,Madinat Dubai Almelaheyah
CNT2133829359,2025-12-10,44770,1bed room+Hall,Al Nahda First
CRT2131805966,2025-07-01,85000,2 bed rooms+hall,Al Hebiah Fourth
CNT2134035106,2025-11-26,150000,4 bed rooms+hall,Jabal Ali First
CNT2133089839,2025-10-01,1036800,Labor Camp,Jabal Ali Industrial First
CRT2130181266,2025-02-10,88000,Office,Al Barsha South Fourth
CNT2133235344,2025-10-25,50000,1bed room+Hall,Warsan Fourth
CRT2130171296,2025-02-13,72105,2 bed rooms+hall,Al Thanyah First
CNT2133021300,2025-10-15,76200,Office,Al Goze Industrial First
CNT2134130902,2026-01-07,20000,Office,Saih Shuaib 2
CNT2127223651,2025-01-01,74000,Shop with a mezzanine,Al Dhagaya
CNT2132848851,2025-10-01,20000,Office,AL TWAR FIFTH
CNT2133050988,2025-10-03,25500,1bed room+Hall,Muhaisanah Fourth
CRT2132105796,2025-07-15,185000,3 bed rooms+hall,Wadi Al Safa 5
CNT2132772109,2025-09-06,15000,Office,Al Rega
CNT2132328721,2025-07-25,110200,3 bed rooms+hall,Al Jadaf
CNT2133410491,2025-11-07,20000,Office,Dubai Investment Park First
CNT2130529108,2025-03-21,37000,Office,Al Muteena
CRT2131803696,2025-06-20,100000,Hotel,Al Rowaiyah First
CNT2134289777,2025-10-01,49000,2 bed rooms+hall,AL QUSAIS
CRT2132363946,2025-09-01,60000,Studio,Al Thanyah Fifth
CNT2133926961,2026-01-01,115000,4 bed rooms+hall,Hor Al Anz
CNT2134250733,2025-12-30,35000,1bed room+Hall,AL QUSAIS
CNT2132997842,2025-10-13,16000,Office,Business Bay
CNT2132737824,2025-10-24,500000,Hotel,Al Thanyah First
CNT2132791720,2025-08-27,53400,Room in labor Camp,Saih Shuaib 2
CNT2127674605,2025-02-05,55650,1bed room+Hall,Mankhool
CNT2132673753,2025-09-17,60000,Studio,Al Hudaiba
CNT2132376888,2025-08-10,315000,Room in labor Camp,Muhaisanah Second
CNT2130289716,2025-02-01,3212423,Shop,Oud Metha
CNT2130224190,2025-04-05,95000,1bed room+Hall,Marsa Dubai
CRT2132539696,2025-10-09,125000,2 bed rooms+hall,Muhaisanah First
CNT2133002476,2025-10-13,20000,Office,Al Murqabat
CNT2132516950,2025-07-04,16000,Studio,Al Warsan First
CNT2130921841,2025-02-18,170000,2 bed rooms+hall,Saih Shuaib 2
CRT2130916886,2025-05-14,75000,2 bed rooms+hall,Jabal Ali First
CNT2128538187,2025-01-27,40000,Studio,Al Hebiah Fourth
CNT2130098276,2025-03-10,15000,Office,Al Goze Industrial Third
CNT2133011006,2025-10-27,44000,Studio,Jabal Ali First
CNT2131085687,2025-05-01,23400,Room in labor Camp,Al Goze Industrial Second
CNT2131740676,2025-07-07,12000,Office,Al Qusais Industrial Fourth
CRT2132842906,2025-09-08,31500,1bed room+Hall,Al Warsan First
CNT2133653090,2025-11-27,50000,2 bed rooms+hall,Al Thanyah Fifth
CNT2132870025,2025-10-26,39050,1bed room+Hall,Al Goze Industrial Second
CNT2133833797,2025-09-30,127780,Warehouse,Saih Shuaib 3
CNT2132883688,2025-08-27,63000,1bed room+Hall,Al Karama
CNT2131878437,2025-07-09,439560,1bed room+Hall,Dubai Investment Park Second
CNT2134261436,2025-12-25,55000,1bed room+Hall,Al Barsha South Fourth
CNT2134329638,2026-01-20,15000,Office,Jabal Ali First
CNT2132438976,2025-07-05,35000,1bed room+Hall,AL QUSAIS
CNT2130830716,2025-05-08,14000,Office,Port Saeed
CNT2132410611,2025-08-25,59000,1bed room+Hall,Al Barshaa South Third
CNT2132852349,2025-09-19,35000,1bed room+Hall,AL TWAR FIFTH
CNT2127552456,2025-01-07,15000,Office,Al Mararr
CNT2133955906,2025-12-01,45148,1bed room+Hall,Dubai Investment Park First
CNT2131553969,2025-01-01,122400,Room in labor Camp,Al Goze Third
CNT2134054420,2026-01-01,35000,Studio,Naif
CNT2129978137,2025-02-28,16000,Office,Al Goze First
CRT2128309596,2025-02-09,12000,Office,Hatta
CRT2132627576,2025-09-11,450000,4 bed rooms+hall,Al Hebiah Fourth
CNT2130331955,2025-04-05,332683,5 bed rooms+hall,Jumeirah Third
CNT2134265515,2026-01-15,50400,1bed room+Hall,Al Barsha First
CNT2132613645,2025-09-15,95000,3 bed rooms+hall,Muhaisanah Fourth
CNT2130297880,2025-03-26,32727,Room in labor Camp,Muhaisanah Second
CNT2132417275,2025-09-03,58000,2 bed rooms+hall,Al Qusais Industrial First
CNT2133158376,2025-10-26,30000,1bed room+Hall,Al Baraha
CRT2132813156,2025-10-03,105000,1bed room+Hall,Hadaeq Sheikh Mohammed Bin Rashid
CRT2127506566,2025-01-01,300000,Room in labor Camp,Jabal Ali Industrial First
CNT2130801209,2025-04-23,13833333,Hotel,Hor Al Anz East
CNT2129832965,2025-02-18,15000,Office,Dubai Investment Park First
CRT2133060526,2025-10-01,52000,Studio,Al Barsha South Fourth
CRT2132993531,2025-06-15,215000,4 bed rooms+hall,Wadi Al Safa 5
CNT2131326128,2025-06-16,15000,Office,Al Barsha First
CNT2130519947,2025-04-10,226800,Room in labor Camp,Muhaisanah Second
CNT2133233399,2025-10-29,20000,Office,Trade Center First
CNT2128520074,2025-01-13,200000,4 bed rooms+hall,Al Thanyah Fifth
CNT2132383632,2025-08-15,324000,Labor Camp,Jabal Ali Industrial First
CNT2133971110,2026-01-01,2272742,Office,Al Safouh Second
CNT2129998534,2025-02-08,52000,2 bed rooms+hall,Al Nahda Second
CNT2131732725,2025-01-01,670622,Shop,Al-Cornich
CNT2128823957,2025-01-05,33500,2 bed rooms+hall,Al Goze Fourth
CNT2131302438,2025-07-01,30030,2 bed rooms+hall,AL QUSAIS
CNT2134271888,2025-12-31,54882,1bed room+Hall,Jabal Ali First
CNT2132864646,2025-08-05,2815200,Room in labor Camp,Dubai Investment Park First
CNT2130001656,2025-02-20,28500,Office,Naif
CNT2128295258,2025-01-15,290436,Parking,Al Muteena
CNT2131422607,2025-01-23,39000,1bed room+Hall,Al Qusais Industrial Fifth
CNT2132993410,2025-10-12,35000,1bed room+Hall,Al Qusais Industrial Fifth
CNT2134084674,2025-12-01,583200,Room in labor Camp,Jabal Ali Industrial First
CNT2134088564,2026-01-10,42000,1bed room+Hall,Al Warqa First
CNT2132605495,2025-09-10,444740,Studio,Jabal Ali Industrial First
CNT2129433794,2025-02-10,365000,Office,Al Thanyah First
CRT2130480756,2025-04-15,122500,2 bed rooms+hall,Business Bay
CRT2132388576,2025-08-01,36000,Shop,Al Jafliya
CNT2128297199,2025-01-20,10000,Office,Port Saeed
CRT2128322706,2025-01-02,114000,1bed room+Hall,Hadaeq Sheikh Mohammed Bin Rashid
CRT2129452166,2025-02-15,500000,Office,Al Thanyah Fifth
CNT2131881040,2025-05-21,96000,Shop with a mezzanine,Al Ras
CNT2129977455,2025-02-28,13000,Office,Oud Metha
CNT2132378062,2025-08-25,21000,Office,Dubai Investment Park First
CNT2133472463,2025-12-25,33000,Studio,Al Warsan First
CNT2131666457,2025-03-31,40096,1bed room+Hall,Jabal Ali First
CNT2131047157,2025-05-20,33600,Studio,Dubai Investment Park Second
CNT2131802514,2025-06-15,70000,2 bed rooms+hall,Al Hamriya
CNT2128119006,2025-02-25,13000,Office,Al Raffa
CNT2132869790,2025-09-10,70000,2 bed rooms+hall,Saih Shuaib 2
CRT2133753776,2025-12-01,58000,Studio,Saih Shuaib 2
CNT2132392616,2025-09-01,62500,Warehouse,Jabal Ali Industrial First
CNT2133819752,2026-01-01,27830,Studio,Warsan Fourth
CNT2123060271,2025-01-01,34240,Office,Al Rega
CNT2130156636,2025-03-01,38000,1bed room+Hall,Al Warsan First
CNT2134113452,2025-11-05,296400,Room in labor Camp,Jabal Ali Industrial First
CNT2130831816,2025-05-01,415000,Office,Al Ras
CNT2132986853,2025-10-12,68640,Shop,Al Suq Al Kabeer
CNT2131542728,2025-08-20,48000,2 bed rooms+hall,Al Nahda Second
CRT2127506566,2025-01-01,300000,Room in labor Camp,Jabal Ali Industrial First
CNT2132529865,2025-09-03,40320,2 bed rooms+hall,Al Goze Fourth
CNT2128967388,2025-02-10,365625,Office,Trade Center First
CNT2131835837,2025-06-01,75000,1bed room+Hall,Marsa Dubai
CNT2133812758,2025-12-15,45000,Studio,Al Satwa
CRT2131161796,2025-06-01,85000,Office,Business Bay
CNT2132283161,2025-08-18,15000,Office,Saih Shuaib 3
CNT2117181564,2025-07-01,28935000,3 bed rooms+hall,Business Bay
CNT2130199115,2025-04-17,60375,2 bed rooms+hall,Mirdif
CNT2130395219,2025-04-11,145000,2 bed rooms+hall,Business Bay
CNT2130158225,2025-02-19,105085,Office,Al Thanyah Fifth
CNT2130886593,2025-05-07,2136,Room in labor Camp,Muhaisanah Second
CNT2132955573,2025-10-10,45000,Studio,Wadi Al Safa 5
CNT2127805015,2025-01-06,201600,Room in labor Camp,Al Goze Industrial First
CNT2131320498,2025-06-23,55000,Office,Al Dhagaya
CNT2131422177,2025-07-11,45000,2 bed rooms+hall,Al Qusais Industrial Fifth
CNT2133842218,2025-12-12,15000,Office,Al Murqabat
CNT2133959856,2025-12-23,25000,Studio,Al Mararr
CNT2127432088,2025-01-14,42446,2 bed rooms+hall,Muhaisanah Fourth
CNT2131567667,2025-06-18,30000,Room in labor Camp,Dubai Investment Park Second
CNT2131844959,2025-07-15,20000,Office,Hor Al Anz
CRT2130647846,2025-04-13,200000,3 bed rooms+hall,Al Barsha South Fourth
CNT2131814907,2025-07-01,187000,3 bed rooms+hall,Al Safouh Second
CRT2130915436,2025-05-16,60000,Studio,Business Bay
CNT2131815220,2025-09-15,85885,3 bed rooms+hall,Mirdif
CNT2128137432,2025-01-13,65000,2 bed rooms+hall,Al Warqa First
CNT2130595570,2025-04-25,110000,1bed room+Hall,Al Barsha South Fifth
CNT2131162403,2025-06-10,48000,Shop,Al Suq Al Kabeer
CNT2131343585,2025-06-05,4896000,Room in labor Camp,Jabal Ali Industrial First
CRT2130367086,2025-02-26,35000,1bed room+Hall,Al Thanyah Fifth
CNT2133810545,2025-12-15,400000,Hotel,Al Warsan First
CNT2133132281,2025-11-01,50000,1bed room+Hall,Muhaisanah Fourth
CNT2131055806,2025-05-26,170000,4 bed rooms+hall,Al Yelayiss 2
CNT2130958091,2025-06-01,56000,2 bed rooms+hall,Al Warqa First
CNT2130636253,2025-06-24,80000,2 bed rooms+hall,Jabal Ali Industrial First
CNT2134092497,2026-01-01,90000,3 bed rooms+hall,Al Murqabat
CNT2127642793,2025-01-19,15000,Office,AL TWAR FIFTH
CNT2131104786,2025-05-31,87500,2 bed rooms+hall,Jabal Ali First
CNT2133679061,2025-11-28,42000,1bed room+Hall,Al Mararr
CNT2133993989,2026-01-01,26000,Studio,Al Mararr
CRT2132588016,2025-09-19,105000,1bed room+Hall,Marsa Dubai
CNT2130735918,2025-05-15,66500,1bed room+Hall,Madinat Al Mataar
CNT2130366315,2025-04-03,15000,Office,Al Khabeesi
CNT2133350013,2025-08-01,72000,1bed room+Hall,Al Barsha South Fourth
CNT2127968409,2025-01-14,15000,Office,Al Mararr
CNT2132093739,2025-08-05,80000,1bed room+Hall,Al Hebiah Sixth
CNT2131782345,2025-10-19,34500,Studio,Jabal Ali Industrial First
CNT2130445120,2025-05-05,57600,Studio,Al Thanyah Fifth
CNT2130308610,2025-04-01,59000,1bed room+Hall,Port Saeed
CNT2131180807,2025-06-08,52999,2 bed rooms+hall,Muhaisanah Fourth
CNT2132561010,2025-09-09,15000,Office,Al Khabeesi
CNT2132475066,2025-09-25,57750,1bed room+Hall,Mankhool
CNT2133892420,2026-01-20,310000,3 bed rooms+hall,Um Suqaim Third
CNT2128522487,2025-01-15,46000,1bed room+Hall,Nadd Hessa
CNT2133722503,2025-12-09,220000,Shop,Al Mararr
CNT2133843551,2025-12-15,44000,1bed room+Hall,Al Nahda Second
CNT2128733465,2025-01-30,40000,1bed room+Hall,Al Nahda Second
CNT2133908940,2025-11-01,2151960,Room in labor Camp,Muhaisanah Second
CNT2130567272,2025-04-18,58190,2 bed rooms+hall,Nadd Hessa
CNT2130928953,2025-05-10,24000,Studio,Al Warsan First
CRT2133913486,2025-12-18,15000,Office,Port Saeed
CNT2125876514,2025-01-01,650000,Hotel,Al Sabkha
CNT2134291870,2026-02-18,93000,2 bed rooms+hall,Al Jadaf
CNT2130984971,2025-05-15,842400,Room in labor Camp,Al Goze Third
CNT2130216986,2025-03-15,1328400,Room,Dubai Investment Park First
CNT2130563712,2025-04-07,55650,2 bed rooms+hall,Al Nahda First
CNT2131369855,2025-06-18,15000,Office,Business Bay
CRT2132230026,2025-06-14,1080000,Room in labor Camp,Jabal Ali Industrial First
CNT2129837754,2025-01-01,774000,Room in labor Camp,Dubai Investment Park Second
CNT2133993884,2025-11-10,205000,Shop,Jabal Ali Industrial First
CNT2128718671,2025-01-29,15000,Office,Al Baraha
CNT2134210256,2025-11-01,460800,Room in labor Camp,Muhaisanah Second
CNT2129439677,2025-02-01,33880,Studio,Al Goze Fourth
CNT2129959478,2025-02-27,70000,1bed room+Hall,Al Hebiah Third
CNT2133892624,2025-11-01,721479,Room in labor Camp,Muhaisanah Second
CNT2126346430,2025-03-29,45203,Studio,Al Hebiah Fifth
CNT2126813999,2025-01-07,39000,1bed room+Hall,Muhaisanah Fourth
CNT2130166451,2025-01-15,1734600,Office,Al Karama
CNT2132247791,2025-06-01,28000,Studio,Abu Hail
CNT2131310434,2025-06-14,57000,Studio,Business Bay
CNT2130041534,2025-03-07,100000,1bed room+Hall,Marsa Dubai
CNT2133879178,2025-11-05,95000,2 bed rooms+hall,Marsa Dubai
CNT2134334023,2026-01-20,15000,Office,Al Murqabat
CNT2131384250,2025-06-19,20000,Office,Trade Center First
CNT2129116852,2025-02-01,235577,4 bed rooms+hall,Marsa Dubai
CNT2131905222,2025-09-05,43000,1bed room+Hall,AL QUSAIS
CNT2132560637,2025-09-09,15000,Office,Port Saeed
CNT2131206429,2025-06-04,72389,1bed room+Hall,Al Barshaa South Third
CNT2130744376,2025-05-01,110208,Room in labor Camp,Muhaisanah Second
CNT2133923312,2025-11-01,720000,Room in labor Camp,Jabal Ali Industrial First
CNT2132197506,2025-08-20,75000,2 bed rooms+hall,Nad Al Hamar
CNT2133275270,2025-11-01,60000,Studio,Al Merkadh
CNT2132331958,2025-08-21,99360,Office,Nadd Hessa
CRT2130945636,2025-05-25,125000,2 bed rooms+hall,Hadaeq Sheikh Mohammed Bin Rashid
CNT2132123754,2025-04-21,567000,Hotel,Naif
CNT2133624071,2026-01-01,76000,2 bed rooms+hall,Al Jadaf
CNT2133252803,2025-10-30,15000,Office,Hor Al Anz
CNT2131972469,2025-07-24,15000,Office,Hor Al Anz
CNT2132054470,2025-07-21,196102,Warehouse,Dubai Investment Park Second
CNT2131524936,2025-06-25,10000,Office,Mankhool
CNT2132475310,2025-08-26,65000,2 bed rooms+hall,Nad Al Hamar
CNT2133440076,2025-10-31,71000,Warehouse,Al Qusais Industrial First
CNT2131809723,2025-07-22,55000,1bed room+Hall,Wadi Al Safa 3
CRT2133446956,2025-11-11,165000,3 bed rooms+hall,Madinat Al Mataar
CNT2128532302,2025-02-01,27720,Studio,Wadi Al Safa 5
CNT2132644292,2025-10-11,30000,Studio,Al Warsan First
CRT2132232706,2025-08-20,140000,3 bed rooms+hall,Wadi Al Safa 7
CNT2132568272,2025-09-07,20000,Office,Al Hamriya
CNT2132717463,2025-09-28,75000,2 bed rooms+hall,Al Thanyah First
CNT2129374077,2025-03-01,45150,2 bed rooms+hall,Muhaisanah Fourth
CNT2133420892,2025-12-08,50000,2 bed rooms+hall,Al Qusais Industrial Fifth
CNT2132498980,2025-09-01,73500,2 bed rooms+hall,Nadd Hessa
CNT2132909939,2025-10-01,115000,Shop,Muhaisanah Fourth
CNT2133462458,2025-11-01,1680000,Room in labor Camp,Madinat Dubai Almelaheyah
CNT2126469508,2025-01-05,137500,Office,Al Thanyah Fifth
CNT2130776616,2025-04-25,24000,Studio,Al Suq Al Kabeer
CNT2133091068,2025-09-25,1100000,Room in labor Camp,Al Goze Industrial Second
CRT2132336446,2025-03-20,37000,Studio,Al Barsha South Fourth
CNT2128571317,2025-02-01,85000,2 bed rooms+hall,Al Satwa
CRT2134036536,2025-12-31,68000,1bed room+Hall,Al Barshaa South Third
CNT2130135827,2025-03-20,191009,4 bed rooms+hall,Al Saffa Second
CRT2129954716,2025-03-06,55000,1bed room+Hall,Madinat Al Mataar
CNT2130120166,2025-03-27,60499,1bed room+Hall,Al Barsha First
CNT2125446951,2025-01-01,75000,2 bed rooms+hall,Al Muteena
CNT2132781799,2025-09-25,15000,Office,Al Karama
CRT2132856976,2025-10-01,310000,Office,Business Bay
CNT2130228408,2025-03-25,42000,1bed room+Hall,Al Nahda First
CNT2128566062,2025-02-01,60000,2 bed rooms+hall,Port Saeed
CNT2133244738,2025-10-30,15000,Office,Al Goze Industrial First
CNT2131775911,2025-07-09,15000,Office,Al Suq Al Kabeer
CNT2113645154,2025-04-01,9500,Studio,Al Mararr
CNT2132610002,2025-09-18,70000,2 bed rooms+hall,Mirdif
CRT2133091686,2025-11-01,57000,1bed room+Hall,Al Barsha South Fourth
CNT2134172156,2026-01-08,68250,2 bed rooms+hall,Mirdif
CNT2130554768,2025-05-15,100000,2 bed rooms+hall,Jumeirah First
CNT2128084039,2025-01-15,15000,Office,Hor Al Anz East
CNT2131195429,2025-06-01,41000,1bed room+Hall,Al Warqa First
CNT2132179895,2025-08-10,49000,Studio,Al Mararr
CRT2133959626,2025-12-23,15000,Office,Port Saeed
CNT2129996622,2025-03-03,15000,Office,Al Khabeesi
CNT2133584115,2025-11-21,180000,Office,Business Bay
CNT2130127277,2025-03-10,115004,2 bed rooms+hall,Trade Center First
CNT2133103007,2025-11-01,115000,2 bed rooms+hall,Al Jadaf
CNT2133996739,2026-01-10,125000,2 bed rooms+hall,Business Bay
CNT2132685653,2025-08-19,307200,Labor Camp,Muhaisanah Second
CNT2130979028,2025-05-19,25000,Office,Oud Metha
CRT2131388476,2025-07-01,138000,2 bed rooms+hall,Al Merkadh
CNT2129368144,2025-01-01,60000,1bed room+Hall,Al Warsan First
CNT2131327518,2025-06-14,60000,2 bed rooms+hall,Wadi Al Safa 5
CNT2134078411,2026-01-01,325000,Hat Saloon,Al Barsha First
CRT2130743326,2025-05-01,500000,Office,Al Thanyah Fifth
CNT2132628952,2025-07-11,38400,Room in labor Camp,Al Goze Third
CNT2132973528,2025-10-10,55000,2 bed rooms+hall,Al Muteena
CNT2130371308,2025-03-11,460000,4 bed rooms+hall,Business Bay
CNT2130545852,2025-01-01,295610,Shop,Madinat Hind 1
CNT2134056854,2026-01-05,19000,Studio,Al Mararr
CNT2129836957,2025-03-17,58800,1bed room+Hall,Madinat Dubai Almelaheyah
CNT2132998104,2025-10-13,15000,Office,Al Khabeesi
CNT2133096309,2025-10-20,15000,Office,Al Mararr
CNT2126889502,2025-01-01,22000,Studio,Eyal Nasser
CNT2131312800,2025-06-10,60000,1bed room+Hall,Al Warsan First
CNT2130013913,2025-03-01,69500,2 bed rooms+hall,Nadd Hessa
CNT2133205710,2025-10-28,15000,Office,Al Khabeesi
CNT2132821092,2025-09-20,25933,Studio,Al Warsan First
CNT2130006277,2025-03-01,66000,Shop,Al Warqa Third
CNT2130870792,2025-05-12,15000,Office,Business Bay
CRT2132881806,2025-10-03,190000,2 bed rooms+hall,Marsa Dubai
CNT2133532865,2025-12-01,110400,Office,Nadd Hessa
CNT2130414816,2025-03-01,171000,Room in labor Camp,Jabal Ali Industrial First
CNT2131994399,2025-02-16,33500,Shop,Al Suq Al Kabeer
CNT2131840965,2025-08-01,4792500,Studio,Madinat Hind 3
CNT2130883565,2025-04-01,4800000,Studio,Naif
CNT2132615711,2025-09-13,20000,Office,Al Muteena
CNT2130815776,2025-03-01,60000,1bed room+Hall,Naif
CNT2134174056,2026-01-25,346500,4 bed rooms+hall,Al Thanyah Third
CRT2127506566,2025-01-01,300000,Room in labor Camp,Jabal Ali Industrial First
CNT2133279642,2025-10-01,46500,1bed room+Hall,Al Suq Al Kabeer
CRT2133025806,2025-10-15,100000,1bed room+Hall,Al Barsha South Fourth
CNT2132386551,2025-09-04,122850,2 bed rooms+hall,Trade Center First
CNT2130048872,2025-03-12,101871,3 bed rooms+hall,Jabal Ali First
CNT2133691756,2025-12-01,50000,Studio,Madinat Hind 4
CNT2131950820,2025-06-28,95000,2 bed rooms+hall,Jabal Ali First
CNT2127864317,2025-01-01,540000,Room in labor Camp,Muhaisanah Second
CNT2132889436,2025-03-01,103200,Room in labor Camp,Al Goze Industrial Second
CNT2130908735,2025-05-14,15000,Office,Business Bay
CRT2132365826,2025-08-25,56000,Studio,Al Barsha South Fourth
CRT2127491216,2025-01-01,5000000,Studio,Dubai Investment Park Second
CRT2131172806,2025-06-04,106000,3 bed rooms+hall,Madinat Hind 4
CNT2131013110,2025-06-01,593460,Office,Al Mararr
CNT2128724475,2025-02-01,170000,Shop,Al Barsha First
CRT2133666106,2025-12-01,145000,3 bed rooms+hall,Wadi Al Safa 5
CNT2125335476,2025-01-15,42000,1bed room+Hall,Al Suq Al Kabeer
CNT2134325371,2025-12-05,52600,Office,Al Nahda First
CRT2130503496,2025-01-01,25000,Shop,Al Satwa
CNT2127680716,2025-01-01,225000,Office,Al Thanyah Fifth
CNT2131842779,2025-08-01,4792500,Studio,Madinat Hind 3
CNT2131736297,2025-07-07,280000,Room in labor Camp,Jabal Ali Industrial First
CRT2128314646,2025-01-17,120000,2 bed rooms+hall,Al Merkadh
CNT2131522465,2025-06-25,15000,Office,Al Garhoud
CNT2131682739,2025-07-01,105000,Warehouse,Um Ramool
CNT2133927436,2025-12-22,165000,3 bed rooms+hall,Al Barshaa South Third
CRT2130853516,2025-05-13,60000,1bed room+Hall,Dubai Investment Park Second
CNT2130221560,2025-01-19,26182,2 bed rooms+hall,Muhaisanah Second
CNT2127629988,2025-01-08,14000,Office,Port Saeed
CNT2131740730,2025-07-03,43800,Studio,Al Barshaa South Third
CNT2132187804,2025-08-16,84700,2 bed rooms+hall,Al Barsha First
CNT2133890010,2026-01-01,35000,Office,Naif
CNT2133210547,2025-10-08,144000,Studio,Jabal Ali Industrial First
CNT2130103650,2025-01-01,2378000,Hotel,Al Goze Third
CNT2130602867,2025-04-15,66000,3 bed rooms+hall,AL QUSAIS
CNT2131003860,2025-05-21,16500,Office,Business Bay
CNT2132401369,2025-07-14,70000,Office,Al Goze Third
CRT2132795786,2025-10-01,260000,4 bed rooms+hall,Nad Al Shiba Third
CRT2127451066,2025-01-01,189750,Shop,Al Mararr
CNT2132997550,2025-10-09,120000,,Al Goze Industrial Second
CNT2134320993,2025-09-20,98923,2 bed rooms+hall,Al Hebiah Third
CNT2132072597,2025-08-09,59000,1bed room+Hall,Al Karama
CNT2132525761,2025-09-07,55000,1bed room+Hall,Wadi Al Safa 5
CNT2132573476,2025-09-10,90000,2 bed rooms+hall,Port Saeed
CNT2127930312,2025-01-15,63600,Office,Al Qusais Industrial Third
CNT2133765934,2025-11-20,94710,2 bed rooms+hall,Trade Center First
CNT2130994963,2025-05-05,63945,2 bed rooms+hall,Al Kheeran
CNT2134187420,2026-01-01,70000,Warehouse,Um Ramool
CNT2130922956,2025-05-13,210000,4 bed rooms+hall,Al Hebiah Third
CRT2129794298,2025-03-07,80000,1bed room+Hall,Business Bay
CNT2132948915,2025-10-05,103000,3 bed rooms+hall,Rega Al Buteen
CNT2124324830,2025-01-12,57330,2 bed rooms+hall,Al Goze Industrial Second
CNT2134105464,2026-01-06,18000,Office,Al Nahda Second
CRT2131334156,2025-07-01,180000,3 bed rooms+hall,Al Thanyah Third
CNT2132152567,2025-08-01,2113311,Room in labor Camp,Muhaisanah Second
CNT2127361942,2025-01-01,50000,1bed room+Hall,Al Mararr
CNT2132383381,2025-08-01,59500,1bed room+Hall,Al Barshaa South Third
CNT2133965453,2026-01-07,73000,Shop,Al Bada
CNT2132970422,2025-10-09,15000,Office,Naif
CNT2132716972,2025-10-01,33880,Studio,Al Goze Fourth
CNT2133109001,2025-09-18,31500,Studio,Eyal Nasser
CNT2133706112,2025-12-01,54000,2 bed rooms+hall,Al Murqabat
CNT2132712331,2025-07-01,323400,Room in labor Camp,Al Goze Industrial Second
CNT2131368527,2025-06-15,99225,3 bed rooms+hall,Al Warqa First
CNT2129259311,2025-02-25,712800,Room in labor Camp,Al Goze Third
CNT2131492093,2025-06-19,270000,Office,Business Bay
CNT2134316945,2025-11-12,30000,Shop,Muhaisanah Second
CNT2127827925,2025-02-01,34650,Studio,Wadi Al Safa 5
CNT2133138574,2025-11-06,53000,2 bed rooms+hall,Al Goze Industrial Second
CNT2132238147,2025-08-19,63800,Shop,Al Warqa Third
CNT2132644563,2025-09-23,66000,Studio,Business Bay
CNT2131863265,2025-01-01,36960,Studio,Al Barshaa South Third
CNT2134144043,2026-01-08,20000,Office,Saih Shuaib 2
CRT2127237606,2025-01-01,75000,2 bed rooms+hall,Dubai Investment Park Second
CNT2132962965,2025-04-01,3500000,Room in labor Camp,Jabal Ali Industrial First
CNT2133451289,2025-11-11,10000,Office,Al Raffa
CNT2134302523,2026-01-01,2500000,Hotel,Al Suq Al Kabeer
CNT2133234948,2025-11-01,170000,2 bed rooms+hall,Al Thanyah Third
CRT2130446316,2025-04-20,120000,2 bed rooms+hall,Al Barsha South Fourth
CNT2131299393,2025-05-22,116000,Office,Al Saffa First
CNT2133786146,2025-12-14,63000,1bed room+Hall,Al Mamzer
CNT2134290953,2026-02-01,42000,1bed room+Hall,Al Warsan First
CNT2133749500,2025-12-18,45000,1bed room+Hall,Al Qusais Industrial Fourth
CNT2132307972,2025-08-19,60000,Office,Trade Center First
CNT2130566343,2025-05-01,33075,Office,Um Hurair Second
CNT2131875249,2025-07-15,162000,Room in labor Camp,Muhaisanah Second
CRT2130093756,2025-03-20,35000,1bed room+Hall,Al Thanyah Fifth
CRT2133627016,2025-11-15,25000,Office,Al Dhagaya
CNT2133188098,2025-10-15,383640,Room in labor Camp,Muhaisanah Second
CNT2134124869,2026-01-07,20000,Office,Business Bay
CNT2130866693,2025-05-11,56000,1bed room+Hall,Warsan Fourth
CRT2133053526,2025-10-20,160865,2 bed rooms+hall,Al Khairan First
CNT2133668902,2025-12-02,78750,2 bed rooms+hall,Madinat Dubai Almelaheyah
CNT2131341724,2025-05-15,202400,3 bed rooms+hall,Wadi Al Safa 7
CNT2133601826,2025-11-24,60000,1bed room+Hall,Nadd Hessa
CNT2130064378,2025-03-15,50000,1bed room+Hall,Madinat Al Mataar
CNT2133650517,2025-11-01,38500,1bed room+Hall,Al Nahda Second
CRT2133207746,2025-11-01,80000,3 bed rooms+hall,Abu Hail
CNT2130354294,2025-03-26,120000,3 bed rooms+hall,Al Warsan First
CNT2132264720,2025-09-01,70000,1bed room+Hall,Al Jadaf
CNT2129252051,2025-02-01,99000,Warehouse,Dubai Investment Park First
CNT2131998416,2025-08-15,46500,2 bed rooms+hall,Al Raffa
CNT2131183231,2025-06-03,21000,Office,Dubai Investment Park First
CRT2131021586,2025-03-08,74000,1bed room+Hall,Business Bay
CNT2130615761,2025-04-11,82000,2 bed rooms+hall,Al Murqabat
CNT2132034228,2025-07-01,410000,3 bed rooms+hall,Al Wasl
CNT2133448590,2025-12-01,96000,Office,Business Bay
CRT2130308056,2025-04-15,70000,1bed room+Hall,Wadi Al Safa 3
CNT2132728195,2025-09-22,20000,Office,Al Murqabat
CNT2131754246,2025-07-01,70000,3 bed rooms+hall,Al Barsha South Fourth
CNT2130830220,2025-05-11,100000,2 bed rooms+hall,Al Jadaf
CNT2132366080,2025-10-10,65000,2 bed rooms+hall,Nadd Hessa
CNT2133923807,2025-12-19,15000,Office,Al Mararr
CNT2132728622,2025-09-22,20000,Office,Al Mararr
CNT2134127867,2026-01-01,92000,Shop,Al Warsan First
CNT2132962791,2025-10-09,15000,Office,Al Garhoud
CNT2130271447,2025-02-24,97000,3 bed rooms+hall,Al Rega
CNT2129992763,2025-03-03,15000,Office,Hor Al Anz
CNT2130945866,2025-05-16,15000,Office,Al Murqabat
CRT2133996556,2026-01-07,33000,1bed room+Hall,Al Warsan First
CNT2130694847,2025-05-11,51600,Shop with a mezzanine,Naif
CNT2130265264,2025-03-24,15000,Office,Al Khabeesi
CNT2134241349,2025-11-17,2871265,Studio,Al Goze Industrial Second
CNT2133701369,2025-12-01,58000,2 bed rooms+hall,AL TWAR FIFTH
CNT2132996005,2025-12-02,32918,Studio,Al Goze Industrial Second
CNT2133780658,2025-07-11,900000,Studio,Dubai Investment Park First
CNT2129973223,2025-03-05,493000,3 bed rooms+hall,Marsa Dubai
CNT2133272375,2025-11-01,140000,2 bed rooms+hall,Al Thanyah First
CNT2133971345,2025-12-25,78000,2 bed rooms+hall,Al Karama
CNT2134195090,2025-12-21,48000,Studio,Jabal Ali First
CNT2134299187,2026-01-19,15000,Office,Naif
CNT2130284030,2025-03-15,36000,1bed room+Hall,Saih Shuaib 2
CNT2129057171,2025-02-04,15000,Office,Al Baraha
CNT2134273278,2026-01-20,34649,1bed room+Hall,Muhaisanah Fourth
CRT2132207883,2025-08-20,99750,1bed room+Hall,Marsa Dubai
CNT2128112802,2025-01-22,29106,1bed room+Hall,AL QUSAIS
CNT2131785319,2025-07-01,55800,1bed room+Hall,Jabal Ali Industrial First
CNT2129055786,2025-01-31,50000,1bed room+Hall,Jabal Ali First
CRT2133878586,2025-12-02,189000,3 bed rooms+hall,Marsa Dubai
CNT2131020999,2025-04-16,864000,Room in labor Camp,Dubai Investment Park Second
CNT2131926121,2025-07-21,20000,Office,Al Muteena
CNT2132627043,2025-03-15,1054400,Studio,Al Warsan First
CNT2129950376,2025-02-10,316800,Room in labor Camp,Muhaisanah Second
CNT2132642208,2025-09-22,155000,3 bed rooms+hall,Wadi Al Safa 7
CNT2133233382,2025-11-15,136500,3 bed rooms+hall,Mirdif
CNT2127443515,2025-01-06,72034,Room in labor Camp,Al Goze Industrial Second
CRT2134094126,2026-01-06,96000,1bed room+Hall,Al Barsha South Fourth
CNT2129915462,2025-03-01,73500,2 bed rooms+hall,Al Karama
CNT2134253468,2025-11-27,153000,,Al Goze Industrial Third
CNT2130922791,2025-05-15,15000,Office,Al Khabeesi
CNT2130507290,2025-01-28,300000,Room in labor Camp,Muhaisanah Second
CRT2132476046,2025-09-01,130000,4 bed rooms+hall,Mirdif
CNT2130275008,2025-03-24,48000,Studio,Jabal Ali First
CNT2132488506,2025-08-24,50000,Shop,Naif
CNT2123581808,2025-11-23,338250,3 bed rooms+hall,Wadi Al Safa 6
CRT2131775275,2025-07-10,75000,1bed room+Hall,Al Merkadh
CNT2133419908,2025-12-10,47000,2 bed rooms+hall,Al Qusais Industrial Fifth
CNT2130306613,2025-03-27,20000,Office,Al Rega
CNT2133680088,2025-11-22,26500,Studio,Al Warsan First
CNT2134084674,2025-12-01,583200,Room in labor Camp,Jabal Ali Industrial First
CNT2130957907,2025-05-24,30000,2 bed rooms+hall,Hor Al Anz
CRT2131189526,2025-06-05,98000,1bed room+Hall,Al Thanyah Fifth
CNT2134067193,2026-01-07,66990,2 bed rooms+hall,Mirdif
CNT2134189367,2026-01-13,48279,2 bed rooms+hall,Ras Al Khor Industrial Third
CNT2133091837,2025-10-23,39000,1bed room+Hall,Al Qusais Industrial Fifth
CNT2130339599,2025-04-05,40000,1bed room+Hall,Al Warsan First
CNT2130696241,2025-05-01,55545,1bed room+Hall,Al Murqabat
CRT2130354336,2025-04-03,53000,1bed room+Hall,Al Hebiah Fourth
CNT2132302769,2025-09-06,38000,1bed room+Hall,Al Qusais Industrial Fifth
CNT2132994325,2025-09-01,3789480,1bed room+Hall,Mirdif
CNT2134087772,2026-01-05,20000,Shop,Dubai International Airport
CNT2129891657,2025-02-05,166154,Labor Camp,Al Goze Industrial Second
CRT2132389576,2025-08-25,330000,4 bed rooms+hall,Al Hebiah Fourth
CNT2132158873,2025-06-01,102800,Office,Al Dhagaya
CNT2130923115,2025-05-25,50400,Studio,Nadd Hessa
CNT2132607497,2025-09-12,15000,Office,Al Khabeesi
CNT2130292471,2025-03-25,215000,3 bed rooms+hall,Al Thanayah Fourth
CNT2131898431,2025-06-10,55200,Room in labor Camp,Muhaisanah Second
CNT2131811686,2025-06-15,46585,1bed room+Hall,Nadd Hessa
CNT2130248822,2025-04-01,57000,1bed room+Hall,Dubai Investment Park Second
CNT2133977614,2025-12-17,78000,Shop,Al Barsha First
CNT2133643218,2025-12-01,65100,Studio,Al-Cornich
CNT2133004997,2025-11-05,60197,2 bed rooms+hall,Nadd Hessa
CNT2132307057,2025-09-05,402402,Room in labor Camp,Saih Shuaib 2
CNT2133671253,2025-11-24,24000,Office,Al Mararr
CNT2134038927,2025-12-30,20000,Office,Business Bay
CNT2132076712,2025-07-31,57750,Shop,Oud Metha
CNT2133753473,2025-12-10,50000,Studio,Al Barsha South Fourth
CNT2131826115,2025-07-14,15000,Office,Al Mararr
CRT2127442398,2025-01-27,120000,1bed room+Hall,Business Bay
CNT2128506557,2025-02-28,231000,4 bed rooms+hall,Jumeirah First
CRT2131124106,2025-06-01,95000,2 bed rooms+hall,Wadi Al Safa 5
CRT2132698986,2025-09-01,84000,Room in labor Camp,Al Ttay
CNT2130088581,2025-02-14,63000,1bed room+Hall,Um Hurair Second
CNT2133444419,2025-11-20,182952,Warehouse,Jabal Ali Industrial First
CNT2132813913,2025-04-10,775000,Shop,Hor Al Anz East
CNT2130481505,2025-04-15,65000,2 bed rooms+hall,AL QUSAIS
CNT2132612639,2025-09-12,15000,Office,Burj Khalifa
CNT2130750604,2025-05-05,44500,Studio,Al Rega
CNT2130846941,2025-05-09,15000,Office,Al Muteena
CNT2129905070,2025-02-01,210000,Room in labor Camp,Jabal Ali Industrial First
CNT2129433986,2025-02-15,41895,Studio,Al Barsha First
CNT2132295368,2025-08-19,20000,Office,Al Murqabat
CNT2131080623,2025-05-01,1607146,Warehouse,Dubai Investment Park Second
CNT2130068891,2025-01-01,23000,Studio,Al Mararr
CNT2130497463,2025-04-19,90000,2 bed rooms+hall,Al Barsha South Fourth
CNT2132765108,2025-10-01,62000,1bed room+Hall,Al Hudaiba
CNT2131541090,2025-06-25,113850,2 bed rooms+hall,Marsa Dubai
CNT2131972615,2025-07-07,95000,Office,Dubai Investment Park First
CNT2133308134,2025-10-22,45000,Studio,Al Warqa First
CRT2132811036,2025-10-01,132000,1bed room+Hall,Business Bay
CRT2131313386,2025-06-06,37400,1bed room+Hall,Al Warsan First
CNT2133679084,2025-11-20,70000,2 bed rooms+hall,Wadi Al Safa 2
CNT2131291085,2025-05-21,350000,Room in labor Camp,Muhaisanah Second
CNT2132671011,2025-08-01,100000,Open Land,Jabal Ali Industrial First
CNT2131003266,2025-07-15,37800,Studio,Jabal Ali First
CNT2131804755,2025-08-01,32000,Office,Mankhool
CNT2134234777,2026-01-01,38000,1bed room+Hall,Al Warsan First
CNT2130420672,2025-04-08,20000,Office,Saih Shuaib 2
CNT2128571217,2025-01-30,64999,1bed room+Hall,Al Garhoud
CNT2134227444,2025-12-01,42000,Studio,Wadi Al Safa 5
CRT2129904946,2025-02-21,48000,Studio,Jabal Ali First
CNT2131949667,2025-07-15,131250,3 bed rooms+hall,Al Hamriya
CRT2132527356,2025-08-22,40000,Studio,Al Hebiah Fourth
CNT2127949736,2025-01-01,19750,Workshop,Al Mizhar First
CNT2133845376,2025-12-19,49000,1bed room+Hall,Al Qusais Industrial Fifth
CNT2133022295,2025-09-01,55000,1bed room+Hall,Al Hebiah Fourth
CNT2130492495,2025-04-12,130000,3 bed rooms+hall,Al Karama
CNT2133638853,2025-11-01,57000,1bed room+Hall,Al Barsha South Fourth
CNT2129921330,2025-02-25,15000,Office,Al Murqabat
CNT2131777306,2025-07-09,15000,Office,Al Goze Industrial First
CNT2131091527,2025-06-10,74000,2 bed rooms+hall,Al Thanyah First
CRT2132342786,2025-04-01,46000,2 bed rooms+hall,AL QUSAIS
CNT2131532086,2025-06-24,99750,3 bed rooms+hall,Al Rowaiyah Third
CNT2132943036,2025-10-08,15000,Office,Al Karama
CNT2131322707,2025-06-15,28000,Studio,Al Warsan First
CNT2132673383,2025-07-15,44000,1bed room+Hall,Nad Al Hamar
CNT2131284456,2025-05-01,120000,2 bed rooms+hall,Al Murqabat
CNT2134264266,2025-11-01,283800,Room in labor Camp,Muhaisanah Second
CRT2133061836,2025-10-25,65000,1bed room+Hall,Al Jadaf
CNT2127873374,2025-01-18,651000,4 bed rooms+hall,Palm Jumeirah
CNT2131750943,2025-07-08,10000,Office,Mankhool
CRT2130449596,2025-01-01,36000,Shop,Margham
CNT2130969761,2025-05-19,15000,Office,Burj Khalifa
CNT2133344287,2025-10-25,58008,2 bed rooms+hall,Al Nahda Second
CNT2131568372,2025-04-01,1875500,3 bed rooms+hall,Al Saffa First
CNT2126658075,2025-01-01,48762,2 bed rooms+hall,Muhaisanah Fourth
CNT2132263922,2025-08-07,2620000,Staff Accommodatoion,Al Warsan Third
CNT2128721136,2025-01-29,17000,Office,Saih Shuaib 3
CNT2132616818,2025-09-13,20000,Office,Jabal Ali Industrial First
CNT2133833017,2026-02-10,74996,Showroom,Madinat Dubai Almelaheyah
CNT2132659560,2025-09-01,723000,Room in labor Camp,Muhaisanah Second
CNT2132097865,2025-08-01,67000,1bed room+Hall,Al Barsha First
CNT2134094140,2026-01-06,85200,1bed room+Hall,Marsa Dubai
CNT2132960528,2025-10-25,92015,2 bed rooms+hall,Al Ras
CNT2129117006,2025-02-05,20000,Office,Al Khabeesi
CRT2131546136,2025-05-25,600000,Shop,Um Suqaim First
CNT2128126731,2025-01-17,49000,Office,Al Karama
CNT2131905387,2025-07-23,54500,2 bed rooms+hall,Al Qusais Industrial Fifth
CNT2131027900,2025-05-20,35000,Studio,Al Muteena
CNT2133797460,2025-12-20,70000,1bed room+Hall,Al Barshaa South Third
CNT2128703355,2025-02-15,72000,2 bed rooms+hall,Nadd Hessa
CNT2131182010,2025-06-26,24000,1bed room+Hall,Muhaisanah Fourth
CNT2134298180,2025-12-15,356400,Room in labor Camp,Muhaisanah Second
CNT2133097774,2025-10-20,20000,Office,Business Bay
CNT2132301408,2025-07-15,278530,Shop,Al Safouh First
CNT2129665361,2025-03-22,73868,2 bed rooms+hall,Jabal Ali First
CNT2133781900,2025-11-15,2609296,2 bed rooms+hall,Al Goze Industrial Second
CNT2133654369,2025-11-27,16000,Office,Business Bay
CNT2130016551,2025-06-01,47250,1bed room+Hall,Wadi Al Safa 5
CNT2128522504,2025-01-20,104364,3 bed rooms+hall,Mankhool
CNT2126612141,2025-01-01,24000,1bed room+Hall,Muhaisanah Fourth
CNT2133625322,2025-11-25,15000,Office,Al Suq Al Kabeer
CRT2132022326,2025-09-15,78000,1bed room+Hall,Al Barsha South Fourth
CNT2134300668,2026-01-25,58380,1bed room+Hall,Al Satwa
CNT2132279217,2025-08-01,3412800,Room in labor Camp,Al Goze Industrial Second
CNT2132897546,2025-10-04,20000,Office,Trade Center First
CNT2133927089,2025-12-20,37500,Office,Naif
CNT2132174081,2025-08-01,140000,Open Land,Al Qusais Industrial Fifth
CNT2133799810,2025-12-13,60000,2 bed rooms+hall,Al Goze Industrial Second
CNT2131149157,2025-07-02,43890,2 bed rooms+hall,Ras Al Khor Industrial Third
CNT2128311778,2025-02-01,6988800,Room in labor Camp,Jabal Ali Industrial First
CNT2130111463,2025-03-21,48000,1bed room+Hall,Al Suq Al Kabeer
CNT2134137816,2026-01-01,26250,Studio,Naif
CRT2130119346,2025-03-15,42000,Studio,Al Hebiah Fourth
CNT2130965468,2025-05-19,10000,Office,Al Barsha First
CNT2131857749,2025-01-01,2500000,Hotel,Al Suq Al Kabeer
CNT2133625628,2025-11-01,180000,Shop,Al Mizhar First
CNT2132241049,2025-08-13,42000,Studio,Al Mararr
CNT2130468310,2025-04-15,56000,1bed room+Hall,Warsan Fourth
CNT2131697406,2025-07-03,15000,Office,Saih Shuaib 2
CNT2132924541,2025-10-01,1440000,Room in labor Camp,Al Goze Industrial Second
CNT2133291054,2025-11-20,43000,2 bed rooms+hall,Ras Al Khor Industrial Third
CNT2134272473,2026-01-16,15000,Office,Al Suq Al Kabeer
CRT2132514406,2025-09-15,180000,2 bed rooms+hall,Marsa Dubai
CNT2128539602,2025-01-27,15000,Office,Hor Al Anz East
CNT2132617273,2025-09-03,88000,1bed room+Hall,Muhaisanah First
CNT2129904657,2025-01-10,38400,Room in labor Camp,Muhaisanah Second
CNT2133846200,2026-01-06,46000,2 bed rooms+hall,Al Qusais Industrial Fifth
CNT2133202648,2025-08-31,74599,2 bed rooms+hall,Al Jadaf
CNT2129436516,2025-02-15,88000,2 bed rooms+hall,Mankhool
CNT2129823939,2025-02-18,15000,Office,Dubai Investment Park First
CNT2129111519,2025-02-02,33033,Studio,Al Hebiah Fourth
CRT2130885816,2025-05-14,95000,1bed room+Hall,Al Thanyah Fifth
CNT2133977888,2025-12-01,1922400,Room in labor Camp,Muhaisanah Second
CNT2131758727,2025-07-01,3612000,Room in labor Camp,Jabal Ali Industrial First
CNT2133717656,2025-12-01,180000,Office,Al Garhoud
CNT2129263367,2025-02-07,15000,Office,Al Goze Industrial Third
CNT2129921447,2025-03-01,23000,Studio,Al Mararr
CNT2129944334,2025-03-05,52000,2 bed rooms+hall,Muhaisanah Fourth
CNT2128568947,2025-02-01,159600,Room in labor Camp,Muhaisanah Second
CNT2133229643,2025-10-29,15000,Office,Abu Hail
CNT2127021634,2025-01-23,70560,1bed room+Hall,Al Raffa
CNT2130169057,2025-02-19,46000,Office,Al Qusais Industrial First
CRT2134290566,2026-01-22,80000,1bed room+Hall,Jabal Ali First
CNT2130350897,2025-04-20,62000,2 bed rooms+hall,Al Nahda Second
CRT2134028386,2025-12-27,31000,Studio,Al Warsan First
CNT2131022500,2025-07-28,35000,2 bed rooms+hall,AL QUSAIS
CNT2130095748,2025-02-06,27000,Studio,Al Warsan First
CNT2131790039,2025-06-10,756000,Room in labor Camp,Al Goze Third
CNT2130695937,2025-04-10,42341,,Jabal Ali Industrial First
CNT2132047707,2025-07-30,15000,Office,Al Goze Industrial First
CNT2133980705,2025-12-24,20000,Office,Dubai Investment Park First
CRT2133471756,2025-11-15,175000,5 bed rooms+hall,Muhaisanah First
CNT2127955049,2025-01-14,15000,Office,Wadi Al Safa 2
CNT2133310172,2025-11-01,276000,Room in labor Camp,Muhaisanah Second
CNT2130264431,2025-03-24,10000,Office,Al Garhoud
CNT2130851567,2025-06-05,47999,2 bed rooms+hall,Al Karama
CNT2130568667,2025-04-12,40000,1bed room+Hall,Al Warsan First
CRT2127884012,2025-01-20,235000,3 bed rooms+hall,Wadi Al Safa 6
CNT2131570737,2025-07-03,52500,2 bed rooms+hall,Al Qusais Industrial Fifth
CRT2130112726,2025-03-10,230400,1bed room+Hall,Saih Shuaib 4
CNT2134184075,2026-01-10,20000,Office,Al Mararr
CNT2130728255,2025-05-01,20000,Shop,Al Satwa
CNT2128043780,2025-01-10,115000,2 bed rooms+hall,Al Hebiah Fourth
CNT2132222366,2025-07-20,63000,1bed room+Hall,Al Rega
CNT2130102865,2025-03-20,46000,Studio,Al Merkadh
CNT2130580161,2025-05-01,52000,1bed room+Hall,Al Satwa
CNT2131306673,2025-06-20,28000,Studio,AL TWAR FIFTH
CNT2134303472,2025-12-01,910800,Labor Camp,Jabal Ali Industrial First
CNT2133115083,2025-10-25,80000,1bed room+Hall,Al Bada
CNT2131825617,2025-08-01,60000,2 bed rooms+hall,Ras Al Khor Industrial Third
CNT2130472596,2025-04-10,92000,2 bed rooms+hall,Al Satwa
CNT2132049558,2025-07-30,45000,Office,Al Karama
CNT2134116560,2026-01-01,2620002,Studio,Jabal Ali First
CNT2130658469,2025-05-15,135000,2 bed rooms+hall,Mankhool
CNT2130547008,2025-04-15,80300,2 bed rooms+hall,Al Barsha First
CNT2132771469,2025-10-01,26400,Studio,Eyal Nasser
CNT2131075003,2025-05-27,21000,Office,Dubai Investment Park First
CNT2130506806,2025-03-01,1350000,Room in labor Camp,Jabal Ali Industrial First
CNT2132638821,2025-09-15,30000,Office,Naif
CRT2127492666,2025-01-01,40000,Office,Al Ras
CNT2131066509,2025-05-15,307208,5 bed rooms+hall,Madinat Hind 4
CNT2132035374,2025-08-01,48000,Studio,Al Barshaa South Second
CNT2131673150,2025-04-20,236816,Room in labor Camp,Muhaisanah Second
CNT2131744857,2025-07-12,91000,2 bed rooms+hall,Oud Metha
CNT2132902401,2025-10-05,91160,2 bed rooms+hall,Al Thanyah Fifth
CNT2130859989,2025-04-20,130000,3 bed rooms+hall,Al Yelayiss 1
CNT2129643881,2025-03-15,71400,2 bed rooms+hall,Al Karama
CNT2130964642,2025-05-19,15000,Office,Al Khabeesi
CNT2131956190,2025-08-01,75000,Shop,Eyal Nasser
CNT2131027658,2025-05-26,228000,Room in labor Camp,Muhaisanah Second
CNT2131577004,2025-06-21,318761,Shop,Business Bay
CNT2131381594,2025-06-19,15000,Office,Business Bay
CNT2132442570,2025-09-01,2328000,Labor Camp,Jabal Ali Industrial First
CNT2130951659,2025-05-22,40000,Studio,Al Hamriya
CNT2132525176,2025-09-05,125000,2 bed rooms+hall,Business Bay
CNT2134251395,2026-01-15,20000,Office,Dubai Investment Park First
CNT2127645413,2025-02-01,73500,2 bed rooms+hall,Al Jadaf
CRT2130365006,2025-04-05,77000,1bed room+Hall,Al Merkadh
CRT2127253106,2025-01-01,36000,1bed room+Hall,Al Suq Al Kabeer
CNT2133863398,2026-01-13,40000,1bed room+Hall,Hor Al Anz
CNT2130263909,2025-04-03,90000,2 bed rooms+hall,Al Jadaf
CNT2131494885,2025-04-15,564538,Room in labor Camp,Al Goze Industrial Second
CNT2133792246,2026-01-06,75000,2 bed rooms+hall,Al Bada
CNT2132607413,2025-09-14,75000,2 bed rooms+hall,Jabal Ali First
CRT2132977641,2025-10-24,95000,1bed room+Hall,Al Thanyah Fifth
CNT2125079341,2025-01-13,115000,2 bed rooms+hall,Trade Center First
CNT2133713053,2025-12-03,20000,Office,Saih Shuaib 2
CNT2130079554,2025-03-17,56000,1bed room+Hall,Al Barsha South Fourth
CRT2134171226,2026-01-01,40000,2 bed rooms+hall,Al Rashidiya
CRT2132725396,2025-04-01,49800,Shop,Naif
CNT2131035268,2025-05-15,85000,2 bed rooms+hall,Al Hebiah Fourth
CNT2132822130,2025-09-01,318244,Office,Oud Metha
CNT2133847693,2025-12-22,82000,2 bed rooms+hall,Nadd Hessa
CNT2130282599,2025-03-07,130000,Office,Al Barsha South Fourth
CRT2130070286,2025-02-01,385000,Office,Business Bay
CNT2130926279,2025-06-15,195330,Studio,Jabal Ali Industrial First
CRT2133876896,2025-12-20,78000,1bed room+Hall,Business Bay
CRT2129914606,2025-03-01,7370000,3 bed rooms+hall,Al Garhoud
CRT2133572586,2025-09-01,44000,Shop,Al Bada
CNT2132168954,2025-08-04,24000,Office,Ras Al Khor Industrial First
CNT2133045437,2025-11-01,60000,3 bed rooms+hall,Al Mamzer
CNT2132618330,2025-09-13,20000,Office,Al Muteena
CNT2131239128,2025-05-26,32500,Studio,Warsan Fourth
CNT2129119746,2025-02-05,20000,Office,Business Bay
CNT2131978350,2025-07-24,10000,Office,Port Saeed
CNT2132157517,2025-07-15,182000,5 bed rooms+hall,Al Jafliya
CNT2130045591,2025-03-01,35280,Studio,Al Hebiah Fourth
CNT2131326801,2025-05-20,4896000,Room in labor Camp,Jabal Ali Industrial First
CNT2133668815,2025-11-17,112140,Room in labor Camp,Saih Shuaib 2
CNT2132684480,2025-09-10,310520,Shop,Wadi Al Safa 5
CNT2134114328,2026-01-18,42000,1bed room+Hall,Warsan Fourth
CNT2134027729,2026-01-05,120000,3 bed rooms+hall,Mankhool
CNT2131036461,2025-05-24,85000,2 bed rooms+hall,Al Hebiah Fifth
CNT2134069174,2026-01-01,75000,2 bed rooms+hall,Al Barsha First
CNT2132026039,2025-07-29,14000,Office,Al Goze First
CNT2129361143,2025-02-17,39900,Studio,Al Hebiah Fourth
CNT2133941681,2026-01-02,62000,2 bed rooms+hall,Al Goze Industrial Second
CNT2131509278,2025-03-01,2034000,Room,Dubai Investment Park First
CNT2129964342,2025-02-01,336000,Room in labor Camp,Jabal Ali Industrial First
CNT2130463779,2025-04-05,499200,Room in labor Camp,Al Goze Third
CNT2127402170,2025-01-03,297000,4 bed rooms+hall,Al Hebiah Third
CNT2127613364,2025-01-30,56700,2 bed rooms+hall,Al Goze Industrial Second
CNT2130335916,2025-03-15,1611000,Room in labor Camp,Muhaisanah Second
CNT2132927644,2025-10-07,20000,Office,Trade Center First
CNT2129668794,2025-02-11,199998,Shop,Jabal Ali First
CNT2133617780,2025-11-25,20000,Office,Port Saeed
CNT2133345183,2025-11-06,17000,Office,Al Goze First
CRT2133185876,2025-09-30,65000,1bed room+Hall,Al Merkadh
CNT2126645085,2025-01-01,47000,Studio,Me'Aisem First
CNT2132905462,2025-10-03,35000,Studio,Warsan Fourth
CRT2132752466,2025-08-18,100000,Hotel,Business Bay
CNT2132561412,2025-01-01,108000,Office,Al Wasl
CNT2130264298,2025-03-01,151200,Room in labor Camp,Jabal Ali Industrial First
CNT2132312946,2025-08-20,20000,Office,Trade Center First
CRT2133320826,2025-11-07,95000,2 bed rooms+hall,Al Hebiah Fourth
CNT2130331180,2025-03-28,15000,Office,Al Khabeesi
CRT2133056666,2025-10-14,170100,Office,Al Thanyah Fifth
CRT2132412006,2025-09-01,58000,Studio,Al Barsha South Fourth
CNT2129976417,2025-02-20,38588,Studio,Al Barshaa South Third
CRT2133755996,2025-12-10,75000,1bed room+Hall,Business Bay
CNT2129987915,2025-02-12,30000,Studio,Al Warsan First
CNT2131898252,2025-07-18,88000,1bed room+Hall,Al Jadaf
CNT2133805752,2025-10-01,1752300,Room in labor Camp,Al Goze Industrial Second
CNT2132253320,2025-09-01,85000,1bed room+Hall,Al Khairan First
CNT2132470382,2025-07-05,27500,Shop,Nad Al Hamar
CNT2134082510,2026-01-01,38000,1bed room+Hall,Naif
CNT2131825519,2025-07-01,18000,Office,Naif
CNT2132037350,2025-07-01,50400,Room in labor Camp,Al Goze Third
CNT2130769177,2025-05-01,300000,Shop,Al Buteen
CNT2130891189,2025-03-03,1300000,Room in labor Camp,Dubai Investment Park Second
CNT2133214227,2025-11-02,50000,1bed room+Hall,Al Nahda First
CNT2133471134,2025-11-20,60000,1bed room+Hall,Al Barsha First
CNT2134172735,2025-12-01,180000,Room in labor Camp,Al Warsan Third
CNT2134263264,2026-01-21,65500,1bed room+Hall,Al Muteena
CNT2131014730,2025-05-21,15000,Office,Burj Khalifa
CNT2130606028,2025-05-25,34650,1bed room+Hall,Warsan Fourth
CNT2131894809,2025-06-15,86020,Warehouse,Um Ramool
CNT2131290945,2025-04-01,213000,Shop with a mezzanine,Al Buteen
CNT2127439697,2025-01-20,47000,2 bed rooms+hall,Al Qusais Industrial Fifth
CNT2132639218,2025-09-01,52500,2 bed rooms+hall,Al Muteena
CNT2129947242,2025-04-19,79000,1bed room+Hall,Oud Metha
CNT2130110330,2025-03-05,46500,Studio,Jabal Ali First
CNT2129926323,2025-02-24,40000,1bed room+Hall,Al Warqa First
CRT2132507056,2025-09-01,50000,Office,Business Bay
CNT2132147843,2025-08-06,15000,Office,Business Bay
CNT2133074828,2025-11-01,45000,Studio,Jabal Ali First
CNT2133084877,2025-11-15,3600000,2 bed rooms+hall,Madinat Al Mataar
CRT2132171306,2025-08-15,189000,1bed room+Hall,Burj Khalifa
CNT2132244931,2025-11-01,110000,3 bed rooms+hall,Al Rashidiya
CNT2128511803,2025-02-25,13000,Office,Al Raffa
CNT2128540886,2025-01-19,1211280,1bed room+Hall,Saih Shuaib 4
CRT2127590886,2025-01-10,82000,1bed room+Hall,Al Thanyah Fifth
CNT2134140457,2026-01-08,15000,Office,Al Garhoud
CNT2131519388,2025-06-16,1555200,Room in labor Camp,Al Goze Third
CRT2130227826,2025-03-31,215000,3 bed rooms+hall,Al Hebiah Fourth
CNT2133243625,2025-10-30,15000,Office,Al Khabeesi
CNT2131837509,2025-05-01,184800,Room in labor Camp,Al Goze Industrial First
CNT2133733443,2025-12-01,39675,1bed room+Hall,Al Nahda Second
CNT2133082467,2025-08-30,165000,Shop,Al Suq Al Kabeer
CRT2132448036,2025-05-01,40000,1bed room+Hall,AL QUSAIS
CRT2134112956,2026-01-05,115000,1bed room+Hall,Al Thanyah Fifth
CNT2130737134,2025-04-28,55000,1bed room+Hall,Al Karama
CNT2131745749,2025-04-01,93500,Labor Camp,Al Goze Industrial Third
CNT2129442022,2025-02-20,110000,1bed room+Hall,Business Bay
CNT2132190483,2025-07-20,48300,Studio,Al Barsha South Fourth
CNT2132393722,2025-09-01,60000,Studio,Al Thanyah Fifth
CNT2132444715,2025-08-20,113000,2 bed rooms+hall,Al Barsha First
CNT2131727950,2025-07-07,15000,Office,Abu Hail
CNT2132231022,2025-08-01,7881000,Room in labor Camp,Al Goze Third
CNT2131815540,2025-05-16,382211,Shop,Business Bay
CNT2133980166,2026-01-13,46000,2 bed rooms+hall,Al Qusais Industrial Fifth
CNT2134151388,2026-01-01,50000,2 bed rooms+hall,Nadd Hessa
CNT2131292337,2025-06-01,108750,Office,Al Murqabat
CNT2133535324,2025-11-10,185000,3 bed rooms+hall,Burj Khalifa
CNT2132935590,2025-09-01,70500,2 bed rooms+hall,Muhaisanah Fourth
CNT2131213926,2025-05-07,317513,3 bed rooms+hall,Business Bay
CNT2134265082,2026-01-01,384000,Room in labor Camp,Jabal Ali Industrial First
CRT2134166646,2026-01-01,36000,Studio,Al Hebiah Fourth
CNT2131500548,2025-05-01,55091,Office,Um Hurair Second
CNT2130413062,2025-04-05,228000,Room in labor Camp,Al Ttay
CNT2131129684,2025-05-15,55800,Shop,Saih Shuaib 4
CRT2133469946,2025-11-09,60000,1bed room+Hall,Al Barsha South Fourth
CNT2133894988,2025-07-01,151200,Room in labor Camp,Al Goze Industrial Second
CNT2134088610,2026-01-05,50000,Office,Business Bay
CNT2132046982,2025-07-30,15000,Office,Al Mararr
CNT2132701036,2025-09-25,40000,Studio,Al Hebiah Fourth
CNT2130385860,2025-02-01,36000,1bed room+Hall,Al Suq Al Kabeer
CNT2134141725,2025-12-15,1837034,Room in labor Camp,Jabal Ali Industrial First
CNT2133889406,2026-01-01,272611,,Al Goze Industrial First
CRT2134167866,2026-01-15,35000,1bed room+Hall,Madinat Hind 4
CNT2132370742,2025-08-20,70000,Studio,Al Thanyah Third
CNT2132560970,2025-09-13,55000,1bed room+Hall,Al Barsha First
CRT2133604346,2025-10-21,170000,7 bed rooms+hall,Muhaisanah First
CNT2134016913,2026-01-09,73639,2 bed rooms+hall,Jabal Ali First
CNT2131829795,2025-06-10,105000,2 bed rooms+hall,Saih Shuaib 2
CRT2133512336,2025-08-15,52000,1bed room+Hall,Wadi Al Safa 3
CRT2130233816,2025-03-06,61000,Studio,Al Merkadh
CNT2129928584,2025-02-15,54500,2 bed rooms+hall,AL QUSAIS
CNT2129265149,2025-01-28,55000,1bed room+Hall,Mankhool
CNT2130600001,2025-05-01,90000,2 bed rooms+hall,Al Nahda First
CNT2134146037,2026-01-08,20000,Office,Port Saeed
CNT2134325429,2026-01-01,2532920,Room in labor Camp,Dubai Investment Park Second
CRT2133725771,2025-12-09,165000,1bed room+Hall,Marsa Dubai
CNT2128731080,2025-01-26,10000,Office,Trade Center First
CNT2129822249,2025-02-18,15000,Office,Al Muteena
CNT2129967658,2025-04-01,51975,1bed room+Hall,Mirdif
CNT2133096975,2025-11-10,46311,1bed room+Hall,Wadi Al Safa 5
CRT2131956356,2025-08-01,78000,2 bed rooms+hall,Madinat Al Mataar
CNT2129751579,2025-03-15,341981,Office,Nadd Hessa
CRT2128827586,2025-01-10,220000,2 bed rooms+hall,Burj Khalifa
CNT2132774708,2025-09-25,15000,Shop,Al Warqa Fourth
CNT2131999108,2025-08-10,23575,Office,Al Mararr
CNT2134059283,2026-01-01,60000,Studio,Al Merkadh
CRT2133966468,2025-12-11,46000,1bed room+Hall,Nadd Hessa
CNT2133066303,2025-07-01,1747200,Labor Camp,Al Goze Industrial Second
CNT2129992181,2025-03-01,70000,2 bed rooms+hall,Al Karama
CNT2133212121,2025-10-12,360000,Labor Camp,Jabal Ali Industrial First
CNT2132478066,2025-07-01,540000,Warehouse,Al Goze Industrial Fourth
CNT2132358972,2025-07-15,1850000,Room in labor Camp,Jabal Ali Industrial First
CNT2130584897,2025-04-15,42000,Studio,Al Rega
CNT2129056012,2025-02-04,15000,Office,Al Barsha First
CNT2127602433,2025-01-10,27000,Studio,Naif
CNT2128821240,2025-02-26,85000,2 bed rooms+hall,Jabal Ali First
CNT2132561302,2025-08-01,336000,Room in labor Camp,Dubai Investment Park First
CNT2133905610,2025-10-01,168000,Room in labor Camp,Al Goze Third
CRT2128295666,2025-01-01,1000000,Room in labor Camp,Jabal Ali Industrial First
CNT2132937213,2025-09-09,71000,Hotel,Al Safouh First
CNT2131350406,2025-07-15,780000,Room in labor Camp,Jabal Ali Industrial First
CNT2129941495,2025-02-14,295680,Room in labor Camp,Muhaisanah Second
CNT2124476072,2025-02-01,45000,1bed room+Hall,Al Murqabat
CNT2133818209,2025-10-01,3494400,Room in labor Camp,Dubai Investment Park Second
CNT2129856884,2025-02-01,4860000,Labor Camp,Muhaisanah Second
CNT2132028896,2025-08-05,40656,1bed room+Hall,Al Nahda First
CNT2133533049,2025-11-18,20000,Office,Naif
CNT2133273575,2025-11-05,65000,1bed room+Hall,Al Barshaa South Third
CNT2130736595,2025-05-01,30000,1bed room+Hall,Business Bay
CNT2130267371,2025-04-01,73000,2 bed rooms+hall,Al Rega
CNT2132329013,2025-05-20,5694000,Room in labor Camp,Muhaisanah Second
CNT2129837754,2025-01-01,774000,Room in labor Camp,Dubai Investment Park Second
CNT2130838581,2025-05-01,62067,1bed room+Hall,Al Barshaa South Third
CNT2131896135,2025-07-08,55000,Studio,Al Thanyah First
CRT2132613836,2025-10-01,65000,1bed room+Hall,Al Barsha South Fifth
CRT2131867966,2025-07-01,319660,Shop,Al Thanyah Fifth
CRT2128944796,2025-02-07,210000,3 bed rooms+hall,Al Thanayah Fourth
CNT2132888560,2025-10-01,40000,Shop,Al Twar First
CNT2132860729,2025-10-01,78948,Office,Um Hurair Second
CNT2134096813,2026-01-01,31000,Office,Al Barsha First
CNT2130610707,2025-04-01,43575,1bed room+Hall,Nadd Hessa
CNT2131238867,2025-06-10,46500,1bed room+Hall,Al Raffa
CNT2128964692,2025-02-03,11000,Office,Al Raffa
CNT2129855611,2025-03-15,85000,2 bed rooms+hall,Al Rega
CNT2130850416,2025-03-25,51000,1bed room+Hall,Jabal Ali First
CNT2132813081,2025-09-29,105000,2 bed rooms+hall,Al Barshaa South Third
CNT2134087167,2025-11-15,90000,2 bed rooms+hall,Saih Shuaib 2
CNT2129792215,2025-02-17,10000,Office,Trade Center Second
CNT2132487445,2025-08-19,66000,2 bed rooms+hall,Wadi Al Safa 3
CNT2132913544,2025-09-25,60000,Labor Camp,Muhaisanah Second
CNT2130259146,2025-03-23,35000,Office,Business Bay
CNT2130847941,2025-05-09,54000,Studio,Marsa Dubai
CNT2133999140,2026-01-01,340000,Shop,Al Warsan First
CNT2131697942,2025-07-03,10000,Studio,Naif
CNT2130995715,2025-05-14,75000,2 bed rooms+hall,Al Barsha South Fourth
CNT2133530413,2025-11-18,15000,Office,Business Bay
CNT2129853347,2025-02-01,66000,2 bed rooms+hall,Nadd Hessa
CNT2130399543,2025-04-07,20000,Office,Hor Al Anz
CNT2130430608,2025-03-10,39600,1bed room+Hall,Al Nahda First
CNT2132059497,2025-07-01,78000,Warehouse,Ras Al Khor Industrial Second
CRT2133009810,2025-10-14,383810,4 bed rooms+hall,Jabal Ali First
CNT2134124858,2026-01-01,52000,2 bed rooms+hall,Al Warqa First
CNT2132664236,2025-09-20,45045,1bed room+Hall,Nadd Hessa
CRT2134190886,2026-01-01,320000,Shop,Al Nahda Second
CNT2134115765,2025-02-01,42000,2 bed rooms+hall,AL QUSAIS
CNT2130401627,2025-03-01,224064,Room in labor Camp,Dubai Investment Park First
CNT2131845959,2025-08-12,80000,2 bed rooms+hall,Al Barshaa South Third
CNT2131728518,2025-02-26,600000,Room in labor Camp,Al Goze Industrial Second
CNT2133282744,2025-12-25,65000,2 bed rooms+hall,Mankhool
CNT2132926615,2025-09-15,2000000,Room in labor Camp,Jabal Ali Industrial First
CNT2131232923,2025-06-09,60000,1bed room+Hall,Al Barsha South Fourth
CNT2134097714,2026-01-24,101000,2 bed rooms+hall,Al Barshaa South Third
CRT2133569866,2025-11-21,60000,Studio,Al Barshaa South Third
CNT2133065221,2025-10-17,15000,Office,Business Bay
CNT2132926311,2025-10-07,119040,Room in labor Camp,Muhaisanah Second
CNT2132859807,2025-09-10,39500,1bed room+Hall,Al Warsan First
CNT2132550876,2026-01-11,954838,Shop,Jabal Ali First
CNT2130345828,2025-04-01,41420,Office,Me'Aisem First
CNT2129441771,2025-02-06,322750,Office,Al Safouh Second
CNT2132628003,2025-09-25,25955,Studio,Al Warsan First
CNT2134335494,2026-01-20,15000,Office,Al Hamriya
CRT2131981666,2025-07-25,52000,1bed room+Hall,Madinat Al Mataar
CNT2133470254,2025-11-28,69000,2 bed rooms+hall,Al Twar First
CNT2131098609,2025-01-01,280000,Warehouse,Al Goze Industrial Third
CNT2132392988,2025-08-28,36000,Studio,Warsan Fourth
CNT2127880088,2025-01-01,176000,Office,Al Mamzer
CNT2131646377,2025-07-06,68250,2 bed rooms+hall,Al Karama
CRT2132377536,2025-08-01,95000,Office,Al Thanyah Fifth
CNT2134307268,2026-01-19,20000,Office,Dubai Investment Park First
CRT2130609886,2025-02-10,155000,3 bed rooms+hall,Madinat Al Mataar
CNT2131895287,2025-07-22,26500,Studio,Al Baraha
CNT2131213232,2025-06-15,47000,1bed room+Hall,Al Warsan First
CNT2133633580,2025-08-17,75000,2 bed rooms+hall,AL QUSAIS
CRT2133220396,2025-09-16,67000,1bed room+Hall,Jabal Ali First
CNT2133447203,2025-11-14,54600,2 bed rooms+hall,Warsan Fourth
CNT2132905853,2025-09-15,4089600,Room in labor Camp,Muhaisanah Second
CNT2133865866,2025-01-01,42000,Room in labor Camp,Dubai Investment Park Second
CNT2129457867,2025-02-18,40000,1bed room+Hall,Al Qusais Industrial Fifth
CNT2129991318,2025-02-01,60000,2 bed rooms+hall,Al Karama
CNT2128706837,2025-01-01,338983,Office,Burj Khalifa
CNT2129269780,2025-01-01,2077778,Office,Al Barsha First
CNT2130949378,2025-05-16,15000,Office,Al Khabeesi
CNT2131767787,2025-05-01,66000,Room in labor Camp,Jabal Ali Industrial First
CNT2128500074,2025-01-23,15000,Office,Dubai Investment Park First
CNT2130591768,2025-04-01,44000,1bed room+Hall,AL QUSAIS
CNT2132998745,2025-10-13,15000,Office,Al Mararr
CRT2130278806,2025-01-31,258824,4 bed rooms+hall,Al Thanyah Fifth
CNT2133596134,2025-12-13,40000,1bed room+Hall,Hor Al Anz East
CNT2131710394,2025-07-08,92000,1bed room+Hall,Al-Cornich
CNT2132194117,2025-08-11,15000,Office,Al Karama
CNT2131903598,2025-07-10,75000,1bed room+Hall,Al Bada
CNT2130424656,2025-01-01,394800,Labor Camp,Muhaisanah Second
CRT2132768826,2025-09-28,80000,1bed room+Hall,Al Thanyah Third
CRT2132172966,2025-08-15,70000,1bed room+Hall,Business Bay
CNT2132212734,2025-06-05,67760,2 bed rooms+hall,Al Barsha South Fourth
CNT2130498992,2025-04-01,45000,2 bed rooms+hall,Al Nahda Second
CNT2132795969,2025-09-26,20000,Office,Trade Center First
CNT2131404813,2025-07-10,60000,2 bed rooms+hall,Al Karama
CNT2131561828,2025-08-08,36000,Studio,Al Qusais Industrial First
CNT2127686329,2025-01-10,75000,Studio,Al Merkadh
CNT2133348299,2025-12-01,38588,1bed room+Hall,AL QUSAIS
CNT2130970354,2025-05-19,15000,Office,Hor Al Anz
CNT2130336285,2025-03-03,64000,2 bed rooms+hall,Al Qusais Industrial Third
CNT2133429043,2025-11-14,115000,1bed room+Hall,Trade Center Second
CNT2130390361,2025-04-05,20000,Office,Hor Al Anz
CNT2131520130,2025-06-01,68400,Shop,Rega Al Buteen
CNT2130239977,2025-03-03,43000,1bed room+Hall,Muhaisanah Fourth
CNT2130874480,2025-03-21,2661120,Room in labor Camp,Jabal Ali Industrial First
CNT2133688064,2025-11-15,63520,Shop,Um Hurair First
CNT2133097214,2025-11-01,48510,1bed room+Hall,Al Suq Al Kabeer
CNT2133650519,2025-12-02,36000,2 bed rooms+hall,Al Goze Fourth
CNT2130454625,2025-04-10,15000,Office,Al Mararr
CNT2133428323,2025-11-10,68000,1bed room+Hall,Al Barsha South Fourth
CNT2134131923,2025-12-01,2441056,Staff Accommodatoion,Al Goze Fourth
CNT2131000399,2025-05-10,210000,3 bed rooms+hall,Burj Khalifa
CNT2130788684,2025-05-05,15000,Office,Al Khabeesi
CNT2130518743,2025-04-16,20000,Office,Business Bay
CNT2133925463,2025-10-10,1495000,Room in labor Camp,Al Goze Industrial Fourth
CNT2132707339,2025-09-20,20500000,Room in labor Camp,Jabal Ali Industrial First
CNT2131389819,2025-07-01,38000,Studio,Al Suq Al Kabeer
CNT2132152433,2025-05-01,85000,Shop,Hor Al Anz East
CNT2133013175,2025-10-15,54000,1bed room+Hall,Al Qusais Industrial Fifth
CNT2130422573,2025-04-08,20000,Office,Hor Al Anz
CRT2132193496,2025-08-20,220000,3 bed rooms+hall,Al Thanayah Fourth
CNT2128267189,2025-02-15,25800,Studio,AL QUSAIS
CRT2133526856,2025-11-10,50000,Studio,Al Merkadh
CNT2134095331,2026-02-10,73000,2 bed rooms+hall,Al Barsha South Fourth
CNT2129834679,2025-02-21,39000,1bed room+Hall,Muhaisanah Fourth
CNT2134024215,2026-01-15,550000,3 bed rooms+hall,Um Suqaim Second
CNT2131494885,2025-04-15,564538,Room in labor Camp,Al Goze Industrial Second
CNT2128574703,2025-01-28,15000,Office,Dubai Investment Park First
CNT2130728633,2025-04-17,252000,Room in labor Camp,Muhaisanah Second
CRT2131335836,2025-07-08,100000,3 bed rooms+hall,Madinat Al Mataar
CRT2131305756,2025-06-14,1000000,1bed room+Hall,Madinat Al Mataar
CNT2130976621,2025-05-19,100000,Office,AL TWAR FIFTH
CNT2131292942,2025-06-01,265000,Room in labor Camp,Al Goze Industrial Second
CNT2131872672,2025-07-20,47000,Shop,Lehbab First
CNT2133495919,2025-11-14,17000,Office,Naif
CNT2132917345,2025-10-30,15000,Office,Jabal Ali First
CNT2133658537,2025-11-08,42000,Office,Al Mamzer
CNT2133765729,2025-12-18,278762,Shop,Al Warsan First
CNT2132399831,2025-09-01,65000,2 bed rooms+hall,Al Bada
CRT2131507796,2025-06-23,80000,2 bed rooms+hall,Al Thanyah Fifth
CNT2131764541,2025-08-01,120750,3 bed rooms+hall,Mankhool
CNT2132532469,2025-05-01,1089410,Studio,Nadd Hessa
CNT2131729876,2025-06-25,1008000,Room in labor Camp,Dubai Investment Park Second
CNT2133056857,2025-10-16,1000,Hotel,Al Thanyah First
CNT2133904453,2025-12-01,49500,2 bed rooms+hall,AL QUSAIS
CNT2134006531,2025-12-16,90200,2 bed rooms+hall,Mankhool
CNT2132065628,2025-07-28,90000,2 bed rooms+hall,Al Barsha South Fourth
CNT2130245606,2025-03-20,40008,1bed room+Hall,Al Raffa
CNT2132181954,2025-08-09,16000,Office,Al Garhoud
CNT2132808562,2025-09-29,73000,1bed room+Hall,Al Satwa
CRT2133853066,2025-11-14,121000,Shop,Al Thanyah Fifth
CNT2132998375,2025-10-01,72600,2 bed rooms+hall,Al Barsha First
CNT2132831386,2025-10-31,50000,Shop,Al Suq Al Kabeer
CNT2132551190,2025-09-09,270000,Office,Al Barsha First
CNT2131507666,2025-07-14,1600000,Studio,Naif
CNT2131829316,2025-05-15,748800,Room in labor Camp,Dubai Investment Park First
CNT2132053694,2025-09-01,28980,Studio,Dubai Investment Park First
CNT2133229578,2025-12-01,68000,2 bed rooms+hall,Al Nahda First
CNT2132008063,2025-07-31,59923,1bed room+Hall,Dubai Investment Park First
CNT2130064983,2025-04-01,111000,3 bed rooms+hall,Trade Center Second
CNT2127689802,2025-01-09,20000,Office,Saih Shuaib 2
CNT2133792156,2025-12-15,73500,2 bed rooms+hall,Al Karama
CNT2131574242,2025-06-30,10000,Office,Al Barsha First
CNT2131749117,2025-07-22,44000,Studio,Al Barshaa South Second
CNT2130005927,2025-03-03,15000,Office,Al Khabeesi
CNT2130475912,2025-04-12,20000,Studio,Warsan Fourth
CNT2131061638,2025-05-15,44275,2 bed rooms+hall,Wadi Al Safa 5
CNT2132571241,2025-01-01,866000,Room in labor Camp,Jabal Ali Industrial First
CNT2130153437,2025-01-23,24000,Labor Camp,Muhaisanah Second
CNT2132113183,2025-08-03,79786,1bed room+Hall,Al Barshaa South Second
CNT2127550428,2025-01-01,80000,Shop,Naif
CNT2129707578,2025-02-15,90000,2 bed rooms+hall,Nadd Hessa
CNT2132461489,2025-09-01,55440,2 bed rooms+hall,Madinat Al Mataar
CNT2131352429,2025-06-17,10000,Office,Al Baraha
CNT2133262493,2025-10-31,20500,Office,Al Khabeesi
CNT2131810302,2025-07-12,20000,Office,Hor Al Anz
CNT2131669162,2025-06-01,210000,Warehouse,Al Goze Industrial First
CNT2129720821,2025-02-15,15000,Office,Al Khabeesi
CNT2134101211,2025-06-28,35000,Shop,Al Suq Al Kabeer
CNT2130517149,2025-04-15,120750,Warehouse,Al Goze Industrial First
CNT2133816655,2025-04-19,42736,1bed room+Hall,Wadi Al Safa 2
CNT2131118429,2025-05-29,15500,Office,Business Bay
CRT2132479946,2025-09-01,145000,3 bed rooms+hall,Al Jadaf
CRT2132129976,2025-08-04,80000,1bed room+Hall,Al Barsha South Fourth
CNT2128824017,2025-01-30,71234,Studio,Al Barsha South Fourth
CNT2130380093,2025-04-05,46000,Studio,Jabal Ali First
CNT2131543287,2025-06-23,287540,Warehouse,Al Qusais Industrial First
CNT2133976199,2026-01-01,137050,Parking,Al Rega
CNT2131579101,2025-08-01,100000,Warehouse,Dubai Investment Park First
CNT2130393664,2025-02-20,381600,Room in labor Camp,Saih Shuaib 4
CRT2130759666,2025-05-05,150000,2 bed rooms+hall,Business Bay
CRT2130001826,2025-03-01,147000,3 bed rooms+hall,Um Suqaim Second
CNT2133905877,2025-12-18,20000,Office,Abu Hail
CNT2128315543,2025-01-15,30000,Studio,Al Barshaa South Third
CNT2133548345,2025-11-19,20500,Office,Hor Al Anz East
CNT2134219885,2026-01-13,20000,Office,Al Khabeesi
CNT2126875407,2025-01-01,58000,1bed room+Hall,Al Mamzer
CRT2133074676,2025-09-01,245000,3 bed rooms+hall,Um Suqaim Second
CNT2125777794,2025-01-01,2040000,Room in labor Camp,Jabal Ali Industrial First
CNT2130123967,2025-03-12,26250,Office,Al Barsha First
CRT2133909426,2025-04-16,40000,1bed room+Hall,Wadi Al Safa 2
CNT2132809583,2025-10-01,59000,1bed room+Hall,Me'Aisem First
CNT2128579726,2025-02-01,58000,Office,Al Buteen
CRT2131164666,2025-02-28,500000,Clinic,Um Suqaim Second
CNT2130996082,2025-04-15,26750,Office,Al Muteena
CNT2130924567,2025-04-04,108000,Room in labor Camp,Muhaisanah Second
CRT2133490866,2025-11-14,10000,Office,Hor Al Anz
CRT2133465126,2025-04-24,620000,5 bed rooms+hall,Al Thanyah Fifth
CNT2133674178,2025-11-01,1500000,Office,Al Buteen
CNT2132558364,2025-09-18,52500,Studio,Al Barsha South Fourth
CNT2131902751,2025-06-01,1075000,Studio,Naif
CNT2130012713,2025-03-04,15000,Office,Al Khabeesi
CNT2126178977,2025-01-15,55000,1bed room+Hall,Al Nahda First
CNT2132940748,2025-10-15,58000,2 bed rooms+hall,AL QUSAIS
CNT2131263556,2025-06-01,108000,Room in labor Camp,Al Goze Third
CNT2127558832,2025-01-07,20000,Office,Port Saeed
CRT2130043086,2025-03-05,55000,Office,Business Bay
CNT2133045184,2025-10-18,3484800,Room in labor Camp,Muhaisanah Second
CRT2129811566,2025-03-03,95000,3 bed rooms+hall,Madinat Al Mataar
CNT2131094049,2025-05-28,15500,Office,Business Bay
CNT2131515367,2025-05-01,40000,1bed room+Hall,Al Warsan First
CRT2132967966,2025-04-01,126000,1bed room+Hall,Palm Jumeirah
CRT2133125956,2025-10-22,220000,3 bed rooms+hall,Al Hebiah Fourth
CNT2127949027,2025-01-17,265000,5 bed rooms+hall,Nad Al Shiba Third
CNT2133903269,2025-12-09,33075,Studio,Al Hebiah Fourth
CRT2130891395,2025-05-14,85099,1bed room+Hall,Al Merkadh
CNT2127969527,2025-01-15,37200,Studio,Saih Shuaib 2
CNT2130191749,2025-03-16,150700,Warehouse,Al Goze Industrial First
CNT2133329496,2025-11-15,115000,2 bed rooms+hall,Al Jadaf
CRT2130236286,2025-04-01,325000,4 bed rooms+hall,Al Hebiah Fourth
CRT2133249296,2025-11-01,150000,2 bed rooms+hall,Business Bay
CNT2133867846,2025-12-11,144676,Warehouse,Saih Shuaib 2
CNT2131933874,2025-07-05,60000,2 bed rooms+hall,Hor Al Anz East
CNT2132133927,2025-08-05,70000,1bed room+Hall,Al Thanyah First
CNT2134180535,2026-01-01,36000,Studio,Al Muteena
CNT2128530566,2025-01-25,20000,Office,Naif
CNT2131354134,2025-06-06,34100,1bed room+Hall,Al Warsan First
CRT2132894906,2025-10-03,90000,1bed room+Hall,Al Merkadh
CNT2131210059,2025-03-01,1450000,Office,Dubai Investment Park Second
CRT2130079370,2025-03-20,120000,2 bed rooms+hall,Jabal Ali First
CNT2127791643,2025-01-10,10000,Office,Al Wasl
CNT2128957545,2025-02-01,65000,1bed room+Hall,Madinat Al Mataar
CRT2132690456,2025-05-22,108815,2 bed rooms+hall,Al Thanyah Third
CRT2130428306,2025-04-15,75000,2 bed rooms+hall,Al Nahda First
CRT2131765686,2025-07-05,127937,Office,Business Bay
CNT2132237656,2025-08-10,55000,1bed room+Hall,Dubai Investment Park Second
CRT2130872866,2025-05-15,90000,1bed room+Hall,Burj Khalifa
CNT2134287482,2026-02-10,70000,3 bed rooms+hall,Al Muteena
CRT2130753886,2025-04-29,125000,2 bed rooms+hall,Marsa Dubai
CNT2133859542,2025-09-01,57000,2 bed rooms+hall,Al Nahda Second
CNT2133050218,2025-10-16,15000,Office,Al Khabeesi
CRT2132516016,2025-08-31,1018111,Office,Business Bay
CNT2123716877,2025-10-01,242681,Shop,Al Qusais Industrial Second
CNT2132730736,2025-09-10,64500,2 bed rooms+hall,Al Raffa
CNT2133776089,2025-12-08,20000,Office,Dubai Investment Park First
CRT2132285756,2025-08-10,80000,2 bed rooms+hall,Nadd Hessa
CRT2134103096,2026-01-01,48400,Shop,Al Suq Al Kabeer
CNT2134097980,2026-01-10,120000,Office,Al Mamzer
CNT2130279083,2025-03-20,903877,1bed room+Hall,Dubai Investment Park First
CNT2130781516,2025-07-26,33600,Studio,Al Muteena
CNT2132937152,2025-10-06,1000,Warehouse,Dubai Investment Park Second
CNT2131028834,2025-06-04,40000,Studio,Al Warsan First
CNT2130149538,2025-03-13,15000,Office,Hor Al Anz
CNT2131211558,2025-06-04,15000,Office,Al Baraha
CNT2132898075,2025-11-15,50000,2 bed rooms+hall,Al Rega
CNT2130197654,2025-02-01,75000,1bed room+Hall,Trade Center First
CNT2127681912,2025-01-15,332750,Restaurant,Trade Center Second
CNT2132076090,2025-08-15,75000,1bed room+Hall,Mankhool
CNT2130547382,2025-04-01,87000,2 bed rooms+hall,Al Barshaa South Third
CNT2132886192,2025-10-03,30000,Office,Al Barsha First
CNT2133158152,2025-10-15,54000,1bed room+Hall,Nadd Hessa
CNT2131498339,2025-04-17,35000,1bed room+Hall,Warsan Fourth
CNT2130625315,2025-04-16,79380,Office,Port Saeed
CRT2129875366,2025-03-10,92000,2 bed rooms+hall,Al Barsha South Fourth
CNT2127683942,2025-01-09,20000,Office,Saih Shuaib 2
CRT2134041176,2025-12-01,50000,Shop,Al Satwa
CNT2132153066,2025-08-07,39000,Shop,Hor Al Anz
CNT2133518959,2025-11-17,10000,Office,Al Raffa
CNT2131737053,2025-06-12,50000,Shop,Hor Al Anz East
CRT2130113266,2025-03-15,70000,1bed room+Hall,Al Hebiah Third
CNT2124191949,2025-02-01,45000,1bed room+Hall,Al Murqabat
CNT2133250771,2025-01-25,173579,4 bed rooms+hall,Jabal Ali First
CRT2130405526,2025-04-05,65000,Shop,Al Warsan First
CNT2134139217,2026-01-08,20000,Office,Al Muteena
CNT2133425037,2025-11-01,626041,Office,Al Safouh Second
CNT2133302061,2025-11-01,69000,1bed room+Hall,Al Bada
CNT2134075822,2025-12-28,70000,1bed room+Hall,Al Barshaa South Second
CNT2130895529,2025-06-10,288000,Office,Business Bay
CNT2133304147,2025-11-01,79000,2 bed rooms+hall,Al Karama
CRT2130298701,2025-04-09,270000,4 bed rooms+hall,Al Khairan First
CNT2127613800,2025-01-15,3806435,Warehouse,Nadd Hessa
CRT2134266876,2025-05-01,26250,2 bed rooms+hall,Al Warsan First
CNT2130192537,2025-03-10,50000,2 bed rooms+hall,Al Suq Al Kabeer
CNT2132295353,2025-08-19,20000,Office,Jabal Ali Industrial First
CNT2133001081,2025-10-13,15000,Office,Oud Metha
CNT2132177383,2025-08-08,20000,Office,Ras Al Khor Industrial Third
CNT2127817815,2025-02-01,59999,2 bed rooms+hall,Naif
CRT2132497546,2025-09-01,145000,3 bed rooms+hall,Wadi Al Safa 5
CNT2129597693,2025-02-13,15000,Office,Al Murqabat
CNT2131998794,2025-01-01,37500,Shop,Al Raffa
CNT2128571585,2025-01-01,26136000,2 bed rooms+hall,Al Qusais Industrial First
CRT2134241596,2026-01-01,160000,Shop,Al Dhagaya
CNT2127900275,2025-01-01,393120,1bed room+Hall,Dubai Investment Park First
CNT2131762568,2025-07-09,10000,Office,Al Barsha First
CNT2133842231,2025-12-01,60500,1bed room+Hall,Nadd Hessa
CRT2133181566,2025-11-01,58000,1bed room+Hall,Nadd Hessa
CNT2127958567,2025-01-01,1000,Room in labor Camp,Dubai Investment Park Second
CNT2130550533,2025-02-01,68000,1bed room+Hall,Naif
CNT2127368020,2025-02-03,60900,2 bed rooms+hall,Mirdif
CNT2129925293,2025-03-09,35090,1bed room+Hall,Ras Al Khor Industrial Third
CNT2133956487,2026-01-01,180000,Shop with a mezzanine,Al Suq Al Kabeer
CNT2131238418,2025-03-15,1267200,Room in labor Camp,Muhaisanah Second
CNT2133681242,2025-11-15,41000,1bed room+Hall,Al Warqa First
CNT2131232673,2025-03-01,80000,Room in labor Camp,Muhaisanah Second
CNT2130893575,2025-05-04,614400,Room in labor Camp,Jabal Ali Industrial First
CNT2130161620,2025-03-12,52000,1bed room+Hall,Jabal Ali First
CNT2133785294,2025-11-01,55000,1bed room+Hall,Al Barsha First
CNT2132538662,2025-10-10,75000,2 bed rooms+hall,Al Mamzer
CNT2133279070,2025-10-31,70000,1bed room+Hall,Al Nahda First
CNT2133470090,2025-11-14,51818,1bed room+Hall,Mirdif
CRT2131128696,2025-05-27,140000,2 bed rooms+hall,Madinat Dubai Almelaheyah
CNT2128714088,2025-01-29,16000,Office,Port Saeed
CRT2134050643,2025-08-01,110000,2 bed rooms+hall,Al Barsha South Fourth
CNT2129967540,2025-01-22,2126449,Shop,Burj Khalifa
CNT2130745657,2025-05-18,69300,2 bed rooms+hall,Al Karama
CNT2130888915,2025-05-13,16000,Office,Al Garhoud
CRT2130063666,2025-03-15,180000,3 bed rooms+hall,Al Khairan First
CNT2131191488,2025-06-05,75000,1bed room+Hall,Al Jadaf
CNT2129445367,2025-01-01,171930,Room in labor Camp,Muhaisanah Second
CNT2131818197,2025-07-20,55000,Office,Al Suq Al Kabeer
CNT2127978386,2025-02-01,290000,4 bed rooms+hall,Mankhool
CNT2132718186,2025-09-01,60000,Studio,Al Thanyah Fifth
CNT2132448593,2025-09-01,55000,2 bed rooms+hall,Al Qusais Industrial Fifth
CNT2132382905,2025-09-09,51150,2 bed rooms+hall,Al Goze Industrial Second
CNT2130483337,2025-03-15,32000,1bed room+Hall,Al Nahda Second
CNT2132540910,2025-09-08,132000,Room in labor Camp,Jabal Ali Industrial First
CNT2128556347,2025-01-16,19000,Office,Oud Metha
CNT2130493652,2025-04-15,28500,Room in labor Camp,Muhaisanah Second
CNT2131366478,2025-06-18,15000,Office,Saih Shuaib 3
CNT2130003986,2025-02-15,720691,Room in labor Camp,Muhaisanah Second
CNT2132914208,2025-07-25,3000000,Labor Camp,Jabal Ali Industrial First
CNT2127537840,2025-01-01,47250,1bed room+Hall,Wadi Al Safa 5
CNT2128544292,2025-02-25,14000,Office,Al Raffa
CNT2127207575,2025-01-01,56000,1bed room+Hall,Eyal Nasser
CNT2132439619,2025-08-01,38400,Shop,Naif
CNT2130146807,2025-03-01,30000,Office,Hor Al Anz
CNT2130358913,2025-03-21,95000,3 bed rooms+hall,Hor Al Anz East
CRT2132368026,2025-06-10,53000,3 bed rooms+hall,Madinat Hind 4
CNT2129041131,2025-01-01,171050,Office,Madinat Al Mataar
CNT2130723208,2025-04-01,122000,Shop,Al Mararr
CNT2133580651,2025-10-01,135000,Room in labor Camp,Al Goze Industrial Second
CNT2133542716,2025-12-07,35999,Studio,Al Rashidiya
CRT2127836476,2025-01-12,231000,4 bed rooms+hall,Al Hebiah Fourth
CRT2130812096,2025-01-01,50000,Office,Shandagha
CNT2132504768,2025-08-25,1675296,Studio,Al Goze Industrial Second
CRT2131962636,2025-07-20,110000,2 bed rooms+hall,Marsa Dubai
CNT2132015608,2025-07-25,190000,3 bed rooms+hall,Wadi Al Safa 7
CNT2133309629,2025-11-20,80000,1bed room+Hall,Al Hebiah Third
CNT2133940085,2026-01-01,61200,1bed room+Hall,Al Mararr
CNT2130973598,2025-04-01,300000,Labor Camp,Al Goze Industrial Fourth
CNT2131372589,2025-04-15,78000,Room in labor Camp,Muhaisanah Second
CNT2134057140,2025-12-27,45000,Studio,Me'Aisem First
CNT2130852152,2025-05-01,702000,Room in labor Camp,Jabal Ali Industrial First
CNT2132965493,2025-12-18,70000,2 bed rooms+hall,Mirdif
CNT2128540039,2025-01-30,86625,Shop,Al Raffa
CNT2131812164,2025-07-05,39000,1bed room+Hall,Al Warsan First
CNT2132007067,2025-08-05,63000,2 bed rooms+hall,Al Warsan First
CNT2131817246,2025-07-05,3564000,Room in labor Camp,Jabal Ali Industrial First
CNT2130735518,2025-05-01,64000,1bed room+Hall,Al Barsha South Fourth
CNT2130526691,2025-03-01,386100,Room in labor Camp,Dubai Investment Park First
CNT2131767787,2025-05-01,66000,Room in labor Camp,Jabal Ali Industrial First
CNT2131306812,2025-06-10,58000,Studio,Al Dhagaya
CNT2126702387,2025-01-12,43000,Studio,Jabal Ali First
CNT2132723374,2025-09-20,13372800,Room in labor Camp,Jabal Ali Industrial First
CNT2132441655,2025-08-28,99000,1bed room+Hall,Burj Khalifa
CNT2134248295,2026-01-18,24000,1bed room+Hall,Muhaisanah Fourth
CNT2127471763,2025-01-06,20000,Office,Al Goze Industrial First
CRT2133074336,2025-08-01,43000,1bed room+Hall,Al Warsan First
CNT2131192507,2025-05-05,111600,Labor Camp,Jabal Ali Industrial First
CNT2127980486,2025-01-14,20000,Office,Hor Al Anz
CNT2131542974,2025-06-11,33000,Studio,Al Khawaneej Second
CNT2133464508,2025-11-15,50000,Studio,Al Barshaa South Third
CNT2133865339,2025-09-20,39000,1bed room+Hall,AL QUSAIS
CNT2134293189,2026-01-18,49000,Studio,Jabal Ali First
CNT2132960823,2025-03-01,128064,Warehouse,Al Khabeesi
CRT2134281026,2026-01-01,60000,Office,Al Satwa
CNT2130096926,2025-01-01,2777250,Warehouse,Al Goze Third
CRT2132412526,2025-09-04,265000,4 bed rooms+hall,Nad Al Shiba Third
CNT2132291248,2025-08-15,567000,5 bed rooms+hall,Me'Aisem First
CNT2133471968,2025-11-13,15000,Office,Al Mararr
CNT2133073495,2025-10-18,85000,2 bed rooms+hall,Al Bada
CNT2131677982,2025-06-15,59000,2 bed rooms+hall,Wadi Al Safa 2
CNT2132333220,2025-08-01,73000,Shop,Eyal Nasser
CNT2133600079,2025-11-23,79380,2 bed rooms+hall,Al Wasl
CNT2131875976,2025-07-17,10000,Office,Port Saeed
CNT2129701773,2025-01-01,37000,Shop with a mezzanine,Al Suq Al Kabeer
CNT2130230045,2025-05-01,80000,1bed room+Hall,Al Satwa
CRT2130746016,2025-04-25,200000,3 bed rooms+hall,Al Khairan First
CNT2134239977,2025-12-01,3791261,1bed room+Hall,Al Hebiah Fifth
CNT2132075446,2025-08-01,15500,Office,Um Hurair Second
CNT2130414471,2025-04-07,262358,Office,Al Safouh Second
CRT2131171696,2025-05-31,100000,Shop,Jabal Ali First
CRT2133974156,2025-11-30,200635,Shop,Al Ras
CRT2132582016,2025-09-10,150000,2 bed rooms+hall,Burj Khalifa
CNT2127953978,2025-02-26,916037,Office,Trade Center First
CRT2132470136,2025-08-15,162000,2 bed rooms+hall,Al Khairan First
CNT2132124221,2025-08-05,24000,1bed room+Hall,Naif
CNT2130096487,2025-01-01,400000,2 bed rooms+hall,Marsa Dubai
CNT2134101780,2026-01-01,66885,2 bed rooms+hall,Al Raffa
CNT2132971911,2025-10-15,175000,4 bed rooms+hall,Mirdif
CNT2130093586,2025-01-01,4552209,Hotel,Port Saeed
CNT2130067494,2025-03-06,12000,Office,Al Nahda First
CRT2133308396,2025-07-01,120000,2 bed rooms+hall,Marsa Dubai
CRT2134068356,2026-01-05,85000,1bed room+Hall,Jabal Ali First
CNT2131844664,2025-08-01,4567500,Studio,Madinat Hind 3
CNT2132006725,2025-09-15,2000000,Studio,Al Dhagaya
CNT2128732187,2025-01-29,10000,Office,Trade Center First
CRT2130492636,2025-04-14,15000,Office,Al Muteena
CNT2131734451,2025-07-07,20000,Office,Business Bay
CNT2130301014,2025-01-20,39215,1bed room+Hall,Me'Aisem First
CNT2130061319,2025-03-01,112744,Office,Al Safouh First
CNT2133568071,2025-11-20,85848,Warehouse,Ras Al Khor Industrial Second
CNT2133960529,2026-01-06,42500,1bed room+Hall,Al Warsan First
CNT2132514092,2025-09-10,150000,3 bed rooms+hall,Al Nahda First
CNT2133155068,2025-12-01,80850,3 bed rooms+hall,Madinat Hind 4
CNT2134272146,2026-01-16,20000,Office,Al Baraha
CNT2132379748,2025-08-01,29500,Studio,Al Warsan First
CNT2132386973,2025-08-15,876683,Office,Mankhool
CNT2132363046,2025-08-24,100000,2 bed rooms+hall,Al Merkadh
CNT2130923609,2025-05-20,75000,2 bed rooms+hall,Oud Metha
CNT2134240581,2026-05-01,124000,3 bed rooms+hall,Trade Center First
CNT2130951647,2025-01-15,45675,2 bed rooms+hall,Al Warsan First
CNT2128927068,2025-02-01,15000,Office,Al Baraha
CNT2133574418,2026-01-16,257551,Office,Al Rowaiyah First
CNT2131880610,2025-07-17,20000,Office,Jabal Ali Industrial First
CNT2134202023,2025-01-01,280000,5 bed rooms+hall,Al Khawaneej First
CNT2133632734,2025-12-02,108000,2 bed rooms+hall,Al-Cornich
CRT2132309896,2025-09-01,78000,1bed room+Hall,Al Merkadh
CRT2131009776,2025-05-15,5000,Office,Business Bay
CNT2128054967,2025-02-01,75000,Office,Business Bay
CNT2128573136,2025-01-30,330000,3 bed rooms+hall,Al Khairan First
CNT2133146350,2025-10-26,36000,Room in labor Camp,Dubai Investment Park First
CNT2129814565,2025-02-21,63000,2 bed rooms+hall,Mankhool
CNT2133952954,2026-01-16,86400,1bed room+Hall,Hadaeq Sheikh Mohammed Bin Rashid
CNT2129607475,2025-03-28,57000,2 bed rooms+hall,Al Nahda Second
CNT2133600219,2025-11-26,80000,3 bed rooms+hall,Al Qusais Industrial Fifth
CNT2131794017,2025-05-15,342000,Room in labor Camp,Al Goze Industrial First
CRT2129446946,2025-01-01,120475,2 bed rooms+hall,Al Barsha South Fourth
CNT2129196485,2025-02-06,20000,Office,Business Bay
CNT2132793618,2025-08-16,35565,1bed room+Hall,Al Warsan First
CNT2133109145,2025-10-17,3500000,Room in labor Camp,Jabal Ali Industrial First
CNT2130971348,2025-05-19,28725,Office,Al Karama
CNT2132312978,2025-09-25,523973,Shop,Al Thanyah Third
CNT2131780998,2025-07-10,15000,Office,Business Bay
CNT2134251120,2026-01-15,15000,Office,Al Goze Industrial First
CRT2134146326,2026-01-09,85000,1bed room+Hall,Al Barsha South Fourth
CNT2128435943,2025-02-01,90000,Shop,Al Rega
CRT2131884566,2025-08-01,130000,5 bed rooms+hall,Muhaisanah Third
CNT2132245801,2025-08-15,53000,Studio,Al Barsha South Fourth
CNT2129047704,2025-03-10,50000,2 bed rooms+hall,Al Nahda First
CNT2132063938,2025-07-31,20000,Office,Al Muteena
CNT2129743511,2025-01-11,70000,Studio,Al Barsha South Fifth
CNT2133990813,2026-01-21,429100,Shop,Al Warsan First
CNT2130435172,2025-04-09,15000,Office,Al Mararr
CNT2133833170,2025-12-16,66000,2 bed rooms+hall,Al Hudaiba
CNT2133428820,2025-11-17,36000,1bed room+Hall,AL QUSAIS
CNT2133751921,2025-12-05,46734,Studio,Al Barshaa South Second
CRT2132556056,2025-08-24,40000,1bed room+Hall,Al Warsan First
CNT2134196508,2026-01-01,86700,2 bed rooms+hall,Trade Center First
CNT2133688033,2025-11-29,20000,Office,Al Mararr
CNT2131967968,2025-03-01,400000,Room in labor Camp,Muhaisanah Second
CNT2133231224,2025-11-04,25743,Studio,Al Warsan First
CRT2128571266,2025-01-01,3500000,Room in labor Camp,Jabal Ali Industrial First
CNT2130521981,2025-04-05,52000,Studio,Al Barsha South Fourth
CNT2133090694,2025-11-02,90000,3 bed rooms+hall,Al Mamzer
CNT2133150161,2025-11-01,38000,Studio,Nadd Hessa
CRT2134196176,2026-01-12,190000,3 bed rooms+hall,Wadi Al Safa 6
CRT2133115246,2025-10-15,63000,1bed room+Hall,Jabal Ali First
CRT2133622546,2025-11-22,50000,1bed room+Hall,Marsa Dubai
CNT2131860846,2025-04-01,35000,Office,Ras Al Khor Industrial Third
CNT2129120669,2025-02-06,55000,Studio,Al Barsha First
CNT2132501142,2025-08-30,33480,Room in labor Camp,Jabal Ali Industrial First
CNT2133791345,2025-08-16,33720,Room in labor Camp,Al Goze Industrial Second
CNT2133621761,2025-11-25,20000,Office,Al Muteena
CNT2127487096,2025-01-11,95000,3 bed rooms+hall,Jabal Ali First
CNT2134122440,2026-01-01,40400,1bed room+Hall,Warsan Fourth
CNT2133471889,2025-11-01,400000,3 bed rooms+hall,Al Wasl
CNT2130206519,2025-03-18,20000,Office,Ras Al Khor Industrial Second
CRT2131584716,2025-07-01,82000,2 bed rooms+hall,Al Yelayiss 2
CNT2132371983,2025-09-01,4800000,Labor Camp,Jabal Ali Industrial First
CNT2130511992,2025-04-01,52500,1bed room+Hall,Al Goze Fourth
CNT2133172824,2025-08-15,6040000,1bed room+Hall,Al Barshaa South Third
CNT2133597413,2025-11-24,15000,Office,Business Bay
CNT2128969535,2025-01-27,34304,1bed room+Hall,Al Warsan First
CRT2130303476,2025-05-01,22500,Office,Business Bay
CNT2132387707,2025-08-16,1096524,Room in labor Camp,Jabal Ali Industrial First
CNT2131354173,2025-06-15,168000,3 bed rooms+hall,Al Manara
CNT2130891189,2025-03-03,1300000,Room in labor Camp,Dubai Investment Park Second
CNT2127860946,2025-01-13,20000,Office,Saih Shuaib 2
CNT2129189029,2025-02-01,41000,Shop,Al Suq Al Kabeer
CNT2131736297,2025-07-07,280000,Room in labor Camp,Jabal Ali Industrial First
CNT2131123114,2025-06-01,55000,1bed room+Hall,Nadd Hessa
CNT2131552938,2025-06-26,15000,Office,Al Muteena
CNT2133432646,2025-11-10,45000,Studio,Al Karama
CNT2131859725,2025-01-01,3500000,Hotel,Al Suq Al Kabeer
CNT2131725436,2025-07-07,15000,Office,Dubai Investment Park Second
CNT2131492735,2025-06-26,36000,Office,Um Hurair Second
CNT2132682711,2025-09-18,10000,Office,Dubai Investment Park First
CNT2130681711,2025-04-28,15000,Office,Al Khabeesi
CNT2132163560,2025-08-07,15000,Office,Naif
CNT2127252999,2025-05-15,273527,Shop,Palm Jumeirah
CNT2130669765,2025-05-02,43000,Studio,Me'Aisem First
CNT2132339897,2025-09-10,65000,1bed room+Hall,Al Barsha South Fourth
CNT2127201986,2025-02-20,58000,2 bed rooms+hall,AL QUSAIS
CNT2131081259,2025-05-15,56000,Shop with a mezzanine,Naif
CNT2130573674,2025-04-21,56000,2 bed rooms+hall,Al Murqabat
CNT2132628937,2025-09-15,32500,Office,Dubai Investment Park First
CNT2131090627,2025-06-02,33600,1bed room+Hall,Al Qusais Industrial Fifth
CNT2133769503,2025-12-10,38000,Studio,Al Warsan First
CNT2129936695,2025-02-28,31900,Studio,Wadi Al Safa 5
CNT2133552792,2025-11-19,20000,Office,Port Saeed
CNT2134169286,2026-01-09,21000,Office,Oud Metha
CNT2130156346,2025-03-01,1932000,3 bed rooms+hall,Nadd Hessa
CNT2132757546,2025-10-01,44000,1bed room+Hall,Al Goze Industrial Second
CRT2133887506,2025-11-01,60000,Room in labor Camp,Al Goze Third
CNT2132165167,2025-08-07,15000,Office,Port Saeed
CNT2131326383,2025-06-05,35200,Studio,Al Hamriya
CNT2133460527,2025-10-20,62000,2 bed rooms+hall,Al Karama
CNT2130635449,2025-04-24,20000,Office,Al Khabeesi
CNT2130093586,2025-01-01,4552209,Hotel,Port Saeed
CNT2133786151,2025-12-09,30000,1bed room+Hall,Al Muteena
CRT2127306926,2025-01-02,53000,Studio,Me'Aisem First
CNT2133151713,2025-10-23,11000,Office,Al Goze First
CNT2131916047,2025-02-01,36300,1bed room+Hall,Warsan Fourth
CNT2131145353,2025-06-07,75000,1bed room+Hall,Al Satwa
CRT2134201336,2026-02-02,65000,Office,Business Bay
CRT2131867676,2025-07-16,35000,1bed room+Hall,Hor Al Anz
CNT2132123150,2025-07-10,100000,1bed room+Hall,Al Karama
CNT2129845324,2025-02-10,1431000,Room in labor Camp,Muhaisanah Second
CNT2130883708,2025-06-01,62700,2 bed rooms+hall,Al Hebiah Fourth
CNT2130266644,2025-03-20,58000,1bed room+Hall,Dubai Investment Park First
CNT2133948145,2026-01-01,44000,1bed room+Hall,Muhaisanah Fourth
CNT2131062504,2025-06-01,37000,Studio,Nad Al Hamar
CNT2130511004,2025-04-15,89250,2 bed rooms+hall,Al Hamriya
CNT2134000415,2025-12-26,13000,Office,Al Goze First
CNT2133078152,2025-10-01,120000,2 bed rooms+hall,Al Rega
CNT2132851445,2025-10-26,46000,1bed room+Hall,Ras Al Khor Industrial Third
CNT2133037596,2025-10-05,65000,1bed room+Hall,Al Barsha South Fifth
CNT2132170040,2025-08-15,41000,1bed room+Hall,Wadi Al Safa 5
CNT2130942474,2025-05-11,59000,2 bed rooms+hall,Saih Shuaib 2
CNT2129892217,2025-02-24,15000,Office,Al Baraha
CNT2131027314,2025-05-22,21000,Office,Port Saeed
CNT2128558862,2025-01-31,44500,Studio,Al Muteena
CNT2132636278,2025-09-05,41000,1bed room+Hall,Warsan Fourth
CNT2131661204,2025-05-15,916283,Room in labor Camp,Al Ttay
CNT2130102091,2025-03-15,46800,Studio,Jabal Ali First
CRT2131225839,2025-06-04,89250,1bed room+Hall,Al Thanyah Fifth
CNT2127419249,2025-01-01,42000,Shop,Hor Al Anz
CNT2131973764,2025-07-24,15000,Office,Al Mararr
CNT2131875004,2025-07-04,280800,Studio,Al Goze Industrial Second
CRT2131007726,2025-05-15,190000,2 bed rooms+hall,Palm Jumeirah
CNT2127520197,2025-02-04,50000,2 bed rooms+hall,Al Qusais Industrial Fifth
CNT2130218657,2025-03-15,100000,2 bed rooms+hall,Al Karama
CNT2133623802,2025-11-24,68000,1bed room+Hall,Al Barsha First
CNT2129999505,2025-08-01,1409947,Office,Port Saeed
CNT2130279073,2025-04-04,34593,Studio,Jabal Ali First
CNT2132465109,2025-09-01,34000,Office,Madinat Dubai Almelaheyah
CRT2127528056,2025-01-01,27720,Studio,Warsan Fourth
CNT2132842251,2025-09-30,56000,1bed room+Hall,Warsan Fourth
CNT2131881382,2025-07-21,67490,2 bed rooms+hall,Jabal Ali First
CNT2129876090,2025-02-01,891000,Room in labor Camp,Dubai Investment Park Second
CNT2132972979,2025-10-01,350000,Office,Ras Al Khor Industrial Third
CRT2132669136,2025-09-25,650000,1bed room+Hall,Madinat Al Mataar
CNT2130393589,2025-04-15,35226,1bed room+Hall,Muhaisanah Fourth
CNT2133055484,2025-07-01,470000,1bed room+Hall,Hor Al Anz
CNT2132218097,2025-08-10,15000,Office,Dubai International Airport
CNT2132312285,2025-09-01,31460,Studio,Al Nahda First
CRT2131732976,2025-01-25,32500,1bed room+Hall,Al Warsan First
CNT2130306102,2025-04-01,25500,1bed room+Hall,Muhaisanah Fourth
CRT2127181166,2025-01-06,145000,3 bed rooms+hall,Wadi Al Safa 5
CRT2134028426,2025-12-15,1100000,5 bed rooms+hall,Palm Jumeirah
CRT2133775656,2025-09-01,165000,3 bed rooms+hall,Al Bada
CNT2130157547,2025-03-14,20000,Office,Al Thanyah First
CRT2132338366,2025-08-20,105000,1bed room+Hall,Marsa Dubai
CNT2130889497,2025-05-05,50820,2 bed rooms+hall,Al Warqa First
CNT2131745926,2025-07-08,15000,Office,Al Khabeesi
CNT2130059428,2025-03-06,15000,Office,Al Khabeesi
CNT2127508595,2025-01-06,15000,Office,Burj Khalifa
CNT2132241439,2025-08-13,20000,Office,Port Saeed
CNT2131043056,2025-05-23,29000,Office,Al Garhoud
CNT2133282532,2025-11-17,29483,2 bed rooms+hall,AL QUSAIS
CNT2131557217,2025-07-02,38500,1bed room+Hall,Al Qusais Industrial Fifth
CNT2133718815,2025-12-17,43890,2 bed rooms+hall,Ras Al Khor Industrial Third
CNT2132896178,2025-08-10,60000,2 bed rooms+hall,Al Murqabat
CNT2134039158,2026-01-15,100000,2 bed rooms+hall,Al Thanyah First
CNT2129570977,2025-01-01,1345500,1bed room+Hall,Dubai Investment Park First
CNT2128823956,2025-01-31,16500,Office,Um Hurair Second
CNT2133543922,2025-03-01,386232,Labor Camp,Al Goze Industrial Second
CNT2132316120,2025-08-15,45738,1bed room+Hall,Wadi Al Safa 5
CNT2130745520,2025-05-02,60000,Studio,Al Merkadh
CNT2133588089,2025-07-05,98000,2 bed rooms+hall,Trade Center First
CNT2132740672,2025-07-01,63000,2 bed rooms+hall,Al Nahda First
CNT2132631772,2025-10-08,82688,2 bed rooms+hall,Oud Metha
CNT2130652059,2025-05-16,94758,2 bed rooms+hall,Wadi Al Safa 7
CNT2133281041,2025-09-15,5500000,,Jabal Ali Industrial First
CNT2130081464,2025-02-01,22000,Studio,Naif
CNT2131846029,2025-05-10,2154600,Room in labor Camp,Al Goze Fourth
CNT2131423700,2025-06-19,46691,2 bed rooms+hall,Al Warsan First
CNT2128121508,2025-01-17,75000,2 bed rooms+hall,Al Barshaa South Third
CNT2132794046,2025-09-26,20000,Office,Naif
CNT2130551441,2025-05-01,32308,1bed room+Hall,Hor Al Anz
CNT2133672241,2025-11-28,15000,Office,Al Murqabat
CNT2130275930,2025-04-01,163800,Room in labor Camp,Jabal Ali Industrial First
CNT2130185067,2025-02-25,116640,1bed room+Hall,Dubai Investment Park Second
CRT2134230896,2026-02-01,75000,4 bed rooms+hall,Al Mizhar Third
CNT2132261875,2025-08-19,160000,2 bed rooms+hall,Al Thanyah Fifth
CNT2132368237,2025-09-01,96500,3 bed rooms+hall,Jabal Ali First
CNT2134335753,2026-01-20,15000,Office,Hor Al Anz
CNT2132811790,2025-09-20,369417,Shop with a mezzanine,Al Nahda First
CNT2132254538,2025-09-19,115500,2 bed rooms+hall,Trade Center Second
CNT2130021189,2025-03-10,75000,1bed room+Hall,Jabal Ali First
CNT2131496829,2025-08-01,311340,Shop,Al Mizhar First
CNT2130586258,2025-04-25,38000,Studio,Al Warqa First
CNT2130428425,2025-04-01,53000,Office,Al Khabeesi
CNT2129647106,2025-02-10,64800,Office,Al Qusais Industrial Third
CNT2133587700,2025-11-22,20000,Office,Port Saeed
CNT2127198424,2025-02-13,500898,Office,Marsa Dubai
CNT2130884829,2025-01-01,85600,Shop,Ras Al Khor Industrial First
CRT2134116596,2026-01-09,60000,Studio,Al Hebiah Fourth
CNT2130418584,2025-04-01,122000,Shop with a mezzanine,Al Buteen
CNT2130269278,2025-03-20,58000,3 bed rooms+hall,AL TWAR FIFTH
CNT2130855695,2025-05-20,55500,2 bed rooms+hall,Al Warqa First
CNT2132213627,2025-08-08,52448,1bed room+Hall,Nadd Hessa
CRT2134001925,2025-12-27,54000,1bed room+Hall,Wadi Al Safa 2
CNT2132321485,2025-08-12,62000,1bed room+Hall,Jabal Ali First
CNT2134216532,2026-01-01,730874,Room in labor Camp,Dubai Investment Park Second
CNT2132116296,2025-08-01,95040,Office,Al Thanyah Fifth
CNT2132279457,2025-09-01,3840000,Labor Camp,Jabal Ali Industrial First
CNT2133289140,2025-10-20,57500,2 bed rooms+hall,Al Warqa First
CNT2131825215,2025-07-14,45000,Hotel,Jabal Ali First
CNT2128072808,2025-01-15,20000,Office,Al Khabeesi
CNT2133441203,2025-10-28,36179,Studio,Jabal Ali First
CNT2134169846,2026-01-10,80000,1bed room+Hall,Al Thanyah Third
CNT2133965184,2025-11-01,39000,Studio,Jabal Ali First
CNT2131792499,2025-07-25,85000,1bed room+Hall,Al Jadaf
CNT2132004643,2025-07-31,75000,1bed room+Hall,Al Barsha South Fifth
CNT2129464699,2025-02-15,164850,4 bed rooms+hall,Al Bada
CNT2130242715,2025-03-21,2145600,Room in labor Camp,Al Goze Third
CNT2133006129,2025-05-15,4669000,Studio,Madinat Hind 3
CNT2133959537,2025-11-21,43233,Studio,Al Barsha South Fourth
CNT2131914939,2025-07-21,15000,Office,Al Suq Al Kabeer
CNT2131033395,2025-06-01,50000,2 bed rooms+hall,Muhaisanah Fourth
CNT2130263021,2025-01-01,32670,Studio,Al Mararr
CNT2134137817,2025-12-12,260820,3 bed rooms+hall,Al Thanyah Fifth
CNT2130269327,2025-04-01,40000,1bed room+Hall,Al Nahda Second
CNT2132574421,2025-07-10,158382,Labor Camp,Muhaisanah Second
CNT2128919047,2025-02-01,15000,Office,Al Baraha
CNT2132377394,2025-08-25,15000,Office,Al Nahda Second
CNT2124894527,2025-01-01,115965,Shop,Al Suq Al Kabeer
CNT2130625037,2025-01-01,8270473,3 bed rooms+hall,Me'Aisem First
CNT2131121920,2025-05-29,11000,Office,Port Saeed
CNT2128565121,2025-03-22,46500,1bed room+Hall,Al Qusais Industrial Third
CNT2130335657,2025-03-29,15000,Office,Al Khabeesi
CNT2133803532,2025-12-10,20000,Office,Hor Al Anz
CNT2131248112,2025-06-10,10000,Office,Dubai Investment Park Second
CNT2130810842,2025-02-28,87000,1bed room+Hall,Al Barsha First
CNT2133239308,2025-10-07,57600,Labor Camp,Jabal Ali Industrial First
CNT2130909220,2025-04-15,2397600,Room in labor Camp,Jabal Ali Industrial First
CNT2134230680,2026-01-14,15000,Office,Al Murqabat
CNT2130523580,2025-04-15,73500,1bed room+Hall,Marsa Dubai
CNT2131956839,2025-08-01,260000,3 bed rooms+hall,Al Kheeran
CNT2130361423,2025-05-18,60000,1bed room+Hall,Jabal Ali First
CNT2132548991,2025-06-20,11000000,Room in labor Camp,Jabal Ali Industrial First
CNT2130326843,2025-03-28,20000,Office,Naif
CNT2133773935,2025-12-08,15000,Office,Al Barsha First
CNT2131824465,2025-07-14,19000,Office,Al Karama
CNT2132555751,2025-09-10,1538462,Room in labor Camp,Al Goze Third
CRT2133136756,2025-10-14,190000,2 bed rooms+hall,Marsa Dubai
CNT2128810874,2025-02-01,45000,1bed room+Hall,AL QUSAIS
CNT2133972041,2026-02-09,55440,2 bed rooms+hall,Al Goze Industrial Second
CRT2132555746,2025-09-07,2000000,Studio,Oud Metha
CNT2133680057,2025-12-05,72000,2 bed rooms+hall,Al Barsha South Fourth
CNT2134184149,2026-01-10,20000,Office,Al Mararr
CRT2133483126,2025-12-06,125000,2 bed rooms+hall,Marsa Dubai
CNT2131243912,2025-06-06,56000,2 bed rooms+hall,Al Nahda Second
CNT2128133322,2025-01-18,15000,Office,Al Mararr
CNT2132543440,2025-09-10,72000,2 bed rooms+hall,Oud Metha
CNT2132815592,2025-09-29,15000,Office,Al Mararr
CRT2129869636,2025-02-20,1000,2 bed rooms+hall,Al Khairan First
CNT2130117935,2025-03-11,15000,Office,Al Khabeesi
CNT2132288791,2025-08-16,97000,3 bed rooms+hall,Mirdif
CNT2128567270,2025-03-01,152460,Room in labor Camp,Saih Shuaib 3
CRT2134113766,2025-08-15,35000,1bed room+Hall,Al Warsan First
CNT2132445402,2025-08-29,20000,Office,Dubai Investment Park First
CNT2130819368,2025-03-01,41400,Shop,Naif
CNT2133625326,2025-11-01,49500,2 bed rooms+hall,Al Nahda Second
CRT2132518946,2025-09-05,120000,1bed room+Hall,Um Suqaim Third
CNT2129193464,2025-02-08,125000,1bed room+Hall,Marsa Dubai
CNT2134070007,2026-01-10,43000,1bed room+Hall,Warsan Fourth
CRT2131831026,2025-08-01,120000,2 bed rooms+hall,Al Barshaa South Third
CNT2133728423,2025-11-15,45000,Shop,Al Goze Industrial Second
CNT2130091355,2025-03-01,48000,2 bed rooms+hall,Al Qusais Industrial Fifth
CNT2132621188,2025-09-16,95000,2 bed rooms+hall,Dubai Investment Park Second
CNT2132353887,2025-08-28,92400,3 bed rooms+hall,Mirdif
CNT2132473497,2025-09-01,45000,Studio,Wadi Al Safa 5
CNT2132463148,2025-09-01,20000,Office,Al Murqabat
CNT2133626677,2025-11-23,68000,Shop,Al Qusais Industrial First
CNT2126322367,2025-01-01,53040,,Al Qusais Industrial Third
CRT2134108526,2025-11-01,165000,8 bed rooms+hall,Hor Al Anz
CNT2134126991,2026-01-02,43000,1bed room+Hall,Naif
CNT2127682107,2025-01-09,24000,Room in labor Camp,Jabal Ali Industrial First
CNT2131874653,2025-07-17,10000,Office,Al Mararr
CNT2134016734,2025-12-17,165000,2 bed rooms+hall,Al Kifaf
CNT2127521884,2025-04-01,37000,1bed room+Hall,Mirdif
CRT2134173706,2026-01-05,150500,Office,Al Thanyah Fifth
CNT2128316766,2025-01-21,31000,Office,Al Muteena
CNT2130976876,2025-05-19,24000,Room in labor Camp,Jabal Ali Industrial First
CNT2131348197,2025-06-16,328396,Office,Al Safouh Second
CRT2130962116,2025-05-01,116000,2 bed rooms+hall,Al Thanayah Fourth
CNT2129884874,2025-02-10,25500,Shop,Hor Al Anz
CNT2132740629,2025-09-23,16000,Office,Business Bay
CNT2131224494,2025-06-01,4910977,Room in labor Camp,Muhaisanah Second
CRT2128259256,2025-02-01,55000,Studio,Al Barsha South Fourth
CNT2133694202,2025-11-10,125000,Warehouse,Al Goze Industrial Fourth
CNT2130723228,2025-04-30,15000,Office,Al Goze Third
CNT2127864760,2025-01-15,180000,2 bed rooms+hall,Burj Khalifa
CNT2133471293,2025-11-15,67810,2 bed rooms+hall,Al Mamzer
CNT2134222292,2026-01-15,83000,Shop,Al Dhagaya
CNT2129264841,2025-03-06,36017,Room in labor Camp,Al Goze Industrial Second
CNT2128805197,2025-02-04,85000,2 bed rooms+hall,Al Hamriya
CNT2132105776,2025-09-20,49350,1bed room+Hall,Al Barshaa South Third
CNT2133094346,2025-10-04,48000,1bed room+Hall,Wadi Al Safa 3
CNT2132921774,2025-09-30,138000,3 bed rooms+hall,Trade Center First
CNT2132293484,2025-05-01,55650,1bed room+Hall,Wadi Al Safa 5
CNT2132842465,2025-09-01,249036,Showroom,Al Barsha First
CNT2130372071,2025-02-15,42000,Shop,Al Dhagaya
CNT2133216872,2025-05-01,176814,Shop,Madinat Hind 1
CNT2132905853,2025-09-15,4089600,Room in labor Camp,Muhaisanah Second
CNT2130756376,2025-05-02,20000,Office,Hor Al Anz
CRT2131194606,2025-05-01,295000,3 bed rooms+hall,Marsa Dubai
CNT2131829314,2025-05-15,748800,Room in labor Camp,Dubai Investment Park First
CNT2129119120,2025-02-22,101000,2 bed rooms+hall,Al Satwa
CNT2133174058,2025-10-01,85000,3 bed rooms+hall,Al Nahda Second
CRT2129255666,2025-01-15,400000,Shop,Marsa Dubai
CRT2134104746,2026-01-07,200000,Hotel,Burj Khalifa
CNT2132554443,2025-09-08,1569230,1bed room+Hall,Al Goze Fourth
CNT2127370026,2025-02-10,71500,1bed room+Hall,Madinat Al Mataar
CNT2130424656,2025-01-01,394800,Labor Camp,Muhaisanah Second
CRT2131508426,2025-07-01,50000,1bed room+Hall,Al Hebiah Fourth
CNT2130183460,2025-03-17,15000,Office,Business Bay
CRT2132343856,2025-08-01,301000,4 bed rooms+hall,Al Hebiah Fourth
CNT2127358921,2025-02-06,41800,1bed room+Hall,Al Nahda First
CNT2128541393,2025-01-01,463023,Office,Al Karama
CNT2131837330,2025-07-12,45000,Studio,Nad Al Hamar
CNT2130202670,2025-02-01,197412,Labor Camp,Muhaisanah Second
CNT2133863134,2026-01-01,1500000,1bed room+Hall,Al Muteena
CNT2133831031,2025-12-12,48000,2 bed rooms+hall,Al Qusais Industrial Fifth
CNT2132689257,2025-09-16,178000,3 bed rooms+hall,Al Barsha First
CNT2132673188,2025-11-16,60000,2 bed rooms+hall,Al Nahda First
CNT2128493293,2025-02-06,29106,1bed room+Hall,AL QUSAIS
CNT2126949577,2025-01-01,37000,Studio,Al Mararr
CNT2133415953,2025-11-15,150000,2 bed rooms+hall,Nadd Hessa
CRT2130568126,2025-04-23,53000,1bed room+Hall,Al Barsha South Fourth
CNT2130165881,2025-03-14,20000,Office,Hor Al Anz
CNT2130974559,2025-05-15,97650,3 bed rooms+hall,Al Barsha First
CNT2132356230,2025-06-15,97066,2 bed rooms+hall,Al Suq Al Kabeer
CNT2129901300,2025-03-01,55000,2 bed rooms+hall,Al Nahda Second
CNT2128284933,2025-01-01,45000,Shop,Naif
CNT2131890097,2025-07-24,56999,2 bed rooms+hall,Ras Al Khor Industrial Third
CNT2128069049,2025-01-23,15000,Studio,Jabal Ali First
CNT2131210118,2025-06-05,59834,1bed room+Hall,Al Raffa
CNT2128574769,2025-01-28,15000,Office,Al Baraha
CNT2132387707,2025-08-16,1096524,Room in labor Camp,Jabal Ali Industrial First
CNT2130452484,2025-02-22,150000,Shop,Al Mamzer
CNT2132606974,2025-09-22,112000,2 bed rooms+hall,Um Hurair First
CNT2133596012,2025-10-08,368400,Room in labor Camp,Muhaisanah Second
CNT2132156417,2025-04-16,275000,Room in labor Camp,Al Goze Industrial First
CNT2132867262,2025-11-02,210000,4 bed rooms+hall,Al Bada
CNT2133579169,2025-11-15,160000,Warehouse,Dubai Investment Park First
CNT2129270667,2025-03-03,169000,3 bed rooms+hall,Al Satwa
CNT2131821540,2025-07-19,45150,Studio,Al Hebiah Fourth
CNT2132252587,2025-05-26,54600,2 bed rooms+hall,Al Goze Industrial Second
CNT2130339016,2025-04-04,53500,2 bed rooms+hall,Al Qusais Industrial Fifth
CNT2134248504,2026-04-15,58800,1bed room+Hall,Dubai Investment Park Second
CNT2131925899,2025-07-25,60000,Studio,Al Barshaa South Third
CNT2131708158,2025-07-04,15000,Office,Al Barsha First
CNT2131567667,2025-06-18,30000,Room in labor Camp,Dubai Investment Park Second
CNT2133641417,2025-11-01,7000000,Studio,Rega Al Buteen
CNT2130836709,2025-05-08,15000,Office,Al Baraha
CNT2132940548,2025-08-15,105000,Kiosk,Al Barsha Second
CNT2131732842,2025-07-01,407143,Office,Business Bay
CNT2128318407,2025-01-16,300000,3 bed rooms+hall,Al Hebiah Third
CNT2133442330,2025-10-21,459000,Labor Camp,Jabal Ali Industrial First
CRT2134329126,2026-02-01,190000,Office,Business Bay
CNT2130079422,2025-03-01,47000,2 bed rooms+hall,Al Nahda Second
CRT2134074096,2026-01-05,105000,3 bed rooms+hall,Madinat Al Mataar
CRT2127497396,2025-01-01,320000,3 bed rooms+hall,Al Thanyah Fifth
CNT2133654972,2025-11-10,41400,1bed room+Hall,Al Karama
CNT2133571259,2025-11-24,39900,Studio,Al Goze Fourth
CNT2134080145,2026-01-18,45000,2 bed rooms+hall,Al Qusais Industrial Fifth
CNT2128528390,2025-01-01,25000,1bed room+Hall,Al Nahda Second
CRT2133461966,2025-05-01,68250,2 bed rooms+hall,Wadi Al Safa 2
CNT2132768359,2025-09-29,305727,Shop,Wadi Al Safa 7
CRT2134112366,2025-11-01,75000,3 bed rooms+hall,Al Murqabat
CNT2129883557,2025-02-25,37800,1bed room+Hall,AL QUSAIS
CNT2134184510,2026-02-17,38000,1bed room+Hall,Al Nahda First
CRT2130880566,2025-04-17,73901,1bed room+Hall,Al Thanyah Third
CNT2127648256,2025-01-08,15000,Office,Al Muteena
CNT2132934357,2025-09-22,142000,Warehouse,Al Qusais Industrial Second
CNT2126902689,2025-01-01,75000,1bed room+Hall,Al Mararr
CNT2131584129,2025-06-30,15000,Office,Al Karama
CNT2132057123,2025-07-30,20000,Office,Al Muteena
CNT2131166709,2025-06-09,250000,4 bed rooms+hall,Jabal Ali First
CNT2129923595,2025-02-25,15000,Office,Al Khabeesi
CNT2133935264,2025-12-22,15000,Office,Al Muteena
CNT2131289215,2025-04-29,1586400,Room in labor Camp,Muhaisanah Second
CNT2133556982,2025-11-19,20000,Office,Al Khabeesi
CNT2132965698,2025-05-07,56100,1bed room+Hall,Al Barsha South Fourth
CNT2131486152,2025-06-23,15000,Office,Al Khabeesi
CNT2133739219,2025-12-01,58000,1bed room+Hall,Jabal Ali First
CRT2133773326,2025-11-20,100000,1bed room+Hall,Hadaeq Sheikh Mohammed Bin Rashid
CNT2131114227,2025-05-08,66700,2 bed rooms+hall,AL TWAR FIFTH
CNT2131812317,2025-08-10,60000,1bed room+Hall,Oud Metha
CNT2132376888,2025-08-10,315000,Room in labor Camp,Muhaisanah Second
CRT2133800726,2025-11-01,9000000,1bed room+Hall,Al Barsha South Fourth
CNT2130404349,2025-05-01,55000,1bed room+Hall,Wadi Al Safa 5
CNT2130191933,2025-03-14,115500,3 bed rooms+hall,Mankhool
CNT2131291775,2025-06-12,15000,Office,Business Bay
CNT2131193087,2025-05-01,140000,Shop,Al Hudaiba
CNT2134010446,2025-12-27,20000,Office,Al Karama
CNT2131138587,2025-05-30,20000,Office,Mankhool
CNT2132264595,2025-08-07,2620000,Staff Accommodatoion,Al Warsan Third
CNT2130651488,2025-05-01,85000,2 bed rooms+hall,Al Barshaa South Third
CNT2128514812,2025-02-20,60000,1bed room+Hall,Warsan Fourth
CNT2132685014,2025-09-12,141120,Room in labor Camp,Jabal Ali Industrial First
CNT2129770236,2025-02-15,64000,Office,Rega Al Buteen
CNT2131242581,2025-06-16,39999,1bed room+Hall,Muhaisanah Fourth
CNT2131240642,2025-07-10,56400,1bed room+Hall,Al Nahda Second
CNT2134232240,2026-01-14,20000,Office,Al Mararr
CNT2129879810,2025-02-25,52000,1bed room+Hall,Wadi Al Safa 5
CNT2134001080,2025-11-24,46000,1bed room+Hall,Al Warsan First
CNT2132761761,2025-09-01,420000,1bed room+Hall,Dubai Investment Park Second
CNT2131654963,2025-07-01,85000,2 bed rooms+hall,Mankhool
CNT2131580750,2025-07-01,200000,4 bed rooms+hall,Al Baraha
CNT2131862145,2025-07-15,48000,Studio,Jabal Ali First
CNT2132255633,2025-08-14,20000,Office,Port Saeed
CNT2132809885,2025-03-01,148000,3 bed rooms+hall,Port Saeed
CNT2133470474,2025-11-15,2534622,1bed room+Hall,Jabal Ali First
CNT2133825167,2025-08-18,126000,Room in labor Camp,Jabal Ali Industrial First
CRT2130192486,2025-03-19,85000,2 bed rooms+hall,Madinat Al Mataar
CNT2130177193,2025-02-01,98856,2 bed rooms+hall,Marsa Dubai
CNT2134021483,2025-06-17,69878,2 bed rooms+hall,Nadd Hessa
CRT2133757286,2025-12-01,76000,2 bed rooms+hall,Al Goze Fourth
CNT2129852764,2025-02-19,100000,3 bed rooms+hall,Al Nahda First
CNT2130421683,2025-03-01,31000,Studio,Naif
CNT2132429486,2025-01-01,3000000,Hotel,Al Muteena
CNT2132557019,2025-09-09,15000,Office,Business Bay
CNT2133162725,2025-10-27,52000,Studio,Al Barsha South Fourth
CRT2133889076,2026-01-29,195000,4 bed rooms+hall,Wadi Al Safa 3
CNT2129252569,2025-02-20,69300,2 bed rooms+hall,Al Barsha First
CNT2133626107,2025-11-28,42500,1bed room+Hall,Al Warsan First
CRT2131573956,2025-07-01,63000,1bed room+Hall,Al Barshaa South Third
CNT2133471447,2025-10-01,20000,Warehouse,Al Goze Industrial Third
CNT2130040293,2025-01-01,105600,Warehouse,Al Qusais Industrial Second
CNT2131518577,2025-03-08,90948,2 bed rooms+hall,Jabal Ali First
CRT2132030626,2025-02-14,55000,Shop,Al Warsan First
CNT2130199869,2025-05-04,2053,Office,Business Bay
CNT2131172994,2025-06-02,25000,Office,Al Baraha
CNT2131864709,2025-07-07,26460,1bed room+Hall,AL QUSAIS
CNT2132429756,2025-07-15,90000,Warehouse,Ras Al Khor Industrial Second
CNT2132773510,2025-09-25,20000,Office,Al Raffa
CNT2134224027,2026-01-17,53000,1bed room+Hall,Hor Al Anz East
CNT2133001610,2025-09-01,35000,Studio,Al Muteena
CNT2122135910,2025-01-01,148838,5 bed rooms+hall,Al Garhoud
CNT2134168882,2025-12-01,6895200,Room in labor Camp,Dubai Investment Park Second
CNT2131520686,2025-06-25,45000,1bed room+Hall,Hor Al Anz
CNT2132664998,2025-09-16,64000,Studio,Naif
CNT2133116246,2025-10-20,77000,Office,Naif
CNT2129622938,2025-02-20,55000,1bed room+Hall,Al Warqa First
CNT2132059855,2025-08-04,53360,1bed room+Hall,Al Barsha First
CNT2132354567,2025-08-28,78000,2 bed rooms+hall,Al Barshaa South Third
CNT2134297087,2025-08-03,439923,Room in labor Camp,Muhaisanah Second
CNT2131764124,2025-07-15,40000,Shop,Hor Al Anz
CNT2131677492,2025-07-02,15000,Office,Naif
CRT2131734478,2025-07-07,85000,Studio,Al Jadaf
CNT2132046644,2025-08-10,55000,Studio,Al Thanyah First
CRT2133079146,2025-10-27,61000,Studio,Al Barsha South Fourth
CNT2132580161,2025-09-10,15000,Office,Hor Al Anz
CNT2131544911,2025-05-01,72450,2 bed rooms+hall,Nadd Hessa
CNT2130977445,2025-05-19,15000,Office,Al Khabeesi
CNT2133163419,2025-10-01,96089,Workshop,Madinat Dubai Almelaheyah
CNT2133002707,2025-08-29,65000,2 bed rooms+hall,Nadd Hessa
CNT2133128224,2025-11-04,38500,2 bed rooms+hall,AL QUSAIS
CRT2133419136,2025-08-04,155000,3 bed rooms+hall,Al Yelayiss 1
CRT2130483426,2025-03-10,30000,Office,Al Khabeesi
CNT2132120822,2025-09-01,52000,1bed room+Hall,Nadd Hessa
CRT2130498786,2025-04-15,58300,2 bed rooms+hall,Al Mamzer
CNT2131859725,2025-01-01,3500000,Hotel,Al Suq Al Kabeer
CNT2133950335,2025-12-28,41000,1bed room+Hall,Al Qusais Industrial Fifth
CNT2126691740,2025-01-20,57330,2 bed rooms+hall,Al Goze Industrial Second
CNT2130884216,2025-07-20,57750,2 bed rooms+hall,Al Warqa First
CNT2133766856,2025-12-30,40700,1bed room+Hall,Muhaisanah Fourth
CNT2129437460,2025-02-11,15000,Office,Al Khabeesi
CRT2130629286,2025-04-05,55000,1bed room+Hall,Al Hebiah Fourth
CNT2128568306,2025-02-01,107100,Shop,Mankhool
CNT2131525200,2025-07-01,125000,1bed room+Hall,Burj Khalifa
CNT2131196109,2025-06-01,120000,1bed room+Hall,Al Satwa
CNT2132817063,2025-09-25,50820,1bed room+Hall,Al Barshaa South Third
CNT2131728057,2025-07-20,7287500,Room in labor Camp,Jabal Ali Industrial First
CRT2132601686,2025-09-14,105000,2 bed rooms+hall,Marsa Dubai
CNT2132270132,2025-08-20,51000,Studio,Al Dhagaya
CRT2131243046,2025-04-01,70000,1bed room+Hall,Jabal Ali First
CNT2133072746,2025-10-15,340000,Shop,Business Bay
CNT2129119323,2025-03-01,66000,2 bed rooms+hall,Al Jadaf
CNT2131562768,2025-06-28,20000,Office,Dubai Investment Park First
CNT2131275377,2025-06-20,310000,4 bed rooms+hall,Al Thanyah Fifth
CNT2129852590,2025-02-19,720000,6 bed rooms+hall,Al Thanayah Fourth
CRT2133887506,2025-11-01,60000,Room in labor Camp,Al Goze Third
CNT2132244026,2025-08-15,204750,4 bed rooms+hall,Al Jafliya
CNT2127471606,2025-01-02,1279293,Shop,Um Hurair Second
CNT2134034794,2025-01-21,1969100,Studio,Jabal Ali First
CRT2131083846,2025-06-01,215000,2 bed rooms+hall,Al Barsha South Fifth
CNT2129267102,2025-01-01,315000,Shop,Naif
CNT2133308246,2025-11-08,140000,2 bed rooms+hall,Al Safouh Second
CNT2126846403,2025-01-01,36000,1bed room+Hall,Al Suq Al Kabeer
CNT2132620241,2025-09-15,53000,1bed room+Hall,Al Hamriya
CNT2130750591,2025-05-02,20500,Office,Al Muteena
CRT2132020596,2025-08-04,95000,1bed room+Hall,Al Thanyah First
CNT2129851537,2025-03-14,110250,3 bed rooms+hall,Madinat Dubai Almelaheyah
CNT2132870890,2025-08-28,75962,Office,Al Safouh Second
CNT2127378663,2025-01-01,249750,Shop,Jumeirah First
CNT2132364865,2025-09-18,75000,2 bed rooms+hall,Al Karama
CNT2129377961,2025-02-10,94000,2 bed rooms+hall,Al Thanyah Fifth
CNT2130078138,2025-03-15,65000,1bed room+Hall,Al Barsha First
CNT2131765828,2025-06-16,36000,Shop,Al Maha
CNT2130014561,2025-03-04,15000,Office,Al Khabeesi
CNT2133669968,2025-12-09,2355067,1bed room+Hall,Naif
CNT2130807677,2025-04-19,52442,Office,Saih Shuaib 2
CNT2133951277,2025-10-25,389760,Room in labor Camp,Jabal Ali Industrial First
CNT2129914623,2025-02-01,240000,Room in labor Camp,Muhaisanah Second
CNT2130133510,2025-03-15,45000,Studio,Al Barsha South Fifth
CNT2132830147,2025-10-23,37999,1bed room+Hall,Muhaisanah Fourth
CNT2132987755,2025-09-22,54000,Room in labor Camp,Muhaisanah Second
CNT2132280141,2025-08-18,15000,Office,Al Mararr
CNT2129718549,2025-01-25,38500,1bed room+Hall,Al Warsan First
CNT2132478799,2025-08-31,103950,3 bed rooms+hall,Mankhool
CNT2133419072,2025-10-03,45000,Studio,Warsan Fourth
CRT2130202756,2025-03-15,230000,2 bed rooms+hall,Al Merkadh
CNT2133563371,2025-11-20,20000,Office,Hor Al Anz East
CNT2131978444,2025-06-15,210000,Shop,Al Goze Industrial Fourth
CNT2132873388,2025-03-15,1199999,Room in labor Camp,Muhaisanah Second
CNT2126845653,2025-01-01,39000,Shop,Al Twar First
CNT2131015358,2025-05-31,40320,2 bed rooms+hall,Al Goze Fourth
CNT2134333095,2025-11-15,110000,1bed room+Hall,Al Khairan First
CNT2131577256,2025-07-01,19000,Office,Al Khabeesi
CNT2128460245,2025-03-07,100000,Office,Al Ras
CNT2133840941,2025-10-15,117860,2 bed rooms+hall,Al Karama
CNT2132311290,2025-09-01,55000,Studio,Al Jadaf
CNT2131748092,2025-07-15,87000,1bed room+Hall,Marsa Dubai
CNT2130488451,2025-04-18,33000,Studio,Al Goze Industrial Second
CNT2132827101,2025-09-30,20000,Office,Dubai Investment Park First
CNT2130230624,2025-03-27,57750,1bed room+Hall,Al Bada
CNT2129370683,2025-02-08,108000,3 bed rooms+hall,Al Murqabat
CNT2130761683,2025-05-13,120000,1bed room+Hall,Al Thanyah Fifth
CNT2131953990,2025-02-12,44000,1bed room+Hall,Al Warsan First
CNT2132949644,2025-09-15,100000,Room in labor Camp,Muhaisanah Second
CNT2131527876,2025-06-25,15000,Office,Al Khabeesi
CNT2123011089,2026-11-30,843970,Kiosk,Um Suqaim Third
CNT2127677990,2025-01-21,38000,Studio,Al Raffa
CRT2130609016,2025-04-10,24000,3 bed rooms+hall,Port Saeed
CNT2133021638,2025-10-20,26000,Studio,Al Mararr
CNT2131416857,2025-05-01,633600,Room in labor Camp,Jabal Ali Industrial First
CNT2132334671,2025-05-01,109676,Room in labor Camp,Al Goze Industrial Second
CNT2132804400,2025-10-01,110000,1bed room+Hall,Al Thanyah Third
CNT2130338901,2025-04-11,33534,Studio,Al Barshaa South Third
CNT2130771492,2025-05-09,31625,Studio,Al Suq Al Kabeer
CNT2130755092,2025-03-15,258492,2 bed rooms+hall,Palm Jumeirah
CRT2128317506,2025-01-20,260000,2 bed rooms+hall,Burj Khalifa
CNT2134125782,2025-03-05,45000,Studio,Jabal Ali First
CNT2132626117,2025-07-25,43125,Office,Ras Al Khor Industrial Second
CRT2128448316,2025-01-26,93000,1bed room+Hall,Al Barsha South Fourth
CNT2133540437,2025-11-18,45000,Studio,Me'Aisem First
CNT2130307310,2025-03-20,97000,Showroom,Nad Al Hamar
CNT2130913572,2025-05-20,25000,Shop,Al Lusaily
CNT2133648336,2025-11-27,15000,Office,Al Suq Al Kabeer
CNT2128120472,2025-01-17,16000,Office,Um Hurair Second
CNT2133836916,2025-12-12,15000,Office,Al Barsha First
CNT2133401570,2025-11-01,50000,Shop,Al Barsha First
CNT2132647221,2025-05-01,120000,Warehouse,Al Goze Industrial First
CNT2133676302,2025-11-20,314650,Shop,Al Hudaiba
CNT2130852772,2025-05-09,15000,Office,Al Khabeesi
CNT2129875612,2025-03-01,271000,Shop with a mezzanine,Naif
CNT2131125688,2025-06-01,42000,Studio,Al Barshaa South Third
CNT2133440621,2025-11-20,180000,Office,Port Saeed
CNT2130157010,2025-01-16,58905,1bed room+Hall,Al Jadaf
CNT2131087527,2025-05-28,25200,1bed room+Hall,Muhaisanah Fourth
CNT2133200198,2025-11-01,63000,1bed room+Hall,Al Karama
CNT2133349338,2025-11-05,48300,1bed room+Hall,Al Barsha South Fourth
CNT2133771943,2025-11-15,1092000,Room in labor Camp,Muhaisanah Second
CNT2128967107,2025-02-03,20000,Office,Port Saeed
CNT2130358605,2025-04-03,15000,Office,Al Khabeesi
CNT2131038632,2025-05-23,15000,Office,Burj Khalifa
CNT2130395827,2025-04-17,48400,1bed room+Hall,Mirdif
CNT2134245540,2026-01-01,32340,1bed room+Hall,AL QUSAIS
CNT2133596202,2025-11-29,103000,2 bed rooms+hall,Al Satwa
CRT2131956466,2025-07-18,42000,1bed room+Hall,Wadi Al Safa 5
CNT2130174597,2025-03-18,55440,2 bed rooms+hall,Al Goze Industrial Second
CRT2133440136,2025-11-01,311387,Office,Al Thanyah First
CNT2132477170,2025-08-12,35066,Shop,Al Karama
CNT2133460532,2025-12-01,51000,1bed room+Hall,Al Barsha First
CNT2132751777,2025-10-05,120000,2 bed rooms+hall,Business Bay
CNT2133344023,2025-11-10,58000,1bed room+Hall,Nadd Hessa
CNT2132066205,2025-08-01,2436923,Room in labor Camp,Jabal Ali Industrial First
CNT2132975679,2025-10-27,40500,1bed room+Hall,Al Warqa First
CNT2131985612,2025-09-01,59850,1bed room+Hall,Al Barsha First
CRT2127688006,2025-01-13,160000,3 bed rooms+hall,Al Merkadh
CNT2132341870,2025-09-01,91000,3 bed rooms+hall,Jabal Ali First
CNT2133825279,2026-01-01,33050,Studio,Al Muteena
CNT2131067991,2025-03-01,52500,1bed room+Hall,Al Barsha South Fourth
CNT2131553817,2025-06-28,368400,Room in labor Camp,Muhaisanah Second
CNT2132538195,2025-09-15,73500,2 bed rooms+hall,Mankhool
CNT2131331930,2025-06-18,60000,1bed room+Hall,Nadd Hessa
CNT2131326801,2025-05-20,4896000,Room in labor Camp,Jabal Ali Industrial First
CNT2129259596,2025-02-05,55000,1bed room+Hall,Nadd Hessa
CNT2133054659,2025-10-20,27970,Office,Jabal Ali First
CRT2129816946,2025-02-22,42000,Studio,Me'Aisem First
CNT2131732681,2025-07-02,51319,1bed room+Hall,Al Barsha South Fourth
CNT2134277151,2026-01-20,150000,2 bed rooms+hall,Trade Center First
CNT2129848627,2025-01-01,1458000,1bed room+Hall,Jabal Ali Industrial First
CNT2131298561,2025-07-10,200000,2 bed rooms+hall,Jumeirah First
CNT2130993796,2025-05-20,25000,Office,Port Saeed
CNT2128815874,2025-02-01,99629,3 bed rooms+hall,Al Satwa
CNT2130131249,2025-02-15,5500000,Room in labor Camp,Saih Shuaib 4
CNT2132817361,2025-10-05,42000,Studio,Al Hebiah Fourth
CNT2131698525,2025-07-03,48000,1bed room+Hall,Al Nahda Second
CNT2128013097,2025-01-01,60638,2 bed rooms+hall,Hor Al Anz East
CNT2129049614,2025-02-15,52800,2 bed rooms+hall,Wadi Al Safa 2
CNT2133981541,2025-12-25,67760,2 bed rooms+hall,Jabal Ali First
CRT2130881657,2025-04-15,32000,Studio,Al Hebiah Fourth
CNT2130451670,2025-04-20,48000,1bed room+Hall,Al Nahda Second
CRT2126721156,2025-01-01,145000,2 bed rooms+hall,Muhaisanah First
CNT2130658798,2025-04-25,32000,Studio,Al Muteena
CNT2128808482,2025-02-01,105600,Office,Al Barsha First
CNT2130589670,2025-04-21,15000,Office,Al Khabeesi
CNT2133072508,2025-10-17,20000,Office,Al Mararr
CNT2130474185,2025-04-12,15000,Office,Al Barsha First
CRT2133250716,2025-10-29,120000,1bed room+Hall,Business Bay
CNT2131184787,2025-06-01,110000,2 bed rooms+hall,Hadaeq Sheikh Mohammed Bin Rashid
CNT2131273790,2025-06-15,55000,1bed room+Hall,Al Warqa First
CNT2131308699,2025-06-13,68000,2 bed rooms+hall,Al Nahda First
CNT2133294676,2025-06-02,592581,Shop,Al Warsan First
CNT2131859115,2025-08-05,105000,2 bed rooms+hall,Mankhool
CRT2132585676,2025-09-15,38114,Studio,Al Barshaa South Third
CNT2132913952,2025-10-06,20000,Office,Dubai Investment Park Second
CNT2131819265,2025-07-14,20000,Office,Jabal Ali Industrial First
CNT2134011577,2026-02-06,90000,1bed room+Hall,Nadd Hessa
CNT2131673153,2025-03-25,55000,2 bed rooms+hall,Al Qusais Industrial Fourth
CNT2131530273,2025-06-25,15000,Office,Al Khabeesi
CNT2132442330,2025-09-01,70000,2 bed rooms+hall,Jabal Ali First
CNT2132485031,2025-10-20,26450,Studio,Me'Aisem First
CNT2129889925,2025-03-02,30360,Studio,Al Baraha
CRT2133783026,2025-11-01,30000,Shop,Al Baraha
CNT2132666775,2025-09-17,15000,Office,Burj Khalifa
CNT2131579439,2025-07-10,200000,7 bed rooms+hall,Al Goze First
CNT2132497432,2025-09-03,2000,Room in labor Camp,Jabal Ali Industrial First
CNT2131874211,2025-07-04,682556,Room in labor Camp,Muhaisanah Second
CNT2130364841,2025-04-03,15000,Office,Al Mararr
CNT2132600824,2025-09-19,51450,1bed room+Hall,Al Nahda First
CRT2129907986,2025-02-24,40000,Studio,Nadd Hessa
CNT2130942423,2025-05-16,15000,Office,Al Karama
CNT2130698027,2025-08-01,329280,Room in labor Camp,Jabal Ali Industrial First
CNT2132017716,2025-06-09,88000,2 bed rooms+hall,Al Jadaf
CNT2130600302,2025-04-20,43000,Studio,Al Satwa
CNT2133552587,2025-11-25,52000,Studio,Wadi Al Safa 7
CNT2130575614,2025-04-19,20000,Office,Al Baraha
CNT2133303846,2025-09-10,4665600,Room in labor Camp,Jabal Ali Industrial First
CNT2133433493,2025-11-10,20000,Office,Al Murqabat
CNT2132080185,2025-07-20,200000,Shop,Oud Metha
CNT2132995390,2025-09-20,131799,Studio,Al Satwa
CNT2132534572,2025-09-07,190000,3 bed rooms+hall,Al Hebiah Third
CNT2133655564,2025-11-27,20000,Office,Al Muteena
CRT2133320696,2025-02-15,47000,2 bed rooms+hall,Eyal Nasser
CNT2130499414,2025-02-15,45000,2 bed rooms+hall,Al Nahda Second
CRT2133289526,2025-11-01,85000,Warehouse,Al Goze Industrial Fourth
CNT2126271571,2025-01-01,60000,2 bed rooms+hall,Al Nahda Second
CNT2130222428,2025-03-19,15000,Office,Trade Center Second
CRT2132478646,2025-09-15,145000,2 bed rooms+hall,Al Barsha South Fourth
CRT2131350126,2025-06-15,40000,Studio,Madinat Al Mataar
CNT2132649742,2025-10-18,61776,2 bed rooms+hall,Hor Al Anz East
CRT2128296384,2025-01-03,60000,Studio,Jabal Ali First
CNT2133337114,2025-10-20,268555,Warehouse,Saih Shuaib 3
CNT2133890197,2025-12-31,40050,Studio,Um Hurair First
CNT2131224313,2025-05-22,110000,2 bed rooms+hall,Business Bay
CNT2128789652,2025-02-15,200000,Warehouse,Al Qusais Industrial First
CNT2133851393,2025-09-20,132000,Room in labor Camp,Jabal Ali Industrial First
CRT2131508106,2025-06-01,57000,Shop,Naif
CNT2132069211,2025-07-22,73000,1bed room+Hall,Al Barshaa South Third
CNT2132179635,2025-07-20,222000,Room in labor Camp,Al Goze Third
CNT2127313276,2025-01-01,60000,Shop,Naif
CRT2132824456,2025-10-01,120000,1bed room+Hall,Marsa Dubai
CNT2130285559,2025-06-01,35000,Studio,Um Hurair First
CNT2130077183,2025-03-01,35000,Studio,Al Rega
CRT2130308996,2025-04-01,130000,3 bed rooms+hall,Madinat Hind 4
CNT2133841471,2025-10-01,76808,3 bed rooms+hall,Jabal Ali First
CNT2129798361,2025-02-17,65000,1bed room+Hall,Saih Shuaib 1
CNT2133578635,2025-11-21,15000,Office,Al Raffa
CNT2132054541,2025-07-23,31878,Studio,Jabal Ali First
CNT2133039001,2025-10-18,232800,Warehouse,Al Qusais Industrial Third
CNT2130151200,2025-02-15,1320000,Room in labor Camp,Jabal Ali Industrial First
CNT2130094355,2025-03-10,20000,Office,Al Khabeesi
CNT2133471041,2025-10-10,42000,Studio,Jabal Ali First
CNT2131720972,2025-07-18,50400,1bed room+Hall,Al Barshaa South Third
CNT2129972291,2025-03-01,120000,Room in labor Camp,Jabal Ali Industrial First
CNT2130232774,2025-03-01,60000,1bed room+Hall,Me'Aisem First
CNT2131959849,2025-06-01,109080,Room in labor Camp,Muhaisanah Second
CNT2134197135,2025-11-29,80000,1bed room+Hall,Al Barsha South Fifth
CNT2130789437,2025-05-05,15000,Office,Business Bay
CNT2131526641,2025-06-25,10000,Office,Mankhool
CNT2132666258,2025-10-01,82583,2 bed rooms+hall,Um Hurair Second
CNT2130774411,2025-05-17,418992,Room in labor Camp,Al Goze Industrial Second
CNT2131786664,2025-07-05,95000,1bed room+Hall,Trade Center Second
CNT2130713646,2025-04-30,15000,Office,Al Khabeesi
CNT2132711031,2025-11-01,57800,2 bed rooms+hall,AL QUSAIS
CNT2131097621,2025-05-28,7000,Office,Mankhool
CNT2130711666,2025-05-07,65000,1bed room+Hall,Mankhool
CRT2132870146,2025-10-01,154001,2 bed rooms+hall,Marsa Dubai
CRT2129916829,2025-02-09,67000,Studio,Jabal Ali First
CNT2134046347,2025-10-12,92870,Office,Al Safouh Second
CRT2130649836,2025-04-18,53000,1bed room+Hall,Al Hebiah Fourth
CNT2130358088,2025-04-05,21000,Office,Al Mararr
CNT2134008710,2025-12-27,80000,1bed room+Hall,Business Bay
CNT2130408304,2025-03-15,1019151,Shop,Trade Center Second
CNT2130425286,2025-04-10,150000,Shop,Al Satwa
CNT2133220509,2025-11-01,48000,Studio,Al Barsha South Fourth
CNT2129823351,2025-02-18,15000,Office,Dubai Investment Park First
CNT2130918373,2025-05-25,70000,3 bed rooms+hall,Al Karama
CNT2133789886,2025-12-24,58900,2 bed rooms+hall,Al Goze Industrial Second
CNT2133307445,2025-03-01,150000,Room in labor Camp,Al Goze Third
CNT2131965907,2025-06-01,44640,Shop,Al Dhagaya
CNT2128531323,2025-01-25,20000,Office,Naif
CNT2127451869,2025-03-01,43000,1bed room+Hall,Al Nahda First
CNT2133004541,2025-11-10,136500,3 bed rooms+hall,Mirdif
CNT2129261060,2025-02-13,45999,Studio,Jabal Ali First
CNT2130682087,2025-04-01,32200,,Al Goze Industrial Second
CNT2130131575,2025-02-28,540000,Room in labor Camp,Muhaisanah Second
CNT2129875159,2025-02-21,51999,1bed room+Hall,Jabal Ali First
CRT2130599726,2025-05-15,200000,Clinic,Um Hurair Second
CNT2117181564,2025-07-01,28935000,3 bed rooms+hall,Business Bay
CNT2132332881,2025-06-01,42000,Room in labor Camp,Muhaisanah Second
CRT2133810046,2025-12-20,110000,1bed room+Hall,Burj Khalifa
CNT2129369645,2025-02-10,20000,Office,Al Murqabat
CNT2130238067,2025-02-04,361996,Room in labor Camp,Dubai Investment Park Second
CNT2133471481,2025-11-01,1152000,Room in labor Camp,Jabal Ali Industrial First
CNT2132432428,2025-08-29,10000,Office,Dubai Investment Park Second
CNT2132072059,2025-07-14,83160,2 bed rooms+hall,Al Karama
CNT2134281982,2026-01-15,47001,Office,Nad Al Hamar
CNT2131862196,2025-04-01,213000,Room in labor Camp,Al Goze Third
CNT2133411218,2025-12-01,41003,1bed room+Hall,Al Goze Industrial Second
CNT2129681334,2025-04-01,69120,Room in labor Camp,Al Goze Third
CNT2132035615,2025-07-29,15000,Office,Al Goze Industrial First
CRT2130692476,2025-05-04,80000,2 bed rooms+hall,Madinat Al Mataar
CNT2133436937,2025-11-10,20000,Office,Dubai Investment Park First
CNT2134071650,2026-01-02,15000,Office,Al Muteena
CNT2133862401,2026-01-02,34304,1bed room+Hall,Al Warsan First
CNT2133836997,2025-12-15,61000,2 bed rooms+hall,Al Twar First
CNT2134174406,2026-01-01,58190,Office,Al Rega
CNT2130970781,2025-06-01,82000,Shop,Naif
CNT2130495313,2025-04-01,450000,Room in labor Camp,Muhaisanah Second
CNT2131786841,2025-07-01,850000,Office,Al Barshaa South Third
CNT2131031987,2025-06-01,5000000,Room,Palm Jumeirah
CNT2133748312,2025-12-08,70000,1bed room+Hall,Al Merkadh
CNT2133858251,2025-12-05,206775,Shop,Al Barsha First
CNT2134270790,2025-10-15,43890,Office,Nad Al Hamar
CRT2134219026,2025-02-01,100000,2 bed rooms+hall,Madinat Al Mataar
CNT2133282384,2025-01-20,61000,3 bed rooms+hall,Al Qusais Industrial Fifth
CNT2129115147,2025-02-01,219600,Room in labor Camp,Jabal Ali Industrial First
CNT2126074866,2025-01-01,65000,1bed room+Hall,Al Barsha First
CNT2125844695,2025-01-01,54000,2 bed rooms+hall,Al Nahda Second
CNT2133110467,2025-06-18,141600,Shop,Marsa Dubai
CNT2126792085,2025-01-01,55125,2 bed rooms+hall,Al Dhagaya
CNT2127685818,2025-01-09,15000,Office,Trade Center Second
CNT2133808385,2025-12-12,160000,1bed room+Hall,Marsa Dubai
CRT2131834696,2025-07-16,170000,2 bed rooms+hall,Al Thanyah Third
CRT2132381596,2025-08-25,84000,1bed room+Hall,Hadaeq Sheikh Mohammed Bin Rashid
CNT2131941250,2025-07-15,35000,1bed room+Hall,Al Mararr
CNT2133340728,2025-11-05,20000,Office,Saih Shuaib 2
CNT2133766185,2025-12-10,45000,Studio,Al Raffa
CNT2132797864,2025-10-15,45000,1bed room+Hall,Al Qusais Industrial Second
CNT2133085123,2025-09-20,302620,Warehouse,Dubai Investment Park Second
CNT2132850856,2025-10-03,127000,,Hadaeq Sheikh Mohammed Bin Rashid
CNT2130498149,2025-03-19,28800,Room in labor Camp,Al Goze Third
CRT2133952236,2025-12-15,666250,Office,Al Thanyah Fifth
CNT2128555253,2025-01-01,57750,2 bed rooms+hall,AL QUSAIS
CNT2132301056,2025-08-10,136500,Shop,Al Mararr
CNT2132274959,2025-08-01,29000,Studio,Nadd Hessa
CNT2134268450,2026-01-16,48000,Studio,Al Barsha South Fourth
CNT2131129620,2025-08-15,88810,1bed room+Hall,Um Suqaim Second
CNT2131410180,2025-06-19,69212,2 bed rooms+hall,Al Barshaa South Third
CRT2130112147,2025-03-20,61000,1bed room+Hall,Madinat Al Mataar
CNT2130457049,2025-04-10,20000,Office,Hor Al Anz
CNT2133823354,2026-01-01,112000,2 bed rooms+hall,Al Barsha First
CNT2133521928,2025-11-17,15000,Office,Oud Metha
CNT2128313349,2025-01-21,52000,1bed room+Hall,Nadd Hessa
CNT2128292177,2025-01-10,46173,Studio,Al Buteen
CNT2131248020,2025-06-06,47000,Office,Trade Center First
CNT2132407877,2025-10-21,48000,Studio,Jabal Ali First
CNT2133947302,2025-12-22,15000,Office,Al Suq Al Kabeer
CNT2132507098,2025-09-05,48620,2 bed rooms+hall,Al Warsan First
CRT2132246596,2025-08-01,53361,2 bed rooms+hall,Wadi Al Safa 5
CRT2133842156,2025-12-03,725000,Warehouse,Al Khabeesi
CNT2129368640,2025-02-12,80000,2 bed rooms+hall,Mankhool
CNT2130912810,2025-05-25,826176,Room in labor Camp,Muhaisanah Second
CNT2132851569,2025-10-01,5896800,Room in labor Camp,Jabal Ali Industrial First
CNT2133814563,2025-12-08,54023,2 bed rooms+hall,Al Goze Fourth
CNT2127472339,2025-01-01,50000,1bed room+Hall,Al Hebiah Fourth
CNT2133131841,2025-07-30,132085,Shop,Palm Jumeirah
CNT2134204694,2026-01-01,1872000,Room in labor Camp,Jabal Ali Industrial First
CNT2132525977,2025-09-01,29677,Studio,Muhaisanah Fourth
CNT2131995856,2025-09-08,52000,1bed room+Hall,Al Raffa
CRT2133205236,2025-11-01,105000,2 bed rooms+hall,Marsa Dubai
CNT2130221023,2025-04-20,55521,1bed room+Hall,Jabal Ali First
CNT2133977246,2025-12-24,20000,Office,Dubai Investment Park First
CNT2133066303,2025-07-01,1747200,Labor Camp,Al Goze Industrial Second
CNT2127689064,2025-01-09,30000,Studio,Al Warsan First
CNT2133425276,2025-11-15,42000,Studio,Jabal Ali First
CNT2131010169,2025-04-28,165580,Office,Madinat Al Mataar
CRT2130319626,2025-03-10,47250,1bed room+Hall,Al Hebiah Fourth
CNT2132152597,2025-07-12,67000,1bed room+Hall,Al Garhoud
CNT2127897772,2025-01-12,57173,1bed room+Hall,Mankhool
CNT2130545964,2025-04-18,140000,2 bed rooms+hall,Hadaeq Sheikh Mohammed Bin Rashid
CRT2131127476,2025-06-02,180000,2 bed rooms+hall,Burj Khalifa
CNT2128294985,2025-01-01,68196,2 bed rooms+hall,Al Hudaiba
CNT2132154237,2025-08-18,286092,Office,Al Raffa
CNT2132342576,2025-08-22,60000,1bed room+Hall,Nadd Hessa
CNT2132886142,2025-10-03,15000,Office,Al Warqa Fourth
CRT2132044386,2025-07-01,1000,Hotel,Al Thanyah First
CNT2133785287,2025-11-29,55000,2 bed rooms+hall,Al Nahda Second
CNT2130725179,2025-05-01,2067200,Office,Al Safouh Second
CNT2133671543,2025-12-01,80000,Shop with a mezzanine,Al Buteen
CRT2132389046,2025-08-25,137000,2 bed rooms+hall,Business Bay
CRT2131206236,2025-05-30,40000,Office,Al Thanyah Fifth
CRT2133613246,2025-12-01,130000,3 bed rooms+hall,Madinat Al Mataar
CNT2128067803,2025-01-01,113640,Office,Um Hurair Second
CNT2131278938,2025-03-01,312000,Room in labor Camp,Al Goze Third
CNT2132599007,2025-09-21,145000,3 bed rooms+hall,Al Yelayiss 2
CNT2132118511,2025-08-05,15000,Office,Al Goze Industrial First
CNT2130445135,2025-04-01,76680,Room in labor Camp,Saih Shuaib 3
CNT2134038274,2025-12-30,15000,Office,Burj Khalifa
CNT2131947372,2025-07-23,24000,Office,Port Saeed
CRT2133305836,2025-11-01,75000,Studio,Al Barsha South Fourth
CNT2134202655,2026-01-25,37000,1bed room+Hall,Al Qusais Industrial Fifth
CRT2130219836,2025-03-12,120750,2 bed rooms+hall,Marsa Dubai
CRT2131283936,2025-05-04,42000,Studio,Dubai Investment Park First
CNT2130912070,2025-05-14,15000,Office,Al Murqabat
CNT2133143090,2025-09-05,78000,2 bed rooms+hall,Al Barsha First
CNT2131952636,2025-08-20,75000,1bed room+Hall,Mankhool
CNT2134090282,2025-09-01,132000,Room in labor Camp,Al Goze Industrial Second
CNT2128541204,2025-01-01,97200,Labor Camp,Muhaisanah Second
CNT2131575007,2025-07-14,85000,2 bed rooms+hall,Dubai Investment Park First
CRT2133951669,2025-10-20,190000,2 bed rooms+hall,Burj Khalifa
CNT2131676295,2025-06-21,3000000,Labor Camp,Jabal Ali Industrial First
CNT2127040386,2025-01-01,42000,Shop,Ras Al Khor Industrial Third
CRT2130683146,2025-05-01,150000,2 bed rooms+hall,Burj Khalifa
CNT2133571543,2025-11-20,20000,Office,Port Saeed
CNT2133890477,2026-01-01,94600,2 bed rooms+hall,Al Hudaiba
CNT2127763780,2025-01-01,27000,Studio,AL TWAR FIFTH
CNT2133651450,2025-12-08,58000,1bed room+Hall,Mirdif
CNT2130831568,2025-05-15,48000,Room in labor Camp,Al Goze Third
CNT2130038853,2025-02-01,85000,Shop,Jumeirah First
CNT2129939639,2025-02-26,17000,Office,Al Goze Third
CNT2132231254,2025-06-07,75000,1bed room+Hall,Al Barsha First
CNT2133898773,2025-09-10,1504800,Room in labor Camp,Jabal Ali Industrial First
CNT2130216424,2025-03-30,50820,1bed room+Hall,Al Barsha South Fourth
CNT2132776159,2025-08-01,600000,Room in labor Camp,Dubai Investment Park First
CNT2126659635,2025-01-01,50000,1bed room+Hall,Al Warsan First
CNT2133883461,2025-12-20,80000,1bed room+Hall,Al Thanyah Third
CNT2130523337,2025-04-16,15000,Office,Burj Khalifa
CNT2130111017,2025-03-03,80000,1bed room+Hall,Al Karama
CNT2130268228,2025-04-01,69000,1bed room+Hall,Al Thanyah First
CNT2134107746,2026-01-06,15000,Office,Business Bay
CNT2129919355,2025-02-01,64000,2 bed rooms+hall,Al Nahda First
CNT2127225552,2025-01-03,62699,2 bed rooms+hall,Jabal Ali First
CNT2130298967,2025-03-26,15000,Office,Al Khabeesi
CRT2133591786,2025-11-22,44100,Studio,Jabal Ali First
CNT2131839866,2025-09-01,47200,1bed room+Hall,Port Saeed
CNT2131092527,2025-02-05,55000,1bed room+Hall,Um Hurair Second
CNT2131525813,2025-06-15,162000,Warehouse,Um Ramool
CNT2132670826,2025-09-17,18000,Office,Al Mararr
CNT2130909369,2025-04-27,47355,1bed room+Hall,Al Hebiah Fourth
CNT2130247712,2025-03-21,15000,Office,Al Khabeesi
CRT2133976946,2026-01-02,70000,1bed room+Hall,Al Barsha South Fourth
CNT2129969307,2025-02-22,98000,2 bed rooms+hall,Mankhool
CNT2133547777,2025-11-19,15000,Office,Burj Khalifa
CNT2128413676,2025-01-01,799200,Room in labor Camp,Dubai Investment Park Second
CNT2133753820,2025-12-01,1260000,Studio,Al Karama
CNT2131921664,2025-07-28,240000,4 bed rooms+hall,Nad Al Shiba First
CNT2132520002,2025-09-26,54600,2 bed rooms+hall,Al Warsan First
CNT2128571585,2025-01-01,26136000,2 bed rooms+hall,Al Qusais Industrial First
CNT2131225767,2025-06-09,73000,Studio,Al Thanyah First
CRT2128962576,2025-02-07,160000,2 bed rooms+hall,Burj Khalifa
CNT2129109027,2025-02-05,180000,3 bed rooms+hall,Business Bay
CNT2134232507,2025-12-30,110000,1bed room+Hall,Al Thanyah Third
CNT2134064371,2026-01-02,15000,Office,Business Bay
CNT2133635985,2025-11-26,20000,Office,Al Muteena
CNT2134255436,2026-02-01,74000,1bed room+Hall,Me'Aisem First
CNT2128953408,2025-01-15,35000,Studio,Al Karama
CNT2127485961,2025-01-06,15000,Office,Al Mararr
CNT2130944579,2025-05-01,169574,Warehouse,Dubai Investment Park First
CNT2131227664,2025-06-03,55000,1bed room+Hall,Nadd Hessa
CRT2130141336,2025-03-10,40656,1bed room+Hall,Wadi Al Safa 3
CNT2131099671,2025-04-15,124200,Shop,Al Warqa First
CRT2132302706,2025-08-25,70000,1bed room+Hall,Al Barsha South Fourth
CNT2131782289,2025-07-10,15000,Office,Al Hamriya
CNT2128495827,2025-01-01,37240,Office,Al Garhoud
CNT2134092028,2026-01-01,828000,Hotel,Al Sabkha
CNT2134191896,2026-01-01,43200,Room in labor Camp,Jabal Ali Industrial First
CNT2132419816,2025-08-28,15000,Office,Hor Al Anz
CNT2130276647,2025-03-29,29999,1bed room+Hall,AL QUSAIS
CRT2132564606,2025-09-01,150000,2 bed rooms+hall,Business Bay
CNT2133028337,2025-10-15,15000,Office,Al Suq Al Kabeer
CNT2133649977,2025-12-10,51000,1bed room+Hall,Al Warsan First
CRT2130282250,2025-03-26,142000,3 bed rooms+hall,Al Yelayiss 1
CNT2133508140,2025-12-11,134929,3 bed rooms+hall,Mirdif
CNT2130075952,2025-04-01,204493,Shop,Al Buteen
CNT2133179698,2025-10-05,330750,5 bed rooms+hall,Al Khawaneej First
CNT2133987211,2026-01-02,44099,2 bed rooms+hall,Muhaisanah Fourth
CNT2130472188,2025-04-12,20000,Office,Saih Shuaib 2
CNT2129441387,2025-02-01,50000,Warehouse,Al Qusais Industrial First
CNT2132857355,2025-09-10,69825,2 bed rooms+hall,Al Hebiah Fourth
CNT2130380630,2025-04-04,13000,Office,Mankhool
CNT2133569305,2025-11-05,208090,Office,Al Garhoud
CNT2132898935,2025-09-01,45000,1bed room+Hall,Jumeirah First
CNT2133470873,2025-11-26,165000,2 bed rooms+hall,Business Bay
CNT2132395850,2025-09-01,151608,Office,Trade Center Second
CNT2134115115,2025-12-20,3400000,1bed room+Hall,Madinat Al Mataar
CNT2128119955,2025-01-17,15000,Office,Burj Khalifa
CNT2132120518,2025-08-03,95226,1bed room+Hall,Business Bay
CNT2131728804,2025-07-10,60000,Shop with a mezzanine,Al Karama
CNT2133499734,2025-11-15,40000,Studio,Wadi Al Safa 3
CNT2133439442,2026-01-09,54285,2 bed rooms+hall,Al Goze Industrial Second
CNT2132671429,2025-08-01,97500,Labor Camp,Muhaisanah Second
CNT2130615976,2025-05-01,66000,1bed room+Hall,Al Karama
CNT2132794590,2025-08-15,241500,3 bed rooms+hall,Al Wasl
CNT2132561302,2025-08-01,336000,Room in labor Camp,Dubai Investment Park First
CNT2133903065,2025-07-15,1593360,Room in labor Camp,Dubai Investment Park Second
CRT2133813626,2025-12-12,78000,1bed room+Hall,Al Barsha South Fourth
CNT2132343607,2025-07-25,174800,4 bed rooms+hall,Nadd Hessa
CRT2131647076,2025-08-01,160000,2 bed rooms+hall,Marsa Dubai
CNT2128134349,2025-01-01,40000,Shop,Al Suq Al Kabeer
CNT2130269793,2025-03-24,20000,Office,Al Rega
CNT2133699641,2025-11-10,47250,1bed room+Hall,Al Satwa
CRT2133550296,2025-11-21,165000,2 bed rooms+hall,Hadaeq Sheikh Mohammed Bin Rashid
CNT2133176806,2025-11-01,75000,Studio,Me'Aisem First
CNT2130215086,2025-04-23,19000,Studio,Muhaisanah Fourth
CNT2132350830,2025-08-22,10000,Office,Mankhool
CNT2131655523,2025-07-01,2882000,Staff Accommodatoion,Al Warsan Third
CNT2128569588,2025-01-28,15000,Office,Al Baraha
CNT2131381448,2025-07-11,51818,1bed room+Hall,Mirdif
CNT2133470959,2025-11-06,121275,4 bed rooms+hall,Mirdif
CNT2134320373,2026-01-10,60900,1bed room+Hall,Al Barsha South Fourth
CNT2130080023,2025-03-31,35090,1bed room+Hall,Ras Al Khor Industrial Third
CRT2132185497,2025-08-11,82000,Studio,Marsa Dubai
CNT2131148111,2025-05-03,58000,2 bed rooms+hall,Al Nahda Second
CNT2133414266,2025-08-23,135061,Room in labor Camp,Jabal Ali Industrial First
CNT2132484894,2025-09-28,75000,2 bed rooms+hall,Mankhool
CRT2129121926,2025-02-10,36000,Studio,Me'Aisem First
CRT2131418276,2025-07-01,62554,1bed room+Hall,Al Thanyah First
CRT2130117566,2025-03-12,54000,1bed room+Hall,Al Hebiah Third
CNT2132161509,2025-08-07,18462,Studio,Al Suq Al Kabeer
CNT2131231912,2025-01-10,90000,Office,Al Goze Industrial First
CNT2130166881,2025-03-12,22000,Studio,Al Mararr
CNT2133471281,2025-11-15,150282,Warehouse,Al Goze Industrial Fourth
CNT2131793993,2025-05-20,48000,Studio,Al Jafliya
CNT2127656438,2025-01-01,51000,1bed room+Hall,Al Raffa
CNT2134004492,2025-11-20,1809600,Room in labor Camp,Jabal Ali Industrial First
CNT2131229240,2025-06-09,45320,Room in labor Camp,Muhaisanah Second
CNT2127063473,2025-02-18,31460,Studio,Al Goze Industrial Second
CNT2131787959,2025-10-20,189000,3 bed rooms+hall,Um Hurair Second
CNT2132248103,2025-08-14,15000,Office,Al Khabeesi
CNT2131205970,2025-05-07,499200,Shop,Naif
CNT2127309307,2025-01-06,45000,Studio,Al Hebiah Third
CNT2130403743,2025-04-07,20000,Office,Hor Al Anz
CNT2131916903,2025-07-20,534000,1bed room+Hall,Al Barshaa South Third
CNT2132996024,2025-02-01,49000,2 bed rooms+hall,Al Warqa First
CRT2133882996,2025-12-01,60000,Office,Al Suq Al Kabeer
CRT2128268526,2025-02-01,175000,2 bed rooms+hall,Al Thanyah Fifth
CNT2132605444,2025-09-12,63000,1bed room+Hall,Al Garhoud
CNT2134117185,2026-01-06,29000,Office,Mankhool
CNT2128121514,2025-01-10,200000,2 bed rooms+hall,Burj Khalifa
CNT2133997831,2026-01-10,85512,3 bed rooms+hall,Jabal Ali First
CNT2129112385,2025-01-01,35000,Shop,Al Thanyah First
CNT2133178729,2025-11-01,54000,Office,Al Ras
CRT2132379606,2025-08-25,215000,2 bed rooms+hall,Burj Khalifa
CNT2131914885,2025-07-15,3007400,Studio,Jabal Ali First
CRT2129361256,2025-01-01,33000,1bed room+Hall,Al Baraha
CNT2133841814,2025-12-29,51818,1bed room+Hall,Mirdif
CNT2133543078,2025-12-20,40000,Shop,Al Suq Al Kabeer
CNT2133964818,2025-01-20,1958880,Room in labor Camp,Al Goze Industrial Second
CNT2128095871,2025-01-01,1584000,Room in labor Camp,Muhaisanah Second
CNT2131069075,2025-05-26,15000,Office,Hor Al Anz
CNT2130032566,2025-04-20,45820,1bed room+Hall,Jabal Ali First
CNT2130187551,2025-01-15,154828,Shop,Business Bay
CNT2134285166,2026-01-17,20000,Office,Al Khabeesi
CNT2132880220,2025-01-01,286200,Room in labor Camp,Dubai Investment Park Second
CNT2130286877,2025-04-05,50000,1bed room+Hall,Al Qusais Industrial Third
CNT2133086523,2025-10-10,57000,2 bed rooms+hall,Al Warsan First
CNT2131572391,2025-07-06,65000,2 bed rooms+hall,Al Qusais Industrial Second
CRT2131645066,2025-07-10,60000,1bed room+Hall,Wadi Al Safa 7
CNT2130831729,2025-05-08,15000,Office,Business Bay
CRT2132973566,2025-10-12,185000,2 bed rooms+hall,Marsa Dubai
CNT2128448408,2025-01-25,90000,2 bed rooms+hall,Al Barsha South Fourth
CNT2133878881,2025-09-18,183600,Room in labor Camp,Muhaisanah Second
CNT2132063610,2025-07-15,59976,1bed room+Hall,Al Jadaf
CNT2131302186,2025-06-05,63000,1bed room+Hall,Dubai Investment Park Second
CNT2134022067,2026-01-11,40500,Studio,Al Mararr
CNT2130226244,2025-03-03,58216,Shop,Al Warsan First
CNT2132769677,2025-09-13,62350,Shop,Al Warsan First
CNT2134264509,2026-01-15,60000,Room in labor Camp,Al Goze Third
CNT2132639504,2025-09-15,20000,Office,Al Khabeesi
CNT2134276647,2026-01-01,5875200,Room in labor Camp,Al Goze Third
CNT2130947439,2025-05-09,180000,Office,Al Thanyah Fifth
CNT2130282136,2025-03-01,2100000,Room in labor Camp,Jabal Ali Industrial First
CRT2132128346,2025-08-01,74799,1bed room+Hall,Al Merkadh
CNT2130193936,2025-05-01,168811,Office,Dubai International Airport
CNT2133412713,2025-10-27,85000,2 bed rooms+hall,Al Thanyah First
CNT2132096111,2025-08-15,31350,Studio,Al Goze Industrial Second
CNT2132951049,2025-10-08,15000,Office,Al Mararr
CNT2133878356,2025-12-11,39000,Studio,Al Suq Al Kabeer
CNT2134050918,2025-12-30,1,1bed room+Hall,Jabal Ali First
CRT2131051606,2025-06-14,170000,2 bed rooms+hall,Palm Jumeirah
CNT2132760622,2025-09-24,15000,Office,Al Murqabat
CNT2133350651,2025-11-06,20000,Office,Port Saeed
CNT2131726648,2025-07-01,128700,Shop,Wadi Al Safa 4
CNT2132320305,2025-07-22,120745,Coffe shop,Al Qusais Industrial Second
CNT2132630562,2025-09-15,15000,Office,Al Goze First
CNT2130269839,2025-03-20,87000,Office,Al Thanyah Fifth
CRT2129361456,2025-02-28,290000,4 bed rooms+hall,Jabal Ali First
CNT2129993322,2025-03-03,30000,Office,Burj Khalifa
CNT2132657392,2025-09-20,60000,1bed room+Hall,Al Barsha South Fourth
CNT2130732523,2025-01-25,100800,Room in labor Camp,Al Goze Industrial Second
CNT2131842045,2025-07-10,1010100,Hotel,Rega Al Buteen
CNT2132861422,2025-09-01,1738636,Room in labor Camp,Jabal Ali Industrial First
CNT2131197927,2025-06-10,26000,Studio,Naif
CRT2126272096,2025-01-01,216000,8 bed rooms+hall,Al Jafliya
CNT2130488348,2025-04-20,52000,1bed room+Hall,Al Nahda Second
CRT2131779485,2025-06-24,135000,2 bed rooms+hall,Al Merkadh
CNT2132977482,2025-10-02,95000,2 bed rooms+hall,Dubai Investment Park First
CNT2132607726,2025-09-12,100000,1bed room+Hall,Al Satwa
CNT2131798788,2025-08-11,56700,2 bed rooms+hall,Al Goze Industrial Second
CNT2131213821,2025-06-04,15000,Office,Hor Al Anz
CNT2134284558,2026-01-19,65000,Studio,Trade Center Second
CNT2131671856,2025-07-08,30000,Office,Business Bay
CNT2129840816,2025-02-25,37000,Studio,Dubai Investment Park Second
CRT2132939026,2025-04-10,49000,1bed room+Hall,Madinat Al Mataar
CNT2130699977,2025-03-01,95634,Labor Camp,Muhaisanah Second
CNT2131862896,2025-08-15,78000,2 bed rooms+hall,Al Barsha First
CNT2133006129,2025-05-15,4669000,Studio,Madinat Hind 3
CNT2129837754,2025-01-01,774000,Room in labor Camp,Dubai Investment Park Second
CNT2131676295,2025-06-21,3000000,Labor Camp,Jabal Ali Industrial First
CNT2131832276,2025-07-20,50000,1bed room+Hall,Al Hebiah Fourth
CNT2128792716,2025-02-01,492400,Warehouse,Jabal Ali Industrial First
CNT2132989567,2025-10-13,80000,Office,Business Bay
CRT2134290586,2026-01-19,130000,2 bed rooms+hall,Marsa Dubai
CNT2131993000,2025-07-31,37242,Shop,Al Warsan First
CNT2127788206,2025-01-10,15000,Office,Hor Al Anz
CNT2134018508,2025-12-22,58000,Studio,Al Barsha South Fourth
CNT2134061234,2026-01-01,61000,1bed room+Hall,Wadi Al Safa 2
CNT2131205431,2025-02-16,35000,Office,Business Bay
CNT2132463685,2025-09-01,60000,1bed room+Hall,Warsan Fourth
CNT2127864317,2025-01-01,540000,Room in labor Camp,Muhaisanah Second
CNT2131263880,2025-06-11,15000,Office,Al Mararr
CRT2131412436,2025-06-22,245000,3 bed rooms+hall,Burj Khalifa
CNT2130124120,2025-01-01,25400,Studio,Naif
CRT2133662516,2025-11-01,27500,Studio,Al Warsan First
CNT2131723667,2025-07-07,271000,Room in labor Camp,Jabal Ali Industrial First
CNT2126788389,2025-02-01,47000,2 bed rooms+hall,Al Suq Al Kabeer
CNT2133038615,2025-10-20,40000,Studio,Dubai Investment Park Second
CRT2133066296,2025-10-01,53000,Shop,Naif
CNT2132935841,2025-09-30,80850,2 bed rooms+hall,Nadd Hessa
CRT2129707126,2025-02-15,140000,3 bed rooms+hall,Al Yelayiss 2
CNT2130091091,2025-04-01,14400,Room in labor Camp,Al Goze Third
CRT2132127936,2025-08-10,58000,1bed room+Hall,Al Yelayiss 2
CNT2130140392,2025-03-13,10000,Office,Business Bay
CNT2133405128,2025-11-09,29095,Studio,Jabal Ali Industrial First
CNT2133089839,2025-10-01,1036800,Labor Camp,Jabal Ali Industrial First
CNT2131096696,2025-04-27,53300,2 bed rooms+hall,Al Warqa First
CRT2133887506,2025-11-01,60000,Room in labor Camp,Al Goze Third
CRT2132759656,2025-09-22,115000,2 bed rooms+hall,Jabal Ali First
CNT2131115148,2025-05-29,24000,Shop,Al Ras
CRT2130266856,2025-03-24,70000,1bed room+Hall,Al Barsha South Fifth
CNT2132645450,2025-09-16,20000,Office,Naif
CNT2130303781,2025-04-01,75000,Shop with a mezzanine,Naif
CNT2133266758,2025-10-31,21500,Office,Oud Metha
CNT2130005824,2025-03-11,54574,2 bed rooms+hall,Al Warqa First
CNT2132787682,2025-09-22,73000,2 bed rooms+hall,Al Satwa
CRT2131728776,2025-02-11,450000,4 bed rooms+hall,Hadaeq Sheikh Mohammed Bin Rashid
CNT2123527609,2025-01-01,38000,Studio,Nadd Hessa
CNT2131206068,2025-06-01,20000,Studio,Naif
CNT2132226158,2025-01-21,2758800,2 bed rooms+hall,Jabal Ali First
CNT2131889348,2025-07-25,72000,1bed room+Hall,Marsa Dubai
CNT2134325429,2026-01-01,2532920,Room in labor Camp,Dubai Investment Park Second
CNT2128524248,2025-01-24,20000,Office,Port Saeed
CNT2130335916,2025-03-15,1611000,Room in labor Camp,Muhaisanah Second
CNT2132250166,2025-08-16,55125,1bed room+Hall,Al Jadaf
CNT2131839922,2025-08-01,4567500,Studio,Madinat Hind 3
CNT2130938191,2025-05-20,38250,Office,Jabal Ali First
CNT2133455589,2025-11-25,204930,Shop,Al Satwa
CNT2133155072,2025-10-23,22000,Studio,Al Mararr
CNT2134038172,2025-12-15,50400,Shop with a mezzanine,Al Twar First
CNT2127967166,2025-01-14,10000,Office,Al Wasl
CNT2128826046,2025-01-15,55200,2 bed rooms+hall,Mirdif
CNT2130794739,2025-06-05,37000,1bed room+Hall,Hor Al Anz
CNT2133157869,2025-11-01,410400,4 bed rooms+hall,Al Thanyah Fifth
CNT2132918729,2025-10-06,15000,Office,Al Khabeesi
CNT2133304480,2025-11-01,115000,Office,Al Barsha First
CNT2133834433,2025-12-18,76500,1bed room+Hall,Al Jadaf
CRT2132734218,2025-09-13,110000,2 bed rooms+hall,Al Barsha First
CNT2132671729,2025-09-17,15000,Office,Al Khabeesi
CNT2130931026,2025-05-25,63000,1bed room+Hall,Al Yelayiss 2
CRT2133484696,2025-12-01,75000,Shop,Al Ras
CRT2133335136,2025-11-08,55000,1bed room+Hall,Me'Aisem First
CNT2127425645,2025-01-01,72000,Room in labor Camp,Jabal Ali Industrial First
CNT2132295361,2025-09-02,205000,3 bed rooms+hall,Hessyan First
CNT2132595586,2025-08-25,218500,Office,Mankhool
CNT2130668524,2025-05-01,56000,1bed room+Hall,Al Raffa
CNT2131282787,2025-06-26,47800,Office,Jabal Ali First
CNT2129447897,2025-01-20,1863000,Room in labor Camp,Dubai Investment Park First
CNT2131210809,2025-06-01,60000,1bed room+Hall,Al Mamzer
CNT2134301438,2026-01-19,84900,Office,Jabal Ali First
CNT2133433461,2025-11-10,15000,Office,Dubai Investment Park First
CNT2129602547,2025-02-13,17000,Office,Al Muteena
CNT2130451630,2025-01-31,393318,Labor Camp,Al Goze Industrial Second
CNT2133169423,2025-10-01,2738852,Room in labor Camp,Jabal Ali Industrial First
CNT2134280810,2026-01-15,45223,1bed room+Hall,Al Muteena
CNT2131344902,2025-07-31,70000,2 bed rooms+hall,Al Mamzer
CNT2132610379,2025-09-25,150000,3 bed rooms+hall,Al Yelayiss 1
CRT2132386336,2025-10-10,80000,1bed room+Hall,Al Jadaf
CNT2132121827,2025-04-20,1800000,Room in labor Camp,Al Goze Industrial Second
CNT2132333555,2025-08-21,15000,Office,Al Nahda Second
CNT2132216371,2025-08-12,15000,Office,Al Goze Industrial First
CNT2134006498,2026-01-01,1268000,Warehouse,Al Goze Industrial Second
CNT2133463781,2025-11-15,58000,1bed room+Hall,Al Barsha South Fourth
CRT2131248426,2025-06-10,15000,Office,Al Muteena
CNT2132569902,2025-09-05,54000,1bed room+Hall,Al Raffa
CRT2133877796,2025-09-01,170000,Office,Business Bay
CNT2130690088,2025-04-23,180000,Room in labor Camp,Al Goze Third
CNT2134168882,2025-12-01,6895200,Room in labor Camp,Dubai Investment Park Second
CNT2130907221,2025-05-15,35280,Studio,Jabal Ali First
CRT2128488566,2025-02-01,140000,4 bed rooms+hall,Nad Al Shiba Third
CRT2130280516,2025-03-21,80000,2 bed rooms+hall,Al Thanyah First
CNT2130581187,2025-04-20,65100,2 bed rooms+hall,Al Hebiah Fourth
CNT2130410221,2025-03-26,1173076,Studio,Al Goze Industrial Second
CNT2130959137,2025-04-01,184000,Warehouse,Al Goze Industrial Third
CNT2130727113,2025-05-01,132000,2 bed rooms+hall,Hadaeq Sheikh Mohammed Bin Rashid
CNT2131765197,2025-01-01,650000,Warehouse,Al Goze Industrial Third
CNT2132875844,2025-10-06,143567,3 bed rooms+hall,Business Bay
CRT2132445906,2025-09-15,85000,1bed room+Hall,Al Merkadh
CNT2134119628,2025-10-01,356908,Room in labor Camp,Al Goze Third
CNT2133213563,2025-10-25,5004,Office,Al Goze Industrial First
CRT2133749776,2025-12-06,108000,1bed room+Hall,Al Barsha South Fourth
CNT2133791994,2025-11-30,374000,Studio,Naif
CNT2132355862,2025-08-22,15000,Office,Saih Shuaib 3
CRT2134098016,2026-01-01,60000,Studio,Al Yelayiss 2
CNT2132214327,2025-08-12,15000,Office,Naif
CRT2130733650,2025-05-01,43560,1bed room+Hall,Nadd Hessa
CNT2132264926,2025-08-07,2620000,Staff Accommodatoion,Al Warsan Third
CNT2131750117,2025-06-23,60000,,Dubai Investment Park Second
CNT2130092569,2025-03-06,43000,Studio,Wadi Al Safa 5
CNT2134123465,2026-01-01,32000,Office,Al Sabkha
CNT2127665267,2025-01-01,424800,Room in labor Camp,Muhaisanah Second
CNT2131736238,2025-07-06,50820,2 bed rooms+hall,Al Nahda Second
CNT2128012929,2025-01-13,66150,1bed room+Hall,Al Barsha First
CNT2133575127,2025-10-01,300000,Room in labor Camp,Jabal Ali Industrial First
CNT2134116560,2026-01-01,2620002,Studio,Jabal Ali First
CRT2132870276,2025-09-18,97500,1bed room+Hall,Al Barsha South Fourth
CNT2129366007,2025-03-04,51000,2 bed rooms+hall,Al Qusais Industrial Fifth
CNT2132387158,2025-08-20,55000,Office,Trade Center First
CNT2128813388,2025-01-31,105000,1bed room+Hall,Burj Khalifa
CNT2132291391,2025-09-20,280000,4 bed rooms+hall,Jumeirah First
CNT2130713065,2025-05-06,37800,1bed room+Hall,Al Warsan First
CNT2132905853,2025-09-15,4089600,Room in labor Camp,Muhaisanah Second
CNT2132000442,2025-07-26,15000,Office,Al Karama
CNT2132354250,2025-08-22,10000,Office,Al Baraha
CNT2134130879,2026-01-01,6048620,Shop,Burj Khalifa
CNT2132850816,2025-10-01,22000,Studio,Al Mararr
CRT2133655406,2025-12-01,55000,1bed room+Hall,Al Suq Al Kabeer
CRT2133851836,2025-12-06,130000,1bed room+Hall,Al Thanyah Third
CRT2134189426,2025-01-22,44000,Studio,Jabal Ali First
CRT2134045836,2025-12-22,36730,1bed room+Hall,Al Thanyah Fifth
CNT2130165631,2025-03-14,15000,Office,Business Bay
CNT2130162952,2025-03-31,10000,Office,Burj Khalifa
CNT2133561299,2025-12-05,27000,1bed room+Hall,Muhaisanah Fourth
CNT2132344750,2025-10-01,370000,3 bed rooms+hall,Trade Center Second
CNT2129264768,2025-02-10,120000,1bed room+Hall,Hadaeq Sheikh Mohammed Bin Rashid
CNT2131765977,2025-07-09,12000,Office,Al Qusais Industrial Fourth
CNT2133545175,2025-11-19,20000,Office,Business Bay
CNT2132451778,2025-08-30,15000,Office,Hor Al Anz
CNT2129845204,2025-02-19,15000,Office,Dubai Investment Park First
CNT2130607170,2025-04-22,15000,Office,Al Nahda Second
CNT2130442135,2025-05-20,95000,2 bed rooms+hall,Madinat Al Mataar
CNT2131863601,2025-06-05,310000,Warehouse,Ras Al Khor Industrial Second
CNT2132536303,2025-09-08,302,Studio,Al Mararr
CRT2133881046,2025-12-15,198000,Shop,Al Khawaneej Second
CNT2131011342,2025-05-21,15000,Office,Business Bay
CNT2133092967,2025-10-20,10000,Office,Al Khabeesi
CNT2130251297,2025-03-29,40172,2 bed rooms+hall,Al Karama
CNT2133496663,2025-11-01,50000,Studio,Hadaeq Sheikh Mohammed Bin Rashid
CNT2130452096,2025-01-09,156600,1bed room+Hall,Dubai Investment Park Second
CNT2134304590,2026-01-25,180000,3 bed rooms+hall,Al Barshaa South Third
CNT2128484419,2025-01-22,20000,Office,Al Murqabat
CNT2132323148,2025-08-20,15000,Office,Al Suq Al Kabeer
CNT2130494242,2025-02-05,104500,2 bed rooms+hall,Al Satwa
CRT2130283136,2025-03-10,85000,2 bed rooms+hall,Dubai Investment Park First
CRT2127891766,2025-01-11,110000,3 bed rooms+hall,Al Warsan First
CNT2130199736,2025-03-01,2157087,3 bed rooms+hall,Me'Aisem First
CNT2129463954,2025-02-01,40150,1bed room+Hall,Al Nahda Second
CNT2133518843,2025-11-17,20000,Office,Saih Shuaib 2
CNT2127455350,2025-01-05,115000,1bed room+Hall,Marsa Dubai
CRT2133083396,2025-10-20,140000,1bed room+Hall,Al Khairan First
CRT2132545016,2025-09-16,95000,1bed room+Hall,Al Barsha South Fourth
CNT2133770783,2025-12-15,71500,1bed room+Hall,Jabal Ali First
CNT2132029083,2025-07-29,10000,Office,Al Karama
CNT2130981509,2025-06-05,71999,2 bed rooms+hall,Al Murqabat
CNT2133496189,2025-11-14,20000,Office,Dubai Investment Park First
CNT2132586887,2025-06-27,70000,2 bed rooms+hall,AL QUSAIS
CNT2131788337,2025-07-01,55000,Shop,Muhaisanah Second
CNT2133266947,2025-11-01,418800,Room in labor Camp,Al Goze Industrial Second
CRT2131998591,2025-07-25,92000,2 bed rooms+hall,Al Barsha South Fourth
CNT2131349586,2025-04-04,96579,Shop,Al Warsan First
CNT2133676947,2025-11-28,30000,1bed room+Hall,Jabal Ali Industrial First
CRT2132825096,2025-10-03,46000,Studio,Al Merkadh
CNT2133914602,2025-12-18,15000,Office,Burj Khalifa
CNT2132264595,2025-08-07,2620000,Staff Accommodatoion,Al Warsan Third
CNT2131257727,2025-07-31,90956,2 bed rooms+hall,Al Hebiah Fourth
CRT2132407446,2025-09-01,160000,3 bed rooms+hall,Madinat Al Mataar
CNT2132141047,2025-07-15,432000,Room in labor Camp,Al Goze Industrial Second
CRT2126620286,2025-01-01,300000,4 bed rooms+hall,Al Twar Third
CNT2129890157,2025-02-01,16000,Store,Al Nahda Second
CNT2130506806,2025-03-01,1350000,Room in labor Camp,Jabal Ali Industrial First
CRT2131646496,2025-07-01,50000,Studio,Al Merkadh
CNT2130184896,2025-03-01,31185,Studio,Al Hebiah Fourth
CNT2129375673,2025-02-10,20000,Office,Hor Al Anz
CNT2132066066,2025-08-10,140000,2 bed rooms+hall,Wadi Al Safa 7
CNT2130263762,2025-03-16,79380,2 bed rooms+hall,Mankhool
CNT2130045202,2025-03-12,57000,1bed room+Hall,Nadd Hessa
CNT2129815227,2025-02-20,57330,2 bed rooms+hall,Al Goze Industrial Second
CNT2134205371,2026-01-20,55000,Studio,Al Hebiah Third
CNT2133020923,2025-10-14,15000,Office,Al Mararr
CNT2127646931,2025-01-08,10000,Office,Trade Center First
CNT2132367672,2025-08-11,43450,1bed room+Hall,Al Nahda First
CNT2125885201,2025-01-01,115500,3 bed rooms+hall,Trade Center First
CNT2127392483,2025-01-22,124783,Warehouse,Saih Shuaib 2
CNT2130067350,2025-03-07,15000,Office,Al Khabeesi
CNT2130141020,2025-03-13,20000,Office,Trade Center First
CNT2130834100,2025-05-01,53245,1bed room+Hall,Al Thanyah First
CNT2132335805,2025-08-25,66000,Office,Nad Al Hamar
CNT2133209352,2025-08-15,960000,Labor Camp,Muhaisanah Second
CNT2125886314,2025-01-18,37485,Studio,Al Murqabat
CNT2134089954,2025-12-24,220000,Office,Business Bay
CNT2130439276,2025-04-10,40000,Office,Hor Al Anz East
CNT2130980527,2025-02-01,150000,Room in labor Camp,Muhaisanah Second
CNT2130299092,2025-03-26,15000,Office,Hor Al Anz
CRT2132505696,2025-09-10,75000,Office,Business Bay
CNT2131145402,2025-05-31,20000,Office,Port Saeed
CNT2133340573,2025-11-05,30000,Office,Hor Al Anz
CNT2127568117,2025-01-07,20000,Office,Trade Center Second
CNT2133492345,2025-05-01,2880000,Room in labor Camp,Me'Aisem First
CNT2127873863,2025-01-10,9005559,Room in labor Camp,Jabal Ali Industrial First
CNT2132873841,2025-09-21,33000,Studio,Al Muteena
CNT2127809387,2025-01-04,52599,1bed room+Hall,Jabal Ali First
CNT2132859594,2025-10-06,49000,Studio,Port Saeed
CRT2130825546,2025-05-25,110000,Office,Business Bay
CNT2130686147,2025-04-28,15000,Office,Al Barsha First
CNT2130101709,2025-03-10,15000,Office,Al Khabeesi
CNT2128126572,2025-01-01,117000,Shop,Naif
CNT2132383433,2025-08-15,48000,Office,Ras Al Khor Industrial Third
CNT2131388298,2025-06-19,15000,Office,Al Muteena
CNT2130308651,2025-03-25,54450,1bed room+Hall,Al Karama
CNT2130736849,2025-05-01,10000,Office,Al Baraha
CNT2128307988,2025-01-01,45000,2 bed rooms+hall,Al Raffa
CRT2131643536,2025-06-12,43000,1bed room+Hall,Al Raffa
CNT2130699914,2025-05-01,110000,3 bed rooms+hall,Mankhool
CNT2133918532,2025-11-16,1500000,Room,Naif
CNT2133094862,2025-03-15,843720,Room in labor Camp,Al Goze Industrial Second
CRT2131319584,2025-07-01,190000,3 bed rooms+hall,Al Khairan First
CRT2127865926,2025-01-01,40000,2 bed rooms+hall,Al Raffa
CRT2133734376,2025-12-05,150000,2 bed rooms+hall,Marsa Dubai
CNT2132603862,2025-09-10,78000,1bed room+Hall,Al Barsha South Fourth
CRT2133188446,2025-10-14,1479740,Office,Business Bay
CNT2130483556,2025-04-14,17000,Office,Port Saeed
CNT2133116958,2025-10-27,65000,2 bed rooms+hall,Al Goze Industrial Second
CNT2126815446,2025-01-01,70000,Shop,Naif
CRT2130661496,2025-05-01,119000,2 bed rooms+hall,Al Thanyah Third
CNT2127288297,2025-01-01,55000,Shop,Al Mararr
CNT2132789388,2025-09-15,1009350,Office,Al Thanyah Third
CNT2131686241,2025-07-05,65000,Hotel,Al Barshaa South Third
CNT2129366232,2025-01-05,53000,1bed room+Hall,Al Karama
CNT2131193421,2025-05-11,68250,1bed room+Hall,Al Barsha South Fourth
CNT2133072892,2025-11-15,3820000,2 bed rooms+hall,Madinat Al Mataar
CNT2130682876,2025-04-28,73000,Office,Al Dhagaya
CNT2132773198,2025-09-01,30000,Office,Al Safouh First
CNT2131925776,2025-07-01,175000,Shop,Al Nahda Second
CNT2133095708,2025-10-26,40021,Studio,Al Murqabat
CNT2133949629,2025-11-01,70000,Office,Al Dhagaya
CNT2130147865,2025-04-01,10230,Room in labor Camp,Dubai Investment Park First
CNT2132142870,2025-08-01,67500,1bed room+Hall,Madinat Al Mataar
CNT2132041973,2025-06-15,2992080,Studio,Jabal Ali First
CNT2134048193,2026-02-26,190000,3 bed rooms+hall,Trade Center First
CRT2128823924,2025-01-01,51000,Studio,Mirdif
CNT2133433647,2025-11-10,20000,Office,Al Mararr
CNT2131197164,2025-06-03,15000,Office,Al Muteena
CNT2133429608,2025-11-10,20000,Office,Dubai Investment Park First
CNT2132271627,2025-08-10,44468,Studio,Al Hebiah First
CNT2130396527,2025-04-10,58000,2 bed rooms+hall,Wadi Al Safa 5
CNT2133831624,2025-12-01,2580000,Room in labor Camp,Saih Shuaib 4
CRT2133845086,2025-12-13,97000,1bed room+Hall,Jabal Ali First
CNT2133980414,2025-12-24,15000,Office,Muhaisanah Fourth
CNT2134172735,2025-12-01,180000,Room in labor Camp,Al Warsan Third
CNT2132200125,2025-02-15,112032,1bed room+Hall,Dubai Investment Park First
CNT2126740593,2025-01-01,40000,Studio,Al Barsha South Fourth
CNT2127382337,2025-01-16,61492,2 bed rooms+hall,Jabal Ali First
CNT2130197696,2025-03-18,15000,Office,Hor Al Anz
CNT2133636644,2025-12-01,250000,3 bed rooms+hall,Al Kheeran
CNT2126072371,2025-01-10,46000,1bed room+Hall,Al Nahda Second
CNT2132263922,2025-08-07,2620000,Staff Accommodatoion,Al Warsan Third
CNT2128726752,2025-01-28,57750,1bed room+Hall,Mankhool
CNT2131400054,2025-06-01,38850,1bed room+Hall,Al Warsan First
CNT2132035647,2025-01-01,3400000,Warehouse,Al Goze Industrial First
CNT2127950044,2025-01-01,59800,2 bed rooms+hall,Al Suq Al Kabeer
CNT2131779051,2025-07-10,75000,3 bed rooms+hall,Madinat Hind 4
CNT2128129520,2025-01-25,43000,2 bed rooms+hall,Al Qusais Industrial Second
CRT2130155219,2025-02-16,105000,1bed room+Hall,Al Merkadh
CNT2127857067,2025-01-16,30500,Studio,Al Warsan First
CNT2132192024,2025-08-01,990000,Warehouse,Al Goze Industrial First
CNT2131114265,2025-05-15,166030,Warehouse,Dubai Investment Park First
CNT2133973026,2025-12-20,40000,Office,Al Qusais Industrial First
CNT2129880487,2025-01-25,39000,1bed room+Hall,Al Muteena
CNT2132256267,2025-08-01,18000,Studio,Al Baraha
CRT2134093396,2026-01-10,120000,2 bed rooms+hall,Madinat Al Mataar
CNT2130652351,2025-03-20,57750,1bed room+Hall,Mankhool
CRT2130255712,2025-03-07,180000,2 bed rooms+hall,Burj Khalifa
CNT2132073843,2025-08-20,247320,Warehouse,Jabal Ali Industrial First
CNT2130587443,2025-04-21,15000,Office,Business Bay
CNT2133295524,2025-11-03,20000,Office,Al Khabeesi
CNT2130096995,2025-01-25,61000,2 bed rooms+hall,Al Karama
CNT2130242715,2025-03-21,2145600,Room in labor Camp,Al Goze Third
CNT2133587337,2025-11-23,37949,2 bed rooms+hall,Muhaisanah Fourth
CNT2134264811,2026-01-01,3708000,Room in labor Camp,Jabal Ali Industrial First
CNT2132754854,2025-10-01,47315,1bed room+Hall,Muhaisanah Fourth
CNT2131871296,2025-07-07,42000,Studio,Al Dhagaya
CNT2130947877,2025-04-25,90000,2 bed rooms+hall,Al Barsha South Fourth
CNT2128126306,2025-01-01,150000,Shop with a mezzanine,Naif
CNT2130627884,2025-05-01,175000,3 bed rooms+hall,Marsa Dubai
CNT2130837181,2025-05-01,50400,1bed room+Hall,Al Karama
CNT2134295708,2026-01-01,451200,Labor Camp,Muhaisanah Second
CNT2131939161,2025-06-16,398772,Room in labor Camp,Muhaisanah Second
CNT2127473678,2025-01-06,15000,Office,Hor Al Anz
CNT2134252146,2025-10-19,342000,Room in labor Camp,Muhaisanah Second
CNT2131522533,2025-06-18,78000,1bed room+Hall,Wadi Al Safa 7
CNT2127862040,2025-01-15,75000,2 bed rooms+hall,Mirdif
CNT2134253199,2026-01-14,45000,1bed room+Hall,Warsan Fourth
CRT2129057646,2025-02-10,155000,2 bed rooms+hall,Hadaeq Sheikh Mohammed Bin Rashid
CRT2128956666,2025-01-21,108000,2 bed rooms+hall,Al Barshaa South Third
CNT2133777550,2025-12-01,100000,Shop,Al Khawaneej Second
CNT2131929821,2025-07-15,57000,2 bed rooms+hall,Al Twar First
CNT2133654009,2025-11-27,20000,Office,Port Saeed
CRT2128812686,2025-01-31,77000,Studio,Business Bay
CNT2133617571,2025-11-25,20000,Office,Port Saeed
CNT2129821372,2025-02-18,15000,Office,Dubai Investment Park First
CNT2130256368,2025-01-10,51000,2 bed rooms+hall,Al Nahda First
CNT2132973329,2025-12-26,100000,2 bed rooms+hall,Wadi Al Safa 7
CNT2133773984,2025-12-11,28500,Office,Al Karama
CNT2132220695,2025-07-04,50820,1bed room+Hall,Al Barsha South Fourth
CNT2130495059,2025-04-25,52500,1bed room+Hall,AL TWAR FIFTH
CNT2133817114,2025-12-11,20000,Office,Dubai Investment Park First
CNT2128469128,2025-01-01,150000,Shop,Jabal Ali Industrial First
CNT2133880911,2025-12-16,15000,Office,Al Khabeesi
CNT2131953276,2025-05-05,256489,Office,Al Thanyah Fifth
CNT2132105856,2025-07-31,46000,Shop,Port Saeed
CNT2133999824,2025-12-26,50000,Office,Port Saeed
CRT2132086206,2025-08-15,150000,3 bed rooms+hall,Al Yelayiss 2
CNT2134028917,2026-01-01,32000,9 bed rooms+hall,Al Hudaiba
CRT2129993566,2025-03-01,245000,4 bed rooms+hall,Wadi Al Safa 7
CNT2130563521,2025-04-15,129282,1bed room+Hall,Marsa Dubai
CNT2130224796,2025-03-01,284256,Room in labor Camp,Dubai Investment Park Second
CNT2133883411,2025-12-16,350000,Studio,Al Barsha First
CNT2130374082,2025-04-01,44000,Studio,Al Goze Fourth
CNT2130594319,2025-04-21,15000,Shop,Hor Al Anz
CNT2130411813,2025-01-01,28000,Shop,Al Jafliya
CNT2131145695,2025-06-11,180000,Office,Business Bay
CNT2130787916,2025-06-11,102000,2 bed rooms+hall,Al Jadaf
CNT2132462136,2025-09-01,35000,Office,Al Garhoud
CNT2133435550,2025-11-05,50840,Office,Business Bay
CNT2132821855,2025-07-15,43500,1bed room+Hall,Nadd Hessa
CNT2133074977,2025-10-10,73500,1bed room+Hall,Business Bay
CNT2132370801,2025-08-01,61710,2 bed rooms+hall,Nadd Hessa
CNT2130069306,2025-01-08,57750,2 bed rooms+hall,Al Goze Industrial Second
CNT2131953581,2025-07-28,61100,2 bed rooms+hall,Jabal Ali First
CNT2129963003,2025-02-27,231000,3 bed rooms+hall,Al Hebiah Third
CNT2132418870,2025-08-30,50000,1bed room+Hall,Warsan Fourth
CNT2131276638,2025-06-10,318000,Room in labor Camp,Al Goze Third
CRT2133303716,2025-11-01,1100000,Warehouse,Saih Shuaib 4
CNT2133587451,2025-12-01,50000,Studio,Jabal Ali First
CNT2133350358,2025-11-07,105000,2 bed rooms+hall,Al Merkadh
CNT2133865860,2025-08-04,1435200,Room in labor Camp,Dubai Investment Park Second
CRT2134096327,2026-01-10,195000,2 bed rooms+hall,Hadaeq Sheikh Mohammed Bin Rashid
CNT2131673559,2025-07-01,140000,3 bed rooms+hall,Al Hebiah First
CRT2133005586,2025-09-05,242000,3 bed rooms+hall,Palm Jumeirah
CNT2132919614,2025-10-10,79999,2 bed rooms+hall,Al Karama
CRT2131000536,2025-04-15,80000,1bed room+Hall,Hadaeq Sheikh Mohammed Bin Rashid
CNT2132213223,2025-08-10,85000,1bed room+Hall,Al Satwa
CNT2127073815,2025-01-10,40000,1bed room+Hall,Al Mararr
CRT2133137546,2025-10-27,190000,3 bed rooms+hall,Al Hebiah Third
CNT2132998030,2025-11-01,170000,Hotel,Business Bay
CNT2134252183,2025-10-22,1285354,Office,Trade Center Second
CRT2130824816,2025-05-20,320000,4 bed rooms+hall,Wadi Al Safa 6
CNT2130744175,2025-02-01,900000,Room in labor Camp,Al Goze Industrial Second
CRT2131382886,2025-05-26,1000,Hotel,Al Thanyah First
CRT2131910696,2025-03-31,200000,4 bed rooms+hall,Wadi Al Safa 5
CNT2131021492,2025-05-28,90000,2 bed rooms+hall,Oud Metha
CNT2130732827,2025-02-27,478404,Room in labor Camp,Saih Shuaib 2
CRT2129820746,2025-02-01,48000,Shop,Al Warsan First
CNT2132046638,2025-08-25,48000,Studio,Nadd Hessa
CNT2134029340,2026-02-21,44000,1bed room+Hall,Al Goze Industrial Second
CNT2131702955,2025-05-25,47000,1bed room+Hall,Muhaisanah Fourth
CNT2129766795,2025-03-01,79000,2 bed rooms+hall,Al Raffa
CNT2131954950,2025-07-23,20000,Office,Al Khabeesi
CRT2133729866,2025-12-04,110000,1bed room+Hall,Hadaeq Sheikh Mohammed Bin Rashid
CRT2131576336,2025-01-01,10000,Office,AL QUSAIS
CNT2131862329,2025-08-05,95000,2 bed rooms+hall,Port Saeed
CNT2133783058,2025-11-01,94380,2 bed rooms+hall,Jumeirah First
CRT2133735526,2026-01-10,40000,1bed room+Hall,Al Baraha
CNT2130696321,2025-04-11,82732,Office,Al Thanyah Fifth
CNT2130682773,2025-02-25,252000,Room in labor Camp,Dubai Investment Park First
CNT2129856179,2025-02-20,15000,Office,Hor Al Anz
CNT2129988342,2025-03-10,71400,2 bed rooms+hall,Nadd Hessa
CNT2131029827,2025-05-22,15000,Office,Hor Al Anz
CNT2132828585,2025-05-20,33000,Studio,Nad Al Hamar
CNT2132147355,2025-08-06,15000,Office,Trade Center First
CNT2127512652,2025-02-06,26500,Studio,Al Warsan First
CRT2134090116,2026-01-05,150000,2 bed rooms+hall,Al Merkadh
CNT2133350525,2025-11-06,20000,Office,Port Saeed
CNT2131935931,2025-07-05,63000,2 bed rooms+hall,Al Muteena
CNT2133409315,2025-11-07,20000,Office,Al Murqabat
CNT2133278535,2025-10-31,41000,Studio,Al Barshaa South Third
CRT2130696606,2025-05-01,2400000,Room in labor Camp,Jabal Ali Industrial First
CNT2130908387,2025-04-14,59800,Office,Al Muteena
CNT2130560343,2025-05-01,36383,2 bed rooms+hall,Muhaisanah Fourth
CNT2131893061,2025-07-25,110000,Shop,Mirdif
CNT2129927399,2025-02-09,160000,Shop,Hor Al Anz
CNT2128824746,2025-01-31,33600,Room in labor Camp,Al Goze Third
CRT2130563986,2025-05-05,90000,Hotel,Al Barsha South Fourth
CNT2130620890,2025-04-01,214800,Room in labor Camp,Dubai Investment Park Second
CNT2130858634,2025-05-10,15000,Office,Business Bay
CNT2134196065,2026-01-12,20000,Office,Al Khabeesi
CNT2130226429,2025-03-25,35152,Studio,Jabal Ali First
CNT2132764001,2025-06-14,28800,Room in labor Camp,Muhaisanah Second
CNT2133405004,2025-10-11,58800,1bed room+Hall,Um Ramool
CNT2131556250,2025-06-16,50000,1bed room+Hall,Al Nahda First
CNT2133615185,2025-12-15,721000,2 bed rooms+hall,Jabal Ali First
CRT2131069496,2025-06-01,85000,3 bed rooms+hall,Madinat Hind 4
CNT2133018775,2025-11-20,66990,2 bed rooms+hall,Mirdif
CNT2132350305,2025-09-01,72865,2 bed rooms+hall,Al Thanyah First
CRT2134014936,2025-11-10,54600,1bed room+Hall,Jabal Ali First
CRT2132985766,2025-10-13,150000,2 bed rooms+hall,Al Merkadh
CNT2131287869,2025-06-12,20000,Office,Al Muteena
CNT2133615065,2025-12-15,665280,Room in labor Camp,Al Goze Industrial Second
CNT2130876617,2025-06-01,253321,Shop,Marsa Dubai
CNT2133860473,2025-12-15,78000,1bed room+Hall,Al Satwa
CNT2133895079,2025-12-17,20000,Office,Burj Khalifa
CNT2129737484,2025-02-16,15000,Office,Al Baraha
CNT2130353125,2025-04-01,22000,Studio,Naif
CRT2131652306,2025-07-25,142000,3 bed rooms+hall,Al Yelayiss 1
CNT2130361259,2025-04-20,198000,2 bed rooms+hall,Marsa Dubai
CRT2133300096,2025-11-05,35420,Studio,Al Barshaa South Third
CRT2126302966,2025-01-01,85000,2 bed rooms+hall,Madinat Hind 4
CNT2132440129,2025-08-15,40000,Office,Oud Metha
CNT2130809126,2025-05-03,38000,Studio,Me'Aisem First
CNT2129983895,2025-03-06,168000,4 bed rooms+hall,Jabal Ali First
CNT2132686648,2025-09-18,20000,Office,Dubai Investment Park First
CNT2129028197,2025-02-10,41800,1bed room+Hall,Al Nahda First
CNT2134166047,2026-01-09,15000,Office,Al Murqabat
CRT2133441106,2025-11-11,35000,1bed room+Hall,Abu Hail
CNT2127936294,2025-01-14,17640,Office,Al Barsha First
CNT2130276061,2025-04-01,55000,1bed room+Hall,Nadd Hessa
CNT2132999623,2025-08-25,115000,3 bed rooms+hall,Mirdif
CNT2130346883,2025-03-17,72000,2 bed rooms+hall,Hor Al Anz East
CNT2127627020,2025-01-10,75000,2 bed rooms+hall,Mankhool
CNT2133891975,2025-11-17,48100,1bed room+Hall,Al Barsha South Fifth
CNT2133302979,2025-11-03,18000,Office,Um Hurair Second
CNT2132688419,2025-08-20,266112,Room in labor Camp,Muhaisanah Second
CNT2131166273,2025-06-02,15000,Office,Al Karama
CNT2130048988,2025-03-24,196154,Room in labor Camp,Muhaisanah Second
CNT2129123614,2025-01-05,37000,1bed room+Hall,Al Nahda Second
CRT2133565706,2025-11-02,40000,Shop,Al Mararr
CNT2133517396,2025-11-06,3869166,Showroom,Al Goze Industrial First
CNT2129884129,2025-03-01,55000,Studio,Al Barsha First
CNT2130072690,2025-02-05,90240,Room in labor Camp,Al Goze Industrial Fourth
CNT2130897345,2025-05-13,15000,Office,Jabal Ali Industrial First
CNT2133595856,2025-12-01,40000,1bed room+Hall,Naif
CNT2128039014,2025-01-15,12000,Office,Al Goze First
CRT2131728299,2025-07-15,155000,3 bed rooms+hall,Wadi Al Safa 5
CNT2132371983,2025-09-01,4800000,Labor Camp,Jabal Ali Industrial First
CNT2134009736,2025-11-27,48600,1bed room+Hall,Nadd Hessa
CNT2134069529,2026-03-25,37073,1bed room+Hall,Al Warsan First
CNT2134210256,2025-11-01,460800,Room in labor Camp,Muhaisanah Second
CNT2132986427,2025-10-11,15000,Office,Naif
CRT2133093576,2025-11-01,200000,5 bed rooms+hall,Al Wasl
CNT2132160298,2025-08-15,149000,2 bed rooms+hall,Nad Al Shiba First
CNT2129053789,2025-02-01,160000,2 bed rooms+hall,Burj Khalifa
CNT2130636670,2025-01-12,5204040,Shop,Al Wasl
CNT2132784621,2025-09-10,80000,1bed room+Hall,Al Barshaa South Third
CNT2132418397,2025-09-25,100000,2 bed rooms+hall,Al Barsha South Fifth
CRT2133326736,2025-11-09,100000,1bed room+Hall,Marsa Dubai
CNT2131046867,2025-05-22,36225,2 bed rooms+hall,Muhaisanah Fourth
CNT2133888174,2025-09-04,138000,1bed room+Hall,Burj Khalifa
CNT2129843197,2025-02-19,20000,Office,Ras Al Khor Industrial Second
CNT2127629907,2025-01-09,35066,Studio,Jabal Ali First
CNT2132909993,2025-10-10,289800,4 bed rooms+hall,Al Saffa First
CRT2132969406,2025-10-13,100000,1bed room+Hall,Burj Khalifa
CNT2129253032,2025-02-01,64000,2 bed rooms+hall,Mankhool
CNT2133793939,2025-12-15,160000,Office,Rega Al Buteen
CNT2133775180,2025-12-07,6000,1bed room+Hall,Nadd Hessa
CNT2131723667,2025-07-07,271000,Room in labor Camp,Jabal Ali Industrial First
CNT2132967558,2025-10-09,15000,Office,Business Bay
CNT2127830184,2025-01-20,43560,1bed room+Hall,Al Nahda Second
CRT2130398856,2025-03-15,50000,Shop,Hor Al Anz
CNT2132700299,2025-09-01,410280,Labor Camp,Muhaisanah Second
CNT2132568799,2025-09-08,150000,5 bed rooms+hall,Madinat Hind 4
CNT2131413467,2025-07-01,42500,1bed room+Hall,AL QUSAIS
CNT2133554588,2025-11-10,25000,Warehouse,Ras Al Khor Industrial Second
CNT2132199161,2025-06-13,432000,Room in labor Camp,Jabal Ali Industrial First
CNT2131108463,2025-06-01,66000,3 bed rooms+hall,Al Karama
CNT2128273303,2025-01-22,47000,Office,Naif
CNT2128791161,2025-02-16,104000,3 bed rooms+hall,Al Murqabat
CRT2130002376,2025-01-18,55000,Studio,Hadaeq Sheikh Mohammed Bin Rashid
CNT2130204573,2025-01-20,25000,Studio,Al Mararr
CNT2121978596,2025-01-01,172380,Office,Trade Center First
CNT2132546196,2025-09-08,15000,Office,Al Suq Al Kabeer
CRT2132872786,2025-09-15,67000,2 bed rooms+hall,Al Hebiah Fifth
CNT2131369910,2025-04-01,253500,Room in labor Camp,Dubai Investment Park Second
CNT2132595826,2025-09-10,52500,Office,Business Bay
CRT2132392246,2025-05-01,70000,2 bed rooms+hall,Al Suq Al Kabeer
CNT2133450031,2025-10-01,240000,Room in labor Camp,Al Goze Third
CNT2133982137,2026-01-01,24000,Office,Naif
CNT2134030526,2026-01-01,2760000,Room in labor Camp,Jabal Ali Industrial First
CNT2130490711,2025-04-14,15000,Office,Burj Khalifa
CNT2132998261,2025-10-13,26000,Office,Port Saeed
CRT2132755816,2025-09-20,75000,3 bed rooms+hall,Saih Shuaib 2
CRT2129956336,2025-02-26,100000,1bed room+Hall,Al Jadaf
CNT2128809470,2025-01-13,92400,Room in labor Camp,Saih Shuaib 3
CNT2132003529,2025-07-26,36000,Studio,Al Mararr
CNT2133492313,2025-10-22,225000,1bed room+Hall,Al Murqabat
CNT2132206181,2025-08-15,954000,Room in labor Camp,Jabal Ali Industrial First
CNT2129978753,2025-01-17,10000,Office,Al Hamriya
CNT2134134858,2026-01-01,1947600,1bed room+Hall,Jabal Ali Industrial First
CNT2130310987,2025-02-20,160120,Warehouse,Dubai Investment Park Second
CNT2133996235,2025-01-01,1441000,Staff Accommodatoion,Al Warsan Third
CNT2134112882,2026-01-01,65520,Office,Me'Aisem First
CNT2130415090,2025-04-08,15000,Office,Muhaisanah Fourth
CNT2133846593,2026-01-01,40250,2 bed rooms+hall,Al Mararr
CNT2129460626,2025-04-26,60000,1bed room+Hall,Mirdif
CRT2132542395,2025-10-01,130000,1bed room+Hall,Wadi Al Safa 3
CNT2132008987,2025-07-30,163013,4 bed rooms+hall,Al Bada
CNT2132630646,2025-09-20,58000,1bed room+Hall,Wadi Al Safa 5
CNT2131580287,2025-07-01,73200,,Muhaisanah Second
CNT2129944982,2025-02-20,2687999,Room in labor Camp,Jabal Ali Industrial First
CNT2132395538,2025-08-19,8476454,Studio,Al Raffa
CNT2130884837,2025-05-13,16000,Office,Al Garhoud
CNT2129270023,2025-01-30,25000,Studio,Al Warsan First
CNT2130883627,2025-05-01,656640,,Al Goze Industrial Second
CRT2134233062,2026-01-28,68000,Hotel,Al Hebiah Third
CNT2133682987,2025-12-02,69999,1bed room+Hall,Al Karama
CNT2130262685,2025-04-01,120000,Coffe shop,Al Barsha First
CRT2127874876,2025-01-07,115500,2 bed rooms+hall,Al Merkadh
CNT2133413503,2025-11-10,120000,2 bed rooms+hall,Wadi Al Safa 3
CNT2129904750,2025-02-24,17000,Studio,Al Warsan First
CNT2132974201,2025-10-01,50000,Storage,Mankhool
CRT2133276306,2025-11-12,140000,2 bed rooms+hall,Al Khairan First
CNT2128499701,2025-01-04,65000,1bed room+Hall,Al Barsha First
CNT2133791075,2025-12-20,52500,2 bed rooms+hall,Al Nahda Second
CNT2130362467,2025-04-15,50000,1bed room+Hall,Al Saffa First
CNT2132538002,2025-09-15,50400,1bed room+Hall,Madinat Al Mataar
CNT2130044747,2025-03-12,47000,Studio,Jabal Ali First
CNT2130519987,2025-04-01,105000,Office,Al Dhagaya
CNT2132468112,2025-09-01,15000,Office,Al Khabeesi
CNT2132644908,2025-09-19,69600,Studio,Business Bay
CNT2134004448,2026-01-03,203280,4 bed rooms+hall,Jumeirah Third
CNT2132566298,2025-08-20,58000,2 bed rooms+hall,Al Nahda First
CNT2132778799,2025-08-01,1404000,Room in labor Camp,Jabal Ali Industrial First
CNT2129273569,2025-03-03,51999,1bed room+Hall,Jabal Ali First
CRT2133556576,2025-11-25,135000,2 bed rooms+hall,Marsa Dubai
CRT2130891136,2025-03-01,52000,1bed room+Hall,Me'Aisem First
CNT2129902721,2025-03-01,55000,1bed room+Hall,Al Raffa
CNT2134237815,2026-01-14,25000,Shop,Al Ttay
CNT2134053264,2025-12-31,33000,Studio,Al Suq Al Kabeer
CNT2130483081,2025-04-08,44583,1bed room+Hall,Al Nahda First
CNT2131355186,2025-06-15,1287600,Room in labor Camp,Jabal Ali Industrial First
CNT2131066409,2025-03-01,126000,Room in labor Camp,Muhaisanah Second
CNT2129270666,2025-02-10,60000,Studio,Al Barsha South Fourth
CNT2130392998,2025-06-20,370000,5 bed rooms+hall,Um Suqaim Second
CNT2133294083,2025-11-15,115000,4 bed rooms+hall,Mirdif
CRT2132231276,2025-08-01,300000,4 bed rooms+hall,Marsa Dubai
CNT2131563741,2025-05-10,48000,Room in labor Camp,Jabal Ali Industrial First
CNT2131343497,2025-05-09,110000,Shop,Nad Al Hamar
CNT2131059859,2025-05-05,247824,Shop,Al Warsan First
CNT2130910187,2025-05-14,15000,Office,Mankhool
CNT2132913506,2025-10-07,40000,Studio,Al Rega
CNT2132142004,2025-08-15,102000,Office,Al Rega
CNT2131917837,2025-07-15,38000,Studio,Wadi Al Safa 5
CNT2132719497,2025-08-12,49500,1bed room+Hall,Al Warqa First
CNT2133064915,2025-10-17,10000,Office,Oud Metha
CRT2131336785,2025-07-21,200000,2 bed rooms+hall,Marsa Dubai
CNT2130298335,2025-03-25,45000,Studio,Warsan Fourth
CNT2131706025,2025-06-07,145000,Shop,Um Suqaim Second
CNT2133937170,2026-01-01,30500,Shop,Al Mararr
CNT2127995072,2025-01-15,52000,Shop,Al Karama
CNT2133001893,2025-10-17,70000,Studio,Business Bay
CRT2129273006,2025-02-20,87000,2 bed rooms+hall,Al Yelayiss 2
CNT2127615970,2025-02-09,85000,2 bed rooms+hall,Jabal Ali First
CNT2132759796,2025-09-25,46000,Office,Naif
CNT2134031966,2025-11-18,595200,Room in labor Camp,Muhaisanah Second
CNT2132952861,2025-10-28,573000,Room in labor Camp,Saih Shuaib 3
CNT2133751571,2025-12-06,15000,Office,Al Barsha First
CNT2131670735,2025-07-04,55000,2 bed rooms+hall,Al Nahda Second
CNT2132171429,2025-08-08,10000,Office,Port Saeed
CNT2133779492,2025-12-15,921600,Room in labor Camp,Jabal Ali Industrial First
CNT2131071557,2025-05-26,65000,2 bed rooms+hall,Al Warqa First
CNT2133138675,2025-10-22,15000,Office,Al Goze Third
CNT2130311491,2025-01-01,95000,Shop,Al Mararr
CNT2128549180,2025-01-27,15000,Office,Al Baraha
CNT2131266259,2025-06-11,21000,Office,Port Saeed
CNT2127134336,2025-01-01,109975,Duplex,Al Raffa
CNT2133343559,2025-12-02,247000,4 bed rooms+hall,Jabal Ali First
CNT2133351425,2025-09-28,55000,1bed room+Hall,Nadd Hessa
CRT2130546606,2025-03-26,108000,Office,Business Bay
CNT2130456036,2025-04-10,15000,Office,Al Barsha First
CNT2130822755,2025-07-01,33000,Studio,Al Nahda First
CRT2133694248,2025-12-06,178500,3 bed rooms+hall,Al Khairan First
CNT2133053402,2025-09-28,71400,2 bed rooms+hall,Al Barshaa South Third
CNT2129044591,2025-01-01,45000,Shop,Al Suq Al Kabeer
CNT2132415240,2025-08-27,155000,1bed room+Hall,Um Suqaim Third
CNT2130465400,2025-04-11,15000,Office,Business Bay
CNT2127544256,2025-01-08,82000,1bed room+Hall,Mankhool
CNT2130802909,2025-05-20,54603,2 bed rooms+hall,Al Goze Industrial Second
CNT2132027822,2025-07-29,15000,Office,Al Muteena
CNT2131746916,2025-07-12,47000,1bed room+Hall,Al Nahda Second
CNT2130352967,2025-04-02,55440,Room in labor Camp,Saih Shuaib 3
CNT2130853588,2025-05-09,15000,Office,Business Bay
CRT2130150136,2025-03-10,130000,Office,Al Thanyah Fifth
CNT2133506281,2025-11-01,33600,1bed room+Hall,Dubai Investment Park First
CNT2133893608,2025-11-14,55000,1bed room+Hall,Al Karama
CNT2133510100,2025-11-18,78719,2 bed rooms+hall,Al Hamriya
CNT2129916258,2025-02-25,20000,Office,Hor Al Anz
CRT2131942756,2025-08-01,28750,Studio,Al Hebiah Fourth
CNT2131215121,2025-06-03,58000,1bed room+Hall,Jabal Ali First
CNT2133073670,2025-10-22,50000,Studio,Jabal Ali Industrial Second
CNT2133542821,2025-11-18,36000,Office,Burj Khalifa
CNT2132518201,2025-08-01,54450,1bed room+Hall,Al Barsha First
CNT2133567543,2025-11-20,54000,Studio,Al Merkadh
CNT2130329880,2025-03-28,15000,Office,Al Khabeesi
CNT2130181110,2025-03-17,270000,2 bed rooms+hall,Zaabeel Second
CNT2130499784,2025-04-28,35076,1bed room+Hall,Al Warsan First
CNT2132051829,2025-07-30,15000,Shop,Al Mararr
CNT2130797794,2025-02-01,159600,Office,Al Nahda First
CRT2133192646,2025-10-27,40000,1bed room+Hall,Abu Hail
CNT2127658758,2025-01-30,15000,Office,Port Saeed
CNT2129920793,2025-02-25,37804,Shop,Al Warsan First
CNT2133116892,2025-10-21,25000,Office,Al Mararr
CNT2133058058,2025-07-27,24000,Room in labor Camp,Jabal Ali Industrial First
CNT2132188472,2025-08-01,45000,1bed room+Hall,Al Raffa
CNT2132619040,2025-09-07,218880,Room,Saih Shuaib 4
CNT2132799261,2025-09-12,55000,1bed room+Hall,Al Barsha South Fourth
CNT2132428683,2025-09-03,57750,1bed room+Hall,Mankhool
CNT2132180246,2025-07-10,49000,1bed room+Hall,Dubai Investment Park First
CNT2134269951,2026-01-01,180500,Office,Al Rega
CNT2133198140,2025-09-01,38000,Office,Al Barsha First
CNT2132851148,2025-09-05,35000,Studio,Al Mararr
CNT2129056087,2025-02-01,27300,Studio,Al Warsan First
CNT2132369521,2025-08-20,22000,Office,Al Garhoud
CNT2130753369,2025-05-02,15000,Office,Al Muteena
CNT2132814813,2025-10-01,52000,Studio,Jabal Ali First
CRT2132068986,2025-08-01,55000,Studio,Al Merkadh
CNT2133145954,2025-11-20,68000,2 bed rooms+hall,Mankhool
CNT2129119978,2025-01-01,150000,Warehouse,Um Ramool
CNT2133737667,2025-09-15,1542240,Room in labor Camp,Al Goze Third
CNT2133143335,2025-09-01,165000,2 bed rooms+hall,Burj Khalifa
CRT2133192166,2025-10-28,68000,Studio,Al Merkadh
CNT2133799501,2025-12-25,63825,Studio,Al Barsha South Fourth
CNT2130031341,2025-03-05,80000,2 bed rooms+hall,Al Murqabat
CNT2132952397,2025-09-30,74000,Studio,Al Barsha South Fifth
CRT2130843186,2025-05-01,125000,3 bed rooms+hall,Madinat Hind 4
CNT2133014265,2025-10-15,48000,Office,Al Karama
CNT2130165995,2025-03-14,16000,Office,Oud Metha
CNT2132281922,2025-09-12,63000,2 bed rooms+hall,AL QUSAIS
CNT2133985900,2025-12-20,150000,2 bed rooms+hall,Burj Khalifa
CNT2131578241,2025-04-06,1620000,Room in labor Camp,Jabal Ali Industrial First
CRT2133917036,2025-12-17,80000,1bed room+Hall,Al Barshaa South Third
CNT2133616475,2025-12-20,37000,1bed room+Hall,Al Qusais Industrial Fifth
CNT2132305068,2025-08-01,65000,2 bed rooms+hall,Al Suq Al Kabeer
CNT2128311441,2025-02-05,33500,Studio,Muhaisanah Fourth
CNT2127442629,2025-01-05,20000,Office,Al Khabeesi
CNT2132910395,2025-10-06,15000,Office,Al Goze First
CNT2130719900,2025-05-01,70000,1bed room+Hall,Oud Metha
CNT2130774347,2025-02-04,127112,,Ras Al Khor Industrial Second
CNT2132942056,2025-10-08,19000,Office,Al Baraha
CNT2129914068,2025-01-01,55000,Office,Al Garhoud
CNT2134204687,2025-12-31,44500,1bed room+Hall,AL TWAR FIFTH
CNT2132336640,2025-08-21,10000,Office,Mankhool
CNT2131840965,2025-08-01,4792500,Studio,Madinat Hind 3
CNT2130885560,2025-04-01,768000,Labor Camp,Jabal Ali Industrial First
CNT2133244405,2025-10-31,86835,Shop,Al Warsan First
CNT2130544723,2025-04-01,70000,Warehouse,Al Warsan Third
CNT2132593820,2025-09-11,25000,Office,Al Goze Industrial First
CNT2130700109,2025-04-29,15000,Office,Jabal Ali Industrial First
CNT2133619418,2025-11-12,77000,1bed room+Hall,Al Satwa
CNT2129362681,2025-02-17,63000,1bed room+Hall,Jabal Ali First
CNT2130071894,2025-03-07,65000,1bed room+Hall,Al Barsha South Fourth
CRT2132983066,2025-10-03,95000,1bed room+Hall,Al Thanyah Fifth
CNT2128824158,2025-02-01,160000,Office,Al Dhagaya
CNT2127595104,2025-01-01,45000,1bed room+Hall,Al Rega
CRT2133004166,2025-07-29,80000,1bed room+Hall,Al Barshaa South Third
CNT2132583155,2025-10-01,56000,Studio,Al Barsha South Fourth
CNT2131897309,2025-07-12,44471,Room in labor Camp,Al Goze Industrial Second
CRT2132908076,2025-11-01,200000,Office,Al Thanyah Fifth
CNT2131987931,2025-07-25,15000,Office,Al Khabeesi
CNT2133602075,2025-10-17,103758,Shop,Al Warsan First
CNT2131138235,2025-06-01,41800,Studio,Al Merkadh
CNT2132553663,2025-09-09,15000,Office,Business Bay
CNT2133006129,2025-05-15,4669000,Studio,Madinat Hind 3
CNT2132070092,2025-07-15,315000,5 bed rooms+hall,Al Saffa Second
CNT2129856884,2025-02-01,4860000,Labor Camp,Muhaisanah Second
CNT2133560033,2025-10-15,72000,1bed room+Hall,Al Barsha First
CNT2134143168,2026-01-08,15000,Office,Business Bay
CNT2132968282,2025-03-02,51600,Room in labor Camp,Al Goze Industrial Second
CRT2131334926,2025-07-01,80000,2 bed rooms+hall,Al Hebiah Fifth
CNT2133022726,2025-08-01,101554,Room in labor Camp,Muhaisanah Second
CNT2133719634,2025-12-04,20000,Office,Al Mararr
CNT2133594837,2025-11-25,58000,1bed room+Hall,Al Barshaa South Third
CNT2133433024,2025-11-10,10000,Office,Al Wasl
CNT2130093586,2025-01-01,4552209,Hotel,Port Saeed
CRT2130734676,2025-04-01,42000,Studio,Dubai Investment Park First
CNT2132537610,2025-09-05,97200,Room in labor Camp,Muhaisanah Second
CRT2132858526,2025-10-02,150000,2 bed rooms+hall,Al Khairan First
CNT2133888739,2025-12-25,49600,1bed room+Hall,Al Raffa
CNT2133124170,2025-10-14,43725,Office,Al Nahda First
CNT2133300065,2025-11-10,68000,2 bed rooms+hall,Al Nahda Second
CNT2130896355,2025-05-13,16000,Office,Al Garhoud
CRT2131053316,2025-05-31,87000,1bed room+Hall,Al Barsha South Fourth
CNT2127751893,2025-01-16,130000,Office,Al Sabkha
CNT2125559223,2025-01-01,710000,2 bed rooms+hall,Al Thanyah First
CNT2131819280,2025-06-23,55200,2 bed rooms+hall,Wadi Al Safa 5
CNT2132646860,2025-09-16,20000,Office,Saih Shuaib 2
CNT2131880791,2025-07-17,20000,Office,Al Baraha
CRT2130976516,2025-06-01,65000,3 bed rooms+hall,Madinat Hind 4
CRT2134334046,2025-11-26,17600,Studio,Al Warsan First
CNT2134292259,2026-01-18,92500,1bed room+Hall,Al Thanyah Fifth
CNT2131859627,2025-07-27,36300,Studio,Al Barsha First
CNT2132156106,2025-02-26,422400,Room in labor Camp,Al Goze Fourth
CNT2134259316,2026-01-19,56595,2 bed rooms+hall,Al Goze Industrial Second
CNT2131764939,2025-07-09,15000,Office,Dubai Investment Park First
CRT2132778826,2025-08-01,55000,Studio,Nadd Hessa
CNT2128311778,2025-02-01,6988800,Room in labor Camp,Jabal Ali Industrial First
CRT2133090486,2025-10-20,15000,Office,Port Saeed
CNT2132021699,2025-08-01,57000,1bed room+Hall,Warsan Fourth
CRT2132324876,2025-08-20,53000,1bed room+Hall,Al Barsha South Fourth
CNT2131508595,2025-06-27,39000,Studio,Saih Shuaib 2
CNT2134219503,2026-02-20,88000,Shop,Eyal Nasser
CNT2133825432,2025-12-25,84000,Office,Trade Center First
CNT2132880565,2025-09-01,2354090,1bed room+Hall,Al Hebiah Fifth
CNT2132081993,2025-08-13,110000,2 bed rooms+hall,Jabal Ali First
CNT2132854980,2025-03-05,729647,Office,Hadaeq Sheikh Mohammed Bin Rashid
CNT2134247274,2026-01-01,1584000,Room in labor Camp,Muhaisanah Second
CNT2133300274,2025-11-03,19000,Office,Al Baraha
CNT2134166230,2026-01-01,72000,3 bed rooms+hall,Al Murqabat
CNT2132857691,2025-10-01,48500,1bed room+Hall,Al Hamriya
CRT2132417106,2025-06-11,78750,2 bed rooms+hall,Al Barsha South Fourth
CNT2134126782,2025-12-15,348000,Room in labor Camp,Al Goze Industrial Second
CNT2134281153,2026-02-14,125000,2 bed rooms+hall,Trade Center Second
CRT2132945446,2025-10-11,65000,Studio,Marsa Dubai
CNT2132514758,2025-06-01,27000,Office,Naif
CNT2132961485,2025-09-21,47000,2 bed rooms+hall,Al Warsan First
CRT2128953636,2025-01-22,82500,1bed room+Hall,Al Thanyah Third
CRT2133729256,2025-12-15,50000,Studio,Al Barshaa South Third
CRT2133440136,2025-11-01,311387,Office,Al Thanyah First
CNT2132661789,2025-05-20,43000,1bed room+Hall,Al Nahda Second
CNT2129903487,2025-01-22,172700,4 bed rooms+hall,Nadd Hessa
CNT2130195127,2025-03-01,27000,Room in labor Camp,Dubai Investment Park Second
CNT2132134735,2025-10-10,66000,2 bed rooms+hall,Al Mamzer
CNT2133489322,2025-06-25,110000,2 bed rooms+hall,Al Barsha South Fourth
CNT2129447253,2025-02-11,28800,Room in labor Camp,Muhaisanah Second
CNT2131350670,2025-07-06,50000,1bed room+Hall,Warsan Fourth
CNT2131360928,2025-06-23,208375,4 bed rooms+hall,Jumeirah Third
CNT2133638355,2025-12-01,68000,1bed room+Hall,Al Thanyah First
CRT2130664846,2025-04-01,50600,2 bed rooms+hall,Wadi Al Safa 2
CNT2134164837,2025-06-25,343200,Room in labor Camp,Dubai Investment Park Second
CNT2134328060,2026-01-20,6000,Room in labor Camp,Jabal Ali Industrial First
CNT2131881023,2025-06-10,70750,Shop,Al Suq Al Kabeer
CNT2130606544,2025-04-01,60000,2 bed rooms+hall,Al Nahda Second
CNT2130626640,2025-02-22,125000,3 bed rooms+hall,Al Murqabat
CNT2133470691,2025-11-22,164543,2 bed rooms+hall,Al Khairan First
CNT2130963355,2025-05-19,15000,Office,Hor Al Anz
CNT2130245444,2025-03-01,2575200,Staff Accommodatoion,Al Goze Fourth
CNT2126813762,2025-01-01,35000,1bed room+Hall,Hor Al Anz
CRT2131290346,2025-05-16,75000,Shop,Jabal Ali First
CNT2130556090,2025-03-17,242581,Room in labor Camp,Jabal Ali Industrial First
CNT2133676839,2025-12-01,120000,,Um Ramool
CRT2129735676,2025-02-15,95000,3 bed rooms+hall,Madinat Al Mataar
CNT2133247131,2025-10-30,15000,Office,Saih Shuaib 3
CNT2130650720,2025-05-05,180000,3 bed rooms+hall,Wadi Al Safa 5
CNT2130100393,2025-02-01,920419,Shop,Jumeirah Third
CNT2132746982,2025-09-15,300000,Shop,Nad Al Hamar
CNT2130403327,2025-04-23,60000,2 bed rooms+hall,Al Goze Industrial Second
CNT2133856458,2025-12-01,162384,,Um Ramool
CNT2132665384,2025-09-17,15000,Office,Al Goze Industrial First
CNT2133660263,2025-11-15,109148,3 bed rooms+hall,Mankhool
CNT2131693178,2025-05-10,785232,Shop,Al Goze Industrial First
CNT2130641977,2025-04-24,15000,Office,Al Khabeesi
CNT2133139421,2025-10-01,510433,Office,Al Ras
CNT2132213199,2025-09-12,90999,2 bed rooms+hall,Jabal Ali First
CNT2133740341,2025-11-19,54023,1bed room+Hall,Al Murqabat
CNT2125748663,2025-01-20,33600,1bed room+Hall,Al Baraha
CNT2133174949,2025-10-11,471909,3 bed rooms+hall,Al Satwa
CNT2132633255,2025-09-15,35000,Office,Mankhool
CNT2131683184,2025-06-15,45000,1bed room+Hall,Dubai Investment Park First
CNT2131302940,2025-06-08,36000,Studio,Jabal Ali First
CNT2134010788,2026-01-10,47000,1bed room+Hall,Nadd Hessa
CNT2131695969,2025-08-01,51000,2 bed rooms+hall,Al Nahda Second
CNT2131210138,2025-05-29,220000,3 bed rooms+hall,Hadaeq Sheikh Mohammed Bin Rashid
CNT2132235713,2025-04-01,144000,Labor Camp,Muhaisanah Second
CNT2133205609,2025-10-28,16000,Office,Al Raffa
CNT2130327843,2025-03-20,37485,1bed room+Hall,Al Warsan First
CNT2125882032,2025-01-05,70000,1bed room+Hall,Al Jadaf
CNT2132096657,2025-07-29,32000,Studio,Eyal Nasser
CNT2130659549,2025-04-25,32670,1bed room+Hall,Warsan Fourth
CNT2132674368,2025-10-01,130000,2 bed rooms+hall,Wadi Al Safa 2
CNT2133982240,2026-01-01,252000,Office,Al Mamzer
CNT2128820412,2025-02-01,50536,Studio,Al Hebiah Fourth
CRT2134140106,2026-01-05,160000,2 bed rooms+hall,Business Bay
CRT2132754996,2025-10-01,85000,1bed room+Hall,Jabal Ali First
CNT2133955113,2025-12-23,15000,Office,Burj Khalifa
CNT2133796697,2025-11-30,220000,4 bed rooms+hall,Nadd Hessa
CNT2131778467,2025-07-12,39899,2 bed rooms+hall,AL QUSAIS
CRT2133061416,2025-10-16,38000,Studio,Nadd Hessa
CNT2134053594,2025-12-02,44000,Office,Al Nahda First
CNT2130035847,2025-02-28,50000,Shop,Al Karama
CNT2130770347,2025-02-14,277532,Labor Camp,Muhaisanah Second
CNT2130659063,2025-05-01,90000,1bed room+Hall,Al Barsha South Fourth
CNT2131760051,2025-07-09,135000,1bed room+Hall,Business Bay
CNT2130308778,2025-02-28,172900,3 bed rooms+hall,Al-Cornich
CNT2130527887,2025-04-20,80000,1bed room+Hall,Al Merkadh
CNT2132580753,2025-09-12,49000,Studio,Business Bay
CNT2132497983,2025-09-03,15000,Office,Al Khabeesi
CRT2130042416,2025-03-01,45000,1bed room+Hall,Al Mararr
CNT2131022746,2025-04-01,650000,Shop,Al Rega
CNT2132336837,2025-09-01,55566,1bed room+Hall,Al Barsha South Fourth
CNT2132861018,2025-09-15,55000,Shop,Al Warsan First
CRT2130182356,2025-01-01,35000,Studio,Jabal Ali First
CNT2131889949,2025-07-19,135000,2 bed rooms+hall,Al Thanayah Fourth
CNT2132910997,2025-10-06,20000,Office,Dubai Investment Park Second
CNT2133325827,2025-11-01,65000,Studio,Business Bay
CRT2127506566,2025-01-01,300000,Room in labor Camp,Jabal Ali Industrial First
CRT2133817606,2025-12-10,35750,Studio,Nadd Hessa
CNT2129183903,2025-02-06,15000,Office,Hor Al Anz
CNT2133966400,2025-12-17,165000,Shop,Al Buteen
CNT2130128867,2025-01-01,1213135,1bed room+Hall,Jabal Ali First
CNT2132217033,2025-08-01,1598920,Studio,Jabal Ali Industrial First
CNT2130669181,2025-01-15,190000,4 bed rooms+hall,Mankhool
CNT2130607429,2025-04-22,15000,Office,Al Mararr
CRT2128534316,2025-02-01,80000,1bed room+Hall,Nadd Hessa
CNT2130031399,2025-02-01,42000,Studio,Um Hurair First
CRT2133704896,2025-06-03,250000,2 bed rooms+hall,Al Merkadh
CNT2134156923,2025-12-28,1319291,1bed room+Hall,Jabal Ali Industrial Second
CNT2131331496,2025-06-16,18000,Office,Al Nahda Second
CRT2133624227,2025-11-23,105000,2 bed rooms+hall,Business Bay
CNT2131027328,2025-05-22,21000,Office,Dubai Investment Park First
CNT2133650588,2025-12-01,792000,Room in labor Camp,Dubai Investment Park Second
CRT2130301796,2025-02-27,163513,3 bed rooms+hall,Al Hebiah First
CRT2130239666,2025-04-17,843600,Office,Al Thanyah First
CNT2130723636,2025-04-30,15000,Office,Dubai Investment Park Second
CNT2130740223,2025-05-01,15000,Office,Business Bay
CNT2133872612,2025-12-15,95000,2 bed rooms+hall,Wadi Al Safa 3
CNT2130450127,2025-04-01,69000,Shop,Hor Al Anz East
CNT2129190082,2025-01-15,50000,2 bed rooms+hall,Al Qusais Industrial Fifth
CNT2132050141,2025-08-05,49500,1bed room+Hall,Mirdif
CNT2133489489,2025-08-01,3000000,Room in labor Camp,Jabal Ali Industrial First
CNT2130751352,2025-04-04,140706,Shop,Al Warsan First
CNT2130461440,2025-05-02,72351,Shop,Cornich Deira
CNT2131200647,2025-06-16,43770,Studio,Al Merkadh
CNT2131979842,2025-07-24,15000,Office,Hor Al Anz
CNT2133399302,2026-01-01,136360,Shop,Um Hurair Second
CNT2132560021,2025-09-10,1728000,Room in labor Camp,Al Goze Third
CNT2131655523,2025-07-01,2882000,Staff Accommodatoion,Al Warsan Third
CNT2131896582,2025-05-05,27600,Room in labor Camp,Muhaisanah Second
CNT2133192726,2025-10-27,20000,Office,Business Bay
CNT2129854723,2025-02-09,135000,Studio,Dubai Investment Park Second
CNT2132236847,2025-07-24,184345,Shop,Al Warsan First
CRT2134234286,2026-01-27,136500,Office,Al Thanyah Fifth
CNT2130107827,2025-03-06,2307588,Room in labor Camp,Saih Shuaib 3
CNT2133917897,2026-01-01,110000,3 bed rooms+hall,Nadd Hessa
CNT2134002757,2025-12-26,15000,Office,Al Goze Industrial First
CNT2130876616,2025-05-05,53000,1bed room+Hall,Al Hudaiba
CRT2132372946,2025-08-01,1322284,5 bed rooms+hall,Al Thanayah Fourth
CNT2133727358,2025-09-01,1725000,1bed room+Hall,Al Warqa First
CNT2128111811,2025-01-18,25955,Studio,Al Warsan First
CNT2130611507,2025-04-01,145200,Shop,Naif
CRT2131907296,2025-07-20,47000,Studio,Al Barsha South Fourth
CNT2132792005,2025-09-30,60900,2 bed rooms+hall,Mirdif
CRT2131086615,2025-06-15,360000,4 bed rooms+hall,Al Thanyah Fifth
CNT2131827749,2025-05-17,52000,1bed room+Hall,Jabal Ali First
CNT2132952367,2025-10-05,47400,Room in labor Camp,Jabal Ali Industrial First
CNT2133099019,2025-10-20,15000,Office,Hor Al Anz
CNT2131775957,2025-07-18,71663,2 bed rooms+hall,Al Karama
CNT2130946291,2025-05-20,72000,Room in labor Camp,Muhaisanah Second
CNT2129268275,2025-02-01,39899,2 bed rooms+hall,AL QUSAIS
CRT2131424427,2025-08-16,57500,Studio,Jabal Ali First
CNT2133791994,2025-11-30,374000,Studio,Naif
CNT2129900194,2025-02-09,60000,1bed room+Hall,Al Barsha First
CRT2132675464,2025-09-15,200000,3 bed rooms+hall,Business Bay
CNT2134215457,2026-01-15,126560,Office,Um Hurair Second
CNT2130818129,2025-07-01,90000,2 bed rooms+hall,Al Jadaf
CNT2130093586,2025-01-01,4552209,Hotel,Port Saeed
CNT2132574421,2025-07-10,158382,Room in labor Camp,Muhaisanah Second
CNT2133397219,2025-11-06,20000,Office,Al Khabeesi
CRT2133404664,2025-12-15,289000,3 bed rooms+hall,Palm Jumeirah
CNT2133759357,2025-12-08,101850,2 bed rooms+hall,Al Wasl
CNT2133647387,2025-10-21,369600,Room in labor Camp,Al Goze Third
CNT2129902840,2025-02-24,15000,Office,Trade Center Second
CNT2131205148,2025-06-05,225750,Office,Oud Metha
CNT2131276614,2025-06-11,20000,Office,Mankhool
CNT2133349043,2025-11-06,20000,Office,Business Bay
CNT2131362769,2025-06-18,12000,Office,Al Thanyah First
CNT2129943502,2025-02-26,15000,Office,Al Khabeesi
CRT2130462566,2025-03-01,52000,Studio,Al Barsha South Fifth
CNT2133843731,2025-12-12,15000,Office,Al Wasl
CNT2130422238,2025-04-08,15000,Office,Al Goze Industrial First
CNT2128953156,2025-02-15,95000,Studio,Business Bay
CRT2133287326,2025-11-07,133000,2 bed rooms+hall,Hadaeq Sheikh Mohammed Bin Rashid
CRT2130354576,2025-04-07,110000,1bed room+Hall,Al Merkadh
CNT2134273316,2026-01-30,127000,Office,Port Saeed
CNT2131671789,2025-07-02,15000,Office,Saih Shuaib 2
CNT2131955340,2025-08-01,68000,1bed room+Hall,Al Jadaf
CNT2130987064,2025-01-01,493320,Room in labor Camp,Al Goze Industrial Second
CNT2134250712,2026-02-01,80000,,Al Barsha South Fifth
CNT2132360657,2025-07-31,85000,2 bed rooms+hall,Madinat Dubai Almelaheyah
CNT2133129549,2025-10-01,28000,Studio,Eyal Nasser
CNT2131793351,2025-07-01,155000,Shop,Al Buteen
CNT2129844109,2025-02-21,73000,2 bed rooms+hall,Mankhool
CNT2131869727,2025-07-16,20000,Office,Jabal Ali Industrial First
CNT2132877647,2025-10-01,148000,Office,Business Bay
CNT2132773856,2025-02-21,24000,Studio,Al Muteena
CNT2133772085,2025-12-08,90000,1bed room+Hall,Al Jafliya
CNT2131817246,2025-07-05,3564000,Room in labor Camp,Jabal Ali Industrial First
CNT2132511578,2025-09-01,59840,1bed room+Hall,Jabal Ali First
CNT2128137411,2025-01-22,90000,2 bed rooms+hall,Al Barsha First
CNT2130726460,2025-04-01,71500,1bed room+Hall,Hor Al Anz East
CNT2130776351,2025-05-04,44100,1bed room+Hall,Nadd Hessa
CNT2133876255,2026-01-01,55000,Shop,Al Lusaily
CNT2133214965,2025-10-28,20000,Office,Business Bay
CNT2132553315,2025-09-10,2861538,Room in labor Camp,Al Goze Third
CNT2129869945,2025-03-01,62548,Office,Al Qusais Industrial Second
CNT2129934583,2025-03-23,46000,1bed room+Hall,Nadd Hessa
CNT2132281831,2025-08-16,70000,1bed room+Hall,Al Hebiah Sixth
CNT2133034335,2025-10-15,20000,Office,Dubai Investment Park Second
CNT2133639836,2025-11-26,15000,Office,Business Bay
CNT2132390597,2025-09-01,88000,2 bed rooms+hall,Oud Metha
CRT2126935136,2025-01-01,90000,1bed room+Hall,Al Barsha South Fourth
CNT2128449044,2025-01-22,15000,Office,Al Khabeesi
CNT2126250327,2025-01-15,58000,1bed room+Hall,Al Murqabat
CNT2131943597,2025-07-14,45000,1bed room+Hall,Wadi Al Safa 5
CNT2134034892,2025-09-15,47199,1bed room+Hall,Al Warqa First
CNT2129193304,2025-01-14,108494,2 bed rooms+hall,Jabal Ali First
CNT2131157711,2025-05-20,58300,Office,Business Bay
CNT2130079511,2025-03-01,129600,Room in labor Camp,Al Goze Third
CNT2132905558,2025-09-25,54500,,Al Kheeran
CNT2131006372,2025-03-01,50000,Warehouse,Dubai Investment Park First
CNT2130097686,2025-04-01,50400,Office,Al Ras
CNT2133151047,2025-09-05,120000,3 bed rooms+hall,Jumeirah First
CNT2131048217,2025-05-24,15000,Office,Business Bay
CNT2131217972,2025-06-01,41892,1bed room+Hall,Al Nahda Second
CNT2129189989,2025-02-10,14357833,Labor Camp,Jabal Ali Industrial First
CNT2131768116,2025-10-13,63910,Shop,Al Warsan First
CRT2131172366,2025-06-10,350000,3 bed rooms+hall,Al Thanyah Fifth
CNT2130015736,2025-01-01,712800,Room in labor Camp,Al Goze Industrial First
CNT2130696227,2025-04-22,43050,1bed room+Hall,Nadd Hessa
CNT2134133393,2026-01-11,250000,3 bed rooms+hall,Jumeirah First
CRT2131967466,2025-04-09,1885249,Room in labor Camp,Jabal Ali Industrial First
CNT2126728554,2025-01-01,33350,1bed room+Hall,Al Twar First
CNT2133035041,2025-10-15,122500,Shop,Al Hudaiba
CRT2133394216,2025-11-10,42000,1bed room+Hall,Al Warsan First
CRT2132938256,2025-10-12,70000,1bed room+Hall,Al Merkadh
CNT2131797155,2025-07-11,13000,Office,Mankhool
CNT2130167915,2025-03-25,62000,2 bed rooms+hall,AL TWAR FIFTH
CNT2130712765,2025-04-30,15000,Office,Trade Center Second
CNT2130567774,2025-04-01,85800,2 bed rooms+hall,Al Satwa
CNT2130360141,2025-03-29,65000,1bed room+Hall,Al Saffa First
CNT2133274990,2025-08-02,56000,Studio,Hadaeq Sheikh Mohammed Bin Rashid
CNT2133961563,2025-12-23,15000,Office,Al Murqabat
CNT2134212349,2026-01-15,66000,1bed room+Hall,Al Barsha South Fourth
CNT2132080868,2025-08-01,72600,2 bed rooms+hall,Al Barsha First
CNT2131754775,2025-07-08,15000,Office,Al Khabeesi
CNT2126993368,2025-01-01,26000,Studio,Eyal Nasser
CRT2133647986,2025-11-24,210000,2 bed rooms+hall,Palm Jumeirah
CNT2134288327,2026-01-01,50000,Shop,Hor Al Anz
CNT2130154288,2025-03-13,10000,Office,Dubai Investment Park Second
CNT2131527867,2025-06-25,20000,Office,Dubai Investment Park First
CNT2130466820,2025-03-25,43992,1bed room+Hall,Al Nahda Second
CNT2130400362,2025-03-30,45150,1bed room+Hall,Nad Al Hamar
CNT2133217467,2025-11-01,30000,Studio,Al Mararr
CNT2132294127,2025-05-20,1209600,Room in labor Camp,Muhaisanah Second
CNT2128525939,2025-04-01,115000,3 bed rooms+hall,Trade Center First
CNT2131856503,2025-07-01,720000,6 bed rooms+hall,Saih Shuaib 4
CNT2127958567,2025-01-01,1000,Room in labor Camp,Dubai Investment Park Second
CNT2132629910,2025-09-15,15000,Office,Port Saeed
CNT2131727785,2025-07-07,15000,Office,Business Bay
CNT2133809826,2025-12-21,102911,1bed room+Hall,Trade Center Second
CNT2130114473,2025-03-10,10000,Office,Al Wasl
CNT2130497188,2025-04-01,750000,Room in labor Camp,Muhaisanah Second
CNT2133889672,2025-12-17,15000,Office,Al Murqabat
CNT2131791863,2025-07-01,85000,3 bed rooms+hall,Al Murqabat
CNT2133322096,2025-11-05,48000,Studio,Al Barsha South Fourth
CRT2131903546,2025-03-04,130169,Shop,Warsan Fourth
CNT2130458377,2025-04-03,26250,Studio,Al Rashidiya
CNT2133292322,2025-11-05,45000,Studio,Al Goze Third
CNT2131320117,2025-06-18,47500,2 bed rooms+hall,Al Qusais Industrial Fifth
CNT2131080327,2025-02-01,105000,Warehouse,Al Qusais Industrial Second
CRT2133932782,2025-12-21,140000,2 bed rooms+hall,Al Thanyah Third
CRT2131128126,2025-06-01,93000,2 bed rooms+hall,Al Barsha South Fourth
CNT2129964342,2025-02-01,336000,Room in labor Camp,Jabal Ali Industrial First
CNT2127163353,2025-01-03,84000,2 bed rooms+hall,Nadd Hessa
CRT2132469226,2025-03-15,100000,3 bed rooms+hall,Dubai Investment Park Second
CNT2131518046,2025-06-24,20000,Office,Dubai Investment Park First
CNT2130742937,2025-05-07,20000,Studio,Al Mararr
CNT2132009827,2025-06-01,120000,Warehouse,Al Qusais Industrial Second
CNT2130207123,2025-03-18,15000,Office,Hor Al Anz
CNT2127620864,2025-01-01,80000,Office,Al Suq Al Kabeer
CNT2130891189,2025-03-03,1300000,Room in labor Camp,Dubai Investment Park Second
CNT2132549940,2025-09-10,80000,1bed room+Hall,Al Barsha South Fifth
CRT2130860606,2025-05-10,434000,3 bed rooms+hall,Al Thanyah Fifth
CNT2126841009,2025-01-04,45000,1bed room+Hall,Al Raffa
CNT2132251467,2025-07-01,1900000,Labor Camp,Jabal Ali Industrial First
CNT2133469596,2025-12-01,140000,3 bed rooms+hall,Wadi Al Safa 5
CNT2130901761,2025-05-04,52000,Studio,Jabal Ali First
CNT2132484612,2025-07-15,145807,2 bed rooms+hall,Burj Khalifa
CNT2131133010,2025-05-30,20000,Office,Naif
CNT2133986493,2025-12-25,15000,Office,Al Raffa
CNT2126518046,2025-02-03,59570,1bed room+Hall,Jabal Ali First
CNT2134293749,2025-11-01,172800,Room in labor Camp,Madinat Dubai Almelaheyah
CNT2131254203,2025-06-10,15000,Office,Al Barsha First
CNT2128959022,2025-02-03,21000,Office,Al Garhoud
CNT2132198733,2025-09-01,95000,2 bed rooms+hall,Al Satwa
CNT2132526860,2025-09-07,48000,1bed room+Hall,Al Mamzer
CNT2131714577,2025-06-19,28500,Office,Al Rega
CNT2131647208,2025-07-20,75600,2 bed rooms+hall,Al Satwa
CNT2134011065,2026-01-01,140000,3 bed rooms+hall,Al Murqabat
CNT2131498659,2025-07-05,50000,1bed room+Hall,Warsan Fourth
CNT2132924006,2025-09-01,46959,1bed room+Hall,Wadi Al Safa 5
CNT2131402974,2025-06-25,32000,Studio,Al Muteena
CNT2130190530,2025-03-25,42263,1bed room+Hall,Al Jadaf
CNT2132154841,2025-08-01,300000,Shop,Al Goze Third
CNT2131278970,2025-06-20,48000,1bed room+Hall,Wadi Al Safa 3
CNT2133203589,2025-11-25,32918,Studio,Al Goze Industrial Second
CNT2134316254,2026-01-23,37770,Studio,Jabal Ali First
CNT2134174880,2026-01-15,63000,2 bed rooms+hall,Al Qusais Industrial Fifth
CNT2133791341,2025-12-11,25468,Studio,Al Warsan First
CNT2131273379,2025-06-07,54000,Studio,Al Merkadh
CNT2131902927,2025-07-19,16000,Office,Oud Metha
CNT2134134657,2025-01-01,51500,1bed room+Hall,Hor Al Anz
CNT2132595976,2025-08-15,131000,Studio,Nadd Hessa
CRT2130992026,2025-05-02,22000,Office,Al Mararr
CNT2132662197,2025-09-15,275000,Warehouse,Al Goze Industrial First
CNT2133940711,2025-12-22,20000,Office,Dubai Investment Park First
CNT2132554569,2025-08-25,79200,Room in labor Camp,Muhaisanah Second
CNT2127852189,2025-01-01,70000,1bed room+Hall,Mankhool
CNT2130907816,2025-05-14,15000,Office,Hor Al Anz
CNT2132656898,2025-09-16,15000,Office,Al Muteena
CNT2133865914,2025-12-12,65500,2 bed rooms+hall,Al Raffa
CNT2128112260,2025-01-16,15000,Office,Hor Al Anz East
CRT2132418106,2025-09-01,43000,Studio,Al Barshaa South Third
CNT2132339347,2025-08-21,20000,Office,Al Murqabat
CNT2132672815,2025-09-08,1008900,Room in labor Camp,Jabal Ali Industrial First
CNT2133792062,2025-12-13,80000,1bed room+Hall,Jumeirah First
CNT2132182643,2025-07-01,50000,Shop,Al Qusais Industrial Fourth
CNT2133598667,2025-11-24,20000,Office,Al Karama
CNT2129901625,2025-02-24,15000,Office,Dubai Investment Park First
CRT2132710018,2025-09-19,91745,2 bed rooms+hall,Me'Aisem First
CNT2130159323,2025-04-01,68355,2 bed rooms+hall,Al Mamzer
CNT2132045778,2025-01-01,823680,Room in labor Camp,Al Goze Fourth
CNT2132419650,2025-08-28,15000,Office,Al Khabeesi
CNT2133219775,2025-10-28,15000,Office,Al Goze Industrial First
CNT2131529439,2025-08-01,37000,1bed room+Hall,Mirdif
CNT2131088697,2025-06-01,3570000,Room in labor Camp,Al Warsan Second
CNT2127534230,2025-01-05,33000,1bed room+Hall,Muhaisanah Fourth
CNT2131751266,2025-07-08,70000,1bed room+Hall,Saih Shuaib 2
CNT2132671144,2025-09-10,356400,Room in labor Camp,Muhaisanah Second
CNT2133027335,2025-02-05,552000,Labor Camp,Jabal Ali Industrial First
CNT2131005102,2025-06-08,110000,2 bed rooms+hall,Business Bay
CNT2131506508,2025-05-05,92308,Office,Al Barsha First
CNT2130031207,2025-03-05,15000,Office,Al Khabeesi
CNT2132066740,2025-07-31,15000,Office,Al Khabeesi
CNT2130093154,2025-03-01,48632,Studio,Al Jadaf
CNT2132592154,2025-10-01,2340000,Staff Accommodatoion,Al Warsan Third
CNT2129641807,2025-02-01,65000,1bed room+Hall,Um Hurair Second
CNT2131048485,2025-05-25,34073,Studio,Jabal Ali First
CNT2132336957,2025-08-21,15000,Office,Burj Khalifa
CNT2133873577,2025-12-12,4536000,Room in labor Camp,Jabal Ali Industrial First
CNT2130752032,2025-04-04,86566,Shop,Al Warsan First
CNT2132024371,2025-07-16,59772,1bed room+Hall,Al Hebiah First
CNT2132983587,2025-09-25,78000,Studio,Marsa Dubai
CNT2132238245,2025-08-15,73000,1bed room+Hall,Al Barshaa South Third
CNT2130916791,2025-06-08,67850,2 bed rooms+hall,Oud Metha
CNT2128060556,2025-01-15,20000,Office,Al Khabeesi
CNT2132106541,2025-08-04,20000,Office,Business Bay
CNT2134173062,2026-01-01,136176,Office,Al Karama
CRT2128955696,2025-02-04,65000,Studio,Business Bay
CRT2129754916,2025-02-21,210000,3 bed rooms+hall,Marsa Dubai
CNT2132668363,2025-09-17,15000,Office,Port Saeed
CNT2134292307,2026-01-01,90000,3 bed rooms+hall,Al Murqabat
CNT2129944036,2025-03-01,150000,5 bed rooms+hall,Mirdif
CNT2131928847,2025-08-09,199237,4 bed rooms+hall,Al Safouh Second
CRT2133005756,2025-10-26,51000,Studio,Al Barshaa South Third
CNT2132277352,2025-08-16,15000,Office,Hor Al Anz East
CNT2132541236,2025-09-08,20000,Office,Al Mararr
CNT2129845324,2025-02-10,1431000,Room in labor Camp,Muhaisanah Second
CNT2134056469,2026-01-01,90000,Office,Al Thanyah Fifth
CNT2129372637,2025-01-31,52744,Office,Al Safouh Second
CNT2132423702,2025-08-20,536400,Warehouse,Dubai Investment Park Second
CNT2131106960,2025-05-15,80000,Shop,Al Rega
CNT2133721491,2025-12-04,20000,Office,Hor Al Anz
CNT2132604445,2025-06-01,92308,Room in labor Camp,Jabal Ali Industrial First
CNT2131829316,2025-05-15,748800,Room in labor Camp,Dubai Investment Park First
CNT2133751935,2025-09-04,35000,Shop,Al Qusais Industrial Fifth
CNT2130370714,2025-04-16,34000,Studio,Nadd Hessa
CNT2130488717,2025-03-29,403200,Room in labor Camp,Jabal Ali Industrial First
CNT2128948077,2025-02-10,76600,2 bed rooms+hall,Al Thanyah First
CNT2131329479,2025-06-20,21000,Studio,Al Mararr
CNT2132222949,2025-08-01,47000,1bed room+Hall,Al Warqa First
CNT2130964135,2025-06-02,50000,Office,Cornich Deira
CNT2133612590,2025-10-21,100659,2 bed rooms+hall,Al Saffa First
CNT2134302117,2026-01-19,20000,Office,Al Murqabat
CNT2134235780,2025-12-29,86400,Room in labor Camp,Al Goze Third
CNT2134212227,2026-01-21,39000,1bed room+Hall,Al Qusais Industrial Fifth
CNT2131418327,2025-07-05,66000,1bed room+Hall,Al Barsha First
CNT2133997229,2026-02-11,146828,Shop,Al Wasl
CRT2132342166,2025-08-25,50000,Studio,Al Merkadh
CNT2130963745,2025-05-19,15000,Office,Al Muteena
CNT2129891591,2025-02-01,38000,1bed room+Hall,AL TWAR FIFTH
CNT2131985618,2025-07-25,275000,4 bed rooms+hall,Hadaeq Sheikh Mohammed Bin Rashid
CNT2133158035,2025-10-23,69732,1bed room+Hall,Hadaeq Sheikh Mohammed Bin Rashid
CNT2133637240,2026-01-17,87780,3 bed rooms+hall,Jabal Ali First
CNT2133462596,2025-09-22,130000,Warehouse,Ras Al Khor Industrial Second
CNT2131018964,2025-05-01,110000,Shop,Al Thanyah Fifth
CNT2129110537,2025-02-01,20400,Room in labor Camp,Al Goze Industrial Second
CNT2128311778,2025-02-01,6988800,Room in labor Camp,Jabal Ali Industrial First
CNT2131108501,2025-06-01,58000,2 bed rooms+hall,Al Murqabat
CNT2130744376,2025-05-01,110208,Room in labor Camp,Muhaisanah Second
CNT2133403367,2025-11-07,20000,Office,Saih Shuaib 2
CNT2132206037,2025-08-11,10000,Shop,Al Kheeran
CNT2133999943,2025-11-05,62000,2 bed rooms+hall,Hor Al Anz East
CNT2130904890,2025-05-11,5241000,1bed room+Hall,Me'Aisem First
CNT2131346132,2025-06-17,15000,Office,Al Barsha First
CNT2127828702,2025-01-01,70000,Office,Al Dhagaya
CNT2131817404,2025-07-16,580000,Shop with a mezzanine,Naif
CRT2129993705,2025-03-15,145000,2 bed rooms+hall,Al Merkadh
CNT2129124975,2025-02-05,45000,1bed room+Hall,Hor Al Anz
CNT2133458919,2025-05-10,45000,2 bed rooms+hall,Al Buteen
CRT2133236906,2025-10-30,75000,1bed room+Hall,Al Barsha South Fourth
CNT2131829316,2025-05-15,748800,Room in labor Camp,Dubai Investment Park First
CNT2130286836,2025-03-21,85000,3 bed rooms+hall,Al Warqa First
CNT2129881650,2025-02-25,65000,1bed room+Hall,Al Thanyah First
CNT2133566832,2025-11-01,39000,1bed room+Hall,Al Hamriya
CNT2133875229,2025-10-01,29500,Studio,Hor Al Anz East
CNT2132118024,2025-08-05,20000,Office,Port Saeed
CNT2132832542,2025-06-27,631805,Shop,Marsa Dubai
CNT2133174461,2025-10-19,170177,Studio,Al Satwa
CNT2132953053,2025-09-01,75000,Warehouse,Dubai Investment Park First
CNT2131372589,2025-04-15,78000,Room in labor Camp,Muhaisanah Second
CNT2132544997,2025-09-11,31000,Studio,Al Goze Industrial Second
CNT2131088658,2025-01-27,4500,Room in labor Camp,Al Goze Third
CRT2132510936,2025-04-01,80300,3 bed rooms+hall,Madinat Hind 4
CNT2129855437,2025-01-01,65000,2 bed rooms+hall,Al Mararr
CNT2134298713,2026-01-01,253000,5 bed rooms+hall,Al Saffa First
CNT2130759608,2025-04-01,362880,Room in labor Camp,Al Goze Third
CNT2129053102,2025-02-06,24000,Studio,Al Mararr
CNT2133092016,2025-04-01,1924747,2 bed rooms+hall,Al Warsan First
CRT2129927656,2025-01-31,110000,1bed room+Hall,Marsa Dubai
CRT2129920376,2025-02-27,80000,1bed room+Hall,Marsa Dubai
CNT2134127214,2026-01-07,17000,Office,Al Mararr
CNT2133866006,2025-12-15,10000,Office,Al Barsha First
CNT2132685909,2025-09-18,25000,Office,Dubai Investment Park First
CNT2134273098,2026-01-16,768000,Room in labor Camp,Al Goze Third
CNT2130158995,2025-01-01,178616,Room in labor Camp,Muhaisanah Second
CNT2134268440,2026-04-30,92610,2 bed rooms+hall,Mankhool
CNT2131755077,2025-08-01,165000,3 bed rooms+hall,Trade Center Second
CNT2126342297,2025-02-01,127050,Warehouse,Al Khabeesi
CRT2133856036,2025-12-02,50000,Shop,Eyal Nasser
CNT2132986798,2025-08-01,63360,Room in labor Camp,Al Goze Third
CNT2128499668,2025-01-10,76532,Office,Al Nahda First
CNT2127893974,2025-01-06,27830,Studio,Me'Aisem First
CNT2132392568,2025-08-26,12000,Office,Naif
CNT2133109567,2025-09-20,545736,Warehouse,Dubai Investment Park Second
CNT2129848627,2025-01-01,1458000,1bed room+Hall,Jabal Ali Industrial First
CRT2133048553,2025-10-10,90000,1bed room+Hall,Business Bay
CNT2130917545,2025-01-16,4248720,Room in labor Camp,Al Goze Third
CNT2129880815,2025-02-01,35000,1bed room+Hall,Al Baraha
CRT2132708096,2025-09-08,94500,2 bed rooms+hall,Al Barsha South Fourth
CNT2130071822,2025-02-28,145000,3 bed rooms+hall,Al Yelayiss 1
CNT2133093129,2025-10-14,32659,2 bed rooms+hall,AL QUSAIS
CNT2131975975,2025-07-24,15000,Office,Saih Shuaib 3
CNT2133045203,2025-10-15,41896,1bed room+Hall,Al Nahda Second
CNT2130806575,2025-05-01,37000,Office,Al Murqabat
CNT2130058829,2025-03-20,85000,2 bed rooms+hall,Al Barshaa South Third
CNT2131074151,2025-05-31,46000,Studio,Jabal Ali First
CRT2132235116,2025-08-16,320000,5 bed rooms+hall,Um Suqaim First
CRT2134223896,2026-01-06,235000,1bed room+Hall,Al Thanyah Fifth
CNT2131707395,2025-07-01,25200,1bed room+Hall,AL QUSAIS
CNT2128275791,2025-01-20,10000,Office,Trade Center First
CNT2130146192,2025-02-15,1320000,Room in labor Camp,Jabal Ali Industrial First
CRT2132152136,2025-09-01,120000,2 bed rooms+hall,Marsa Dubai
CNT2131056771,2025-05-25,49000,2 bed rooms+hall,Al Warqa First
CNT2132375188,2025-09-01,52000,1bed room+Hall,Me'Aisem First
CNT2133931465,2025-10-01,368224,Labor Camp,Jabal Ali Industrial First
CNT2133725422,2025-11-20,130000,Shop,Al Baraha
CNT2132586805,2025-10-01,345000,Shop,Naif
CRT2130395216,2025-04-01,15000,Shop,Al Warsan First
CNT2130509523,2025-03-20,34560,Studio,Dubai Investment Park Second
CNT2128915254,2025-02-01,54638,Studio,Al Satwa
CNT2130627724,2025-05-05,33000,Studio,Al Rega
CNT2133935377,2025-11-20,166031,2 bed rooms+hall,Palm Jumeirah
CNT2133026064,2025-09-20,52500,1bed room+Hall,Wadi Al Safa 5
CNT2133646055,2025-11-25,55000,1bed room+Hall,Nadd Hessa
CNT2133899301,2025-12-17,15000,Office,Al Murqabat
CNT2133334186,2025-10-01,120000,Shop,Ras Al Khor Industrial First
CNT2133928768,2025-12-20,15000,Office,Al Goze Third
CNT2130826971,2025-04-01,47000,Shop,Hor Al Anz
CNT2132232574,2025-08-13,15000,Office,Al Goze Industrial First
CNT2132868379,2025-08-11,228900,Warehouse,Dubai Investment Park Second
CNT2131807416,2025-07-17,52000,Studio,Al Hebiah First
CNT2132928612,2025-06-01,55000,2 bed rooms+hall,Al Warqa First
CNT2130447838,2025-04-01,57000,1bed room+Hall,Al Barsha First
CNT2128132537,2025-01-09,37000,Office,Business Bay
CNT2131227717,2025-07-01,415272,Studio,Jabal Ali First
CNT2131798410,2025-07-15,90000,3 bed rooms+hall,AL QUSAIS
CNT2130421287,2025-05-02,45000,2 bed rooms+hall,Al Qusais Industrial Fifth
CRT2130127316,2025-02-25,50000,2 bed rooms+hall,Al Barshaa South Third
CNT2131661928,2025-06-23,65000,Shop,Hor Al Anz East
CNT2132139930,2025-08-06,15000,Office,Al Goze Industrial First
CNT2132445251,2025-08-20,97020,Office,Al-Cornich
CNT2131101779,2025-07-17,100000,Shop,Um Hurair First
CNT2134149095,2026-01-05,230000,Shop with a mezzanine,Al Mararr
CNT2133265288,2025-10-31,18000,Office,Um Hurair Second
CNT2129436376,2025-02-21,140000,2 bed rooms+hall,Al Barshaa South Third
CNT2132907362,2025-09-15,101640,Office,Mankhool
CNT2133314666,2025-11-04,17000,Office,Al Goze First
CNT2128963428,2025-02-04,50000,Studio,Al Merkadh
CNT2129122839,2025-01-01,570000,Room in labor Camp,Saih Shuaib 4
CNT2130883382,2025-02-01,768000,Room in labor Camp,Muhaisanah Second
CNT2131550969,2025-06-05,268000,Room in labor Camp,Muhaisanah Second
CNT2129969447,2025-02-28,15000,Office,Al Goze Industrial First
CNT2130058482,2025-02-14,46000,1bed room+Hall,Nadd Hessa
CNT2130813801,2025-02-28,240350,3 bed rooms+hall,Al Wasl
CNT2131882025,2025-07-17,15000,Office,Al Suq Al Kabeer
CNT2126574604,2025-01-16,74000,2 bed rooms+hall,Jabal Ali First
CNT2130048962,2025-02-27,62000,1bed room+Hall,Al Raffa
CRT2129992016,2025-02-10,58000,Shop,Al Warsan First
CRT2130016716,2025-01-01,95000,Warehouse,Ras Al Khor Industrial First
CNT2134320262,2026-01-23,90000,3 bed rooms+hall,Madinat Hind 4
CNT2132415950,2025-09-01,81000,2 bed rooms+hall,Al Thanyah First
CNT2132348891,2025-08-25,42900,1bed room+Hall,Al Nahda First
CNT2133250572,2025-11-01,72000,2 bed rooms+hall,Hor Al Anz East
CNT2132519765,2025-09-05,265000,2 bed rooms+hall,Palm Jumeirah
CRT2133728546,2025-12-01,45000,Shop,Al Warsan First
CNT2131551247,2025-07-01,530000,Room in labor Camp,Muhaisanah Second
CNT2130596425,2025-03-15,60000,2 bed rooms+hall,Al Muteena
CNT2130910176,2025-04-01,40000,1bed room+Hall,Al Karama
CNT2131684264,2025-07-06,70000,1bed room+Hall,Jabal Ali First
CNT2133775777,2025-09-15,317262,Warehouse,Um Ramool
CNT2132714139,2025-09-20,15000,Office,Al Khabeesi
CNT2131859725,2025-01-01,3500000,Hotel,Al Suq Al Kabeer
CNT2128055851,2025-01-15,15000,Office,Burj Khalifa
CNT2134113974,2025-12-31,16100000,Room in labor Camp,Jabal Ali Industrial First
CNT2134261721,2025-12-01,120000,2 bed rooms+hall,Al Barsha First
CNT2133556084,2025-12-05,48400,1bed room+Hall,Warsan Fourth
CNT2133027914,2025-09-28,181125,3 bed rooms+hall,Al Safouh First
CRT2132645476,2025-09-10,270000,2 bed rooms+hall,Um Suqaim Third
CNT2130735909,2025-05-05,45000,Studio,Al Barsha South Fourth
CRT2132054816,2025-07-24,696000,Room in labor Camp,Jabal Ali Industrial First
CRT2133497806,2025-09-10,95000,2 bed rooms+hall,Nadd Hessa
CNT2132949175,2025-09-27,40000,1bed room+Hall,Warsan Fourth
CNT2132372400,2025-08-25,20000,Office,Al Garhoud
CNT2131970454,2025-07-25,60032,2 bed rooms+hall,Al Warqa First
CNT2131088697,2025-06-01,3570000,Room in labor Camp,Al Warsan Second
CNT2132560738,2025-09-11,85000,2 bed rooms+hall,Al Mamzer
CRT2130061706,2025-03-08,220000,2 bed rooms+hall,Al Merkadh
CNT2132914208,2025-07-25,3000000,Labor Camp,Jabal Ali Industrial First
CRT2133593856,2025-12-15,56400,Studio,Al Yelayiss 2
CRT2133944206,2025-12-22,15000,Office,Port Saeed
CNT2132223772,2025-09-15,58500,1bed room+Hall,Al Hebiah Fifth
CNT2133515150,2025-11-17,15000,Office,Al Muteena
CRT2128813956,2025-02-01,110000,3 bed rooms+hall,Al Warsan First
CNT2133199655,2025-11-15,48500,1bed room+Hall,Al Mamzer
CRT2133897446,2025-12-16,60000,1bed room+Hall,Al Hebiah Fifth
CNT2131005527,2025-05-23,54000,3 bed rooms+hall,Al Qusais Industrial Fifth
CNT2130557188,2025-05-01,24000,Studio,Al Mararr
CRT2129934966,2025-02-26,152000,1bed room+Hall,Marsa Dubai
CNT2132300698,2025-08-25,30500,Studio,Al Warsan First
CNT2131354265,2025-06-02,140000,Office,Al Barsha First
CNT2132056734,2025-07-25,50000,1bed room+Hall,Al Muteena
CNT2134257617,2026-01-15,24000,Studio,Al Baraha
CNT2132730827,2025-09-25,58000,1bed room+Hall,Nadd Hessa
CNT2134033349,2026-01-25,119678,1bed room+Hall,Burj Khalifa
CNT2132147314,2025-07-15,58000,1bed room+Hall,Al Raffa
CNT2133830632,2025-12-11,15000,Office,Al Murqabat
CNT2132910489,2025-10-16,42000,Studio,Al Barshaa South Third
CNT2131965813,2025-07-23,15000,Office,Al Baraha
CNT2130521895,2025-04-15,236599,Office,Al Karama
CNT2128106503,2025-01-16,15000,Office,Al Mararr
CNT2129044117,2025-02-10,48000,Studio,Al Barsha South Fourth
CNT2128321851,2025-02-01,27000,Office,Al Dhagaya
CNT2129891065,2025-03-01,200000,5 bed rooms+hall,Wadi Al Safa 2
CNT2127600787,2025-01-01,44000,Office,Al Suq Al Kabeer
CNT2133818209,2025-10-01,3494400,Room in labor Camp,Dubai Investment Park Second
CNT2130143909,2025-03-11,94000,2 bed rooms+hall,Dubai Investment Park First
CNT2130304399,2025-03-25,53000,1bed room+Hall,Al Warsan First
CNT2133735543,2025-12-12,51975,1bed room+Hall,Jabal Ali First
CNT2133493484,2025-11-19,48000,Studio,Nadd Hessa
CNT2131669687,2025-04-05,631380,Open Land,Al Goze Industrial Second
CNT2130873864,2025-04-01,502841,Warehouse,Dubai Investment Park Second
CNT2131855357,2025-07-16,15000,Office,Business Bay
CNT2133345366,2025-11-06,20000,Room in labor Camp,Al Goze Third
CNT2131039819,2025-05-16,32760,Room in labor Camp,Dubai Investment Park Second
CNT2130189382,2025-03-12,25000,Office,Al Goze Fourth
CNT2132902250,2025-10-06,45000,1bed room+Hall,Al Nahda Second
CNT2129264697,2025-02-22,250000,Shop,Al Buteen
CNT2132909621,2025-09-10,43200,Room in labor Camp,Al Goze Industrial First
CNT2134210025,2025-05-22,400000,6 bed rooms+hall,Al Wasl
CNT2131567315,2025-06-27,80000,1bed room+Hall,Al Merkadh
CNT2130331649,2025-03-20,80000,2 bed rooms+hall,Dubai Investment Park Second
CNT2133994816,2026-01-06,57000,1bed room+Hall,Al Karama
CNT2133431289,2025-12-17,73500,1bed room+Hall,Jabal Ali First
CNT2131349149,2025-05-15,369231,Warehouse,Al Qusais Industrial Fourth
CNT2131769349,2025-06-15,47000,1bed room+Hall,Al Hamriya
CRT2127559016,2025-01-01,140000,Office,Al Thanyah First
CNT2130227803,2025-03-20,15000,Office,Al Qusais Industrial Third
CNT2130945692,2025-05-16,15000,Office,Dubai Investment Park First
CNT2132665561,2025-09-17,20000,Office,Al Goze Third
CRT2132185876,2025-08-06,71662,1bed room+Hall,Al Thanyah Fifth
CRT2128939546,2025-01-27,120000,Shop,Al Twar First
CRT2132710886,2025-09-22,78000,2 bed rooms+hall,Al Raffa
CNT2130190974,2025-04-25,43500,Studio,Al Karama
CRT2130532076,2025-05-01,117000,2 bed rooms+hall,Al Barsha South Fourth
CNT2131762551,2025-07-09,15000,Office,Al Mararr
CRT2128568806,2025-01-10,235000,3 bed rooms+hall,Al Khairan First
CNT2131082452,2025-07-01,94500,2 bed rooms+hall,Al Barshaa South Third
CNT2127539804,2025-01-01,25000,Studio,Al Suq Al Kabeer
CNT2129722557,2025-02-15,15000,Office,Al Muteena
CNT2129189989,2025-02-10,14357833,Labor Camp,Jabal Ali Industrial First
CNT2130145802,2025-03-13,15000,Office,Al Goze Industrial Third
CNT2132790292,2025-09-03,49200,Room in labor Camp,Jabal Ali Industrial First
CNT2129919867,2025-02-26,25307,Shop,Al Suq Al Kabeer
CNT2129998434,2025-04-10,42500,Office,Port Saeed
CNT2132794170,2025-09-26,15000,Office,Al Khabeesi
CNT2133596867,2025-12-01,40000,Studio,Dubai Investment Park Second
CRT2131757456,2025-06-10,592200,Office,Business Bay
CRT2133420180,2025-09-01,34000,1bed room+Hall,Al Warsan First
CNT2130435859,2025-04-09,15000,Office,Burj Khalifa
CRT2133034516,2025-02-01,48000,1bed room+Hall,Al Hebiah Fifth
CRT2127506566,2025-01-01,300000,Room in labor Camp,Jabal Ali Industrial First
CNT2131561877,2025-06-28,20000,Office,Dubai Investment Park First
CNT2132577507,2025-08-30,462000,Labor Camp,Muhaisanah Second
CNT2133170386,2025-10-01,67448,2 bed rooms+hall,Al Barsha South Fourth
CRT2132463906,2025-08-01,70000,3 bed rooms+hall,Al Rashidiya
CNT2131690223,2025-07-03,15000,Office,Al Mararr
CNT2129947052,2025-02-25,27000,Studio,Naif
CNT2130191899,2025-04-02,32603,1bed room+Hall,Muhaisanah Fourth
CNT2127865550,2025-01-09,12000,Office,Port Saeed
CNT2130346160,2025-02-01,55660,1bed room+Hall,Al Hamriya
CNT2131904191,2025-07-19,15000,Office,Al Karama
CNT2132229223,2025-07-01,41000,Studio,Al Barsha First
CNT2131944824,2025-07-22,15000,Office,Saih Shuaib 3
CNT2130049164,2025-03-01,52000,Shop,Al Suq Al Kabeer
CNT2125666856,2025-01-01,888000,Staff Accommodatoion,Al Warsan Third
CRT2133642226,2025-12-30,63000,2 bed rooms+hall,Al Nahda First
CNT2127529518,2025-01-07,25000,Office,Port Saeed
CNT2131048594,2025-05-20,69000,2 bed rooms+hall,Nadd Hessa
CNT2130685547,2025-03-08,93000,3 bed rooms+hall,Al Garhoud
CNT2130371895,2025-04-01,100000,Warehouse,Al Goze Industrial Fourth
CNT2134196958,2026-01-01,82284,1bed room+Hall,Marsa Dubai
CNT2132443784,2025-09-05,70000,2 bed rooms+hall,Al Nahda First
CNT2131339647,2025-06-25,63000,1bed room+Hall,Madinat Dubai Almelaheyah
CNT2133332834,2025-10-01,282240,Room,Saih Shuaib 4
CNT2130329499,2025-04-01,1413600,Room in labor Camp,Jabal Ali Industrial First
CRT2130200286,2025-03-01,310000,2 bed rooms+hall,Marsa Dubai
CNT2132562422,2025-10-15,283500,5 bed rooms+hall,Wadi Al Safa 5
CRT2129049666,2025-01-20,60000,1bed room+Hall,Al Hebiah Second
CNT2132815256,2025-11-26,46725,1bed room+Hall,Nadd Hessa
CNT2133007105,2025-10-20,54000,Studio,Al Merkadh
CNT2131684422,2025-07-03,15000,Office,Al Khabeesi
CNT2129905293,2025-04-03,60375,2 bed rooms+hall,Mirdif
CNT2130915789,2025-05-14,65000,1bed room+Hall,Me'Aisem First
CNT2129185739,2025-02-06,25410000,2 bed rooms+hall,Madinat Dubai Almelaheyah
CNT2131207691,2025-06-04,15000,Office,Saih Shuaib 3
CNT2132205955,2025-08-11,20000,Office,Ras Al Khor Industrial Third
CNT2129876956,2025-01-01,1162200,Room in labor Camp,Muhaisanah Second
CNT2133537929,2025-10-21,150000,2 bed rooms+hall,Marsa Dubai
CNT2132794283,2025-10-04,88000,1bed room+Hall,Mankhool
CNT2130909181,2025-01-10,9005559,Room in labor Camp,Jabal Ali Industrial First
CNT2132805263,2025-04-01,3013368,2 bed rooms+hall,Al Barshaa South Third
CNT2129434336,2025-02-10,71030,2 bed rooms+hall,Al Jadaf
CNT2133957052,2025-12-25,37000,Studio,Al Suq Al Kabeer
CNT2131784595,2025-07-01,340000,7 bed rooms+hall,Al Saffa Second
CNT2130101794,2025-03-19,95000,1bed room+Hall,Business Bay
CNT2132429968,2025-06-10,4982400,Room in labor Camp,Dubai Investment Park Second
CRT2131397926,2025-06-01,110000,2 bed rooms+hall,Al Twar Third
CNT2129053452,2025-01-27,79200,2 bed rooms+hall,Oud Metha
CNT2131391005,2025-07-10,47355,1bed room+Hall,Wadi Al Safa 5
CNT2134130566,2025-11-15,102500,Studio,Al Buteen
CNT2132809035,2025-07-25,199909,Office,Al Safouh Second
CNT2127801594,2025-03-01,265650,1bed room+Hall,Naif
CNT2133311232,2025-11-25,78000,2 bed rooms+hall,Wadi Al Safa 2
CNT2132632632,2025-09-06,690000,Room in labor Camp,Muhaisanah Second
CRT2127675276,2025-01-07,82000,Shop,Al Bada
CNT2133568891,2025-11-20,15000,Office,Al Goze First
CNT2127901826,2025-01-13,64000,1bed room+Hall,Al Barshaa South Second
CNT2130188620,2025-01-01,475200,Room in labor Camp,Jabal Ali Industrial First
CNT2129932891,2025-03-20,110000,2 bed rooms+hall,Al Murqabat
CNT2130991588,2025-05-01,216000,Labor Camp,Al Goze Industrial Second
CNT2134332235,2025-12-25,130700,Warehouse,Ras Al Khor Industrial Second
CNT2133332162,2025-11-01,158700,Shop,Jumeirah First
CNT2131092548,2025-05-10,42350,Office,Al Goze Third
CRT2133199336,2025-10-27,210000,2 bed rooms+hall,Al Merkadh
CRT2132394566,2025-08-28,75000,1bed room+Hall,Marsa Dubai
CRT2131850916,2025-08-01,120000,1bed room+Hall,Burj Khalifa
CNT2133285495,2025-11-05,43500,1bed room+Hall,Al Nahda Second
CNT2133235564,2025-10-29,20000,Office,Al Thanyah First
CNT2133096095,2025-08-24,300000,Room in labor Camp,Jabal Ali Industrial First
CNT2132037526,2025-08-01,65000,1bed room+Hall,Wadi Al Safa 2
CNT2130582525,2025-04-21,20000,Office,Al Baraha
CNT2130942861,2025-06-02,27300,Studio,Al Warsan First
CNT2133786472,2025-12-01,118800,Shop,Jumeirah First
CNT2134254576,2026-01-01,100000,Shop,Al Buteen
CRT2130027169,2025-01-23,114400,2 bed rooms+hall,Marsa Dubai
CNT2133206453,2025-10-01,53000,1bed room+Hall,Warsan Fourth
CNT2134005441,2025-12-26,20000,Office,Business Bay
CRT2128128016,2025-01-01,26000,2 bed rooms+hall,Hor Al Anz
CNT2131764716,2025-08-05,43890,2 bed rooms+hall,Muhaisanah Fourth
CNT2130662962,2025-04-01,31460,Studio,Wadi Al Safa 3
CNT2132501279,2025-09-25,57750,2 bed rooms+hall,AL QUSAIS
CNT2131181227,2025-06-08,30188,1bed room+Hall,Muhaisanah Fourth
CNT2128278860,2025-01-15,35000,Shop,Ras Al Khor Industrial First
CRT2133593356,2025-11-22,112000,2 bed rooms+hall,Al Thanyah First
CNT2128565912,2025-02-01,40000,Studio,Madinat Al Mataar
CRT2128309166,2025-01-01,40000,Office,Saih Shuaib 4
CNT2131413500,2025-07-31,86000,2 bed rooms+hall,Mankhool
CNT2133033623,2025-10-12,78000,Studio,Al Barsha South Fourth
CNT2131512686,2025-06-17,150000,Shop,Al Buteen
CNT2129946301,2025-01-22,265650,Office,Al Goze Industrial First
CNT2132404410,2025-09-01,215000,2 bed rooms+hall,Burj Khalifa
CNT2133576057,2025-11-10,47644,1bed room+Hall,Al Hebiah Fourth
CNT2132765555,2025-09-24,15000,Office,Al Mararr
CNT2130801859,2025-02-06,366000,Room in labor Camp,Dubai Investment Park First
CNT2127253207,2025-01-01,60000,2 bed rooms+hall,Al Karama
CNT2128450141,2025-01-22,20000,Office,Hor Al Anz
CRT2131743088,2025-07-06,90000,1bed room+Hall,Al Khairan First
CNT2133662536,2025-12-01,78000,Studio,Al Jadaf
CNT2129111420,2025-02-10,59000,1bed room+Hall,Al Murqabat
CNT2134109320,2026-01-06,15000,Office,Saih Shuaib 3
CNT2128309939,2025-02-01,40000,1bed room+Hall,Al Warqa First
CRT2134104826,2025-10-09,126000,1bed room+Hall,Al Jadaf
CNT2129859813,2025-01-29,2672891,Shop,Al Satwa
CNT2133871907,2025-12-21,56000,1bed room+Hall,Nadd Hessa
CNT2127829876,2025-01-01,60250,2 bed rooms+hall,Al Murqabat
CNT2129890626,2025-02-25,72000,1bed room+Hall,Al Barshaa South Third
CNT2134305111,2026-02-18,68500,1bed room+Hall,Al Raffa
CNT2133787631,2025-12-30,20999,Studio,Muhaisanah Fourth
CNT2130260490,2025-03-15,41500,Studio,Nadd Hessa
CNT2132576351,2025-08-30,125000,2 bed rooms+hall,Marsa Dubai
CNT2128070757,2025-01-15,17000,Office,Saih Shuaib 3
CRT2133061786,2025-10-15,114000,2 bed rooms+hall,Al Merkadh
CNT2129053572,2025-02-04,15000,Office,Al Barsha First
CNT2130816585,2025-05-01,2472000,Room in labor Camp,Jabal Ali Industrial First
CNT2129268485,2025-01-01,39000,1bed room+Hall,Warsan Fourth
CNT2132973367,2025-11-01,70000,1bed room+Hall,Mankhool
CRT2131571216,2025-06-30,40000,1bed room+Hall,Abu Hail
CNT2134140355,2025-10-15,48000,Room in labor Camp,Muhaisanah Second
CNT2132996418,2025-12-21,129800,Office,Al Thanyah First
CNT2131524931,2025-06-25,15000,Office,Al Nahda Second
CNT2129926526,2025-02-26,37791,Office,Al Nahda First
CNT2134323295,2026-01-20,15000,Office,Business Bay
CNT2131842045,2025-07-10,1010100,Hotel,Rega Al Buteen
CNT2127960603,2025-01-14,20000,Office,Hor Al Anz
CNT2127973051,2025-01-14,20000,Office,Hor Al Anz
CNT2132297172,2025-08-19,15000,Office,Mankhool
CNT2132102761,2025-08-01,130753,Office,Port Saeed
CNT2133610111,2025-04-24,47000,Office,Hor Al Anz
CNT2131389338,2025-06-19,10000,Office,Trade Center First
CNT2133832443,2026-01-01,50820,2 bed rooms+hall,Al Nahda Second
CNT2133734666,2025-12-05,107308,Studio,Business Bay
CNT2131534702,2025-06-27,30000,Shop,Al Bada
CRT2131392576,2025-07-01,450000,Office,Business Bay
CNT2132807393,2025-10-20,93000,2 bed rooms+hall,Al Murqabat
CNT2133467193,2025-11-12,36000,Studio,Me'Aisem First
CNT2132393314,2025-08-17,90000,1bed room+Hall,Al Jadaf
CNT2133283972,2025-11-04,73500,1bed room+Hall,Jabal Ali First
CNT2133810653,2025-11-18,154608,1bed room+Hall,Jumeirah First
CNT2130822542,2025-04-15,2527200,Room in labor Camp,Al Goze Third
CNT2132289437,2025-08-19,335674,Office,Zaabeel Second
CNT2134007841,2026-01-01,67500,2 bed rooms+hall,Al Nahda Second
CNT2128134210,2025-01-09,35000,1bed room+Hall,Al Warsan First
CNT2133225741,2025-10-15,44400,1bed room+Hall,Al Barsha South Fourth
CNT2131031066,2025-06-01,50000,Studio,Al Nahda First
CNT2133916643,2025-12-22,140000,Office,Al Thanyah Fifth
CNT2130987970,2025-05-11,24407,Studio,Al Warsan First
CNT2132782918,2025-09-24,46200,1bed room+Hall,Mirdif
CRT2133039676,2025-10-20,70000,1bed room+Hall,Al Merkadh
CNT2132829347,2025-09-30,15000,Office,Al Mararr
CNT2131242077,2025-06-16,39999,1bed room+Hall,Muhaisanah Fourth
CNT2133281929,2025-11-01,41800,1bed room+Hall,Al Nahda Second
CNT2133827962,2025-12-10,30000,1bed room+Hall,Al Suq Al Kabeer
CNT2132181784,2025-08-08,44000,Office,Mankhool
CNT2131111303,2025-05-29,26700,Office,Al Karama
CNT2133297800,2025-11-03,20000,Office,Saih Shuaib 2
CRT2133205150,2025-11-14,130000,2 bed rooms+hall,Al Barsha South Fourth
CNT2132706286,2025-09-13,76000,2 bed rooms+hall,Al Karama
CNT2133029898,2025-10-08,170000,2 bed rooms+hall,Al Khairan First
CNT2132473230,2025-09-01,2751000,Staff Accommodatoion,Al Warsan Third
CNT2129645448,2025-02-01,58000,2 bed rooms+hall,Wadi Al Safa 2
CNT2131362802,2025-04-16,411872,Shop,Burj Khalifa
CNT2129940904,2025-02-26,480000,2 bed rooms+hall,Al Goze Industrial Second
CNT2133152308,2025-08-25,164160,kitchen,Marsa Dubai
CNT2128954692,2025-02-21,52500,2 bed rooms+hall,Muhaisanah Fourth
CNT2131045228,2025-06-01,110000,2 bed rooms+hall,Al Mararr
CNT2130123367,2025-02-15,126720,Room in labor Camp,Jabal Ali Industrial First
CNT2127873863,2025-01-10,9005559,Room in labor Camp,Jabal Ali Industrial First
CNT2131347690,2025-06-17,13000,Office,Al Raffa
CNT2133763046,2026-01-06,52000,1bed room+Hall,Madinat Al Mataar
CNT2133606194,2025-06-21,65660,Office,Al Garhoud
CNT2133138568,2025-10-01,50000,Shop,Al Bada
CRT2133860306,2025-12-20,150000,3 bed rooms+hall,Al Yelayiss 2
CNT2131678993,2025-07-02,15000,Office,Dubai Investment Park Second
CNT2133275153,2025-10-30,34914,Studio,Jabal Ali First
CRT2131830356,2025-07-25,178500,2 bed rooms+hall,Burj Khalifa
CNT2130291748,2025-03-01,2100000,Room in labor Camp,Jabal Ali Industrial First
CNT2132851569,2025-10-01,5896800,Room in labor Camp,Jabal Ali Industrial First
CRT2131371696,2025-02-01,100000,Shop,Eyal Nasser
CNT2130685455,2025-05-01,185000,2 bed rooms+hall,Burj Khalifa
CNT2128818007,2025-04-01,109107,2 bed rooms+hall,Marsa Dubai
CRT2131146906,2025-05-15,96000,3 bed rooms+hall,Mirdif
CNT2131289215,2025-04-29,1586400,Room in labor Camp,Muhaisanah Second
CNT2130245068,2025-05-20,66150,2 bed rooms+hall,Nadd Hessa
CNT2132643954,2025-09-16,20000,Office,Dubai Investment Park Second
CNT2131736297,2025-07-07,280000,Room in labor Camp,Jabal Ali Industrial First
CNT2131265989,2025-06-11,15000,Office,Al Barsha First
CNT2130753635,2025-04-11,101722,Shop,AL TWAR FIFTH
CRT2131993476,2025-07-14,120750,4 bed rooms+hall,Mirdif
CNT2132404648,2025-07-07,70000,3 bed rooms+hall,AL TWAR FIFTH
CNT2133630560,2025-09-01,6415030,Office,Trade Center Second
CNT2133699220,2025-12-01,18000,Office,Al Hamriya Port
CRT2131803696,2025-06-20,100000,Hotel,Al Rowaiyah First
CRT2131792266,2025-07-07,42000,Hotel,Jabal Ali First
CNT2131484838,2025-07-20,75000,3 bed rooms+hall,AL QUSAIS
CNT2133702731,2025-11-15,93000,1bed room+Hall,Business Bay
CNT2132105431,2025-08-01,65142,1bed room+Hall,Mirdif
CNT2130335660,2025-03-29,15000,Office,Al Khabeesi
CNT2130360464,2025-03-15,1058400,Room in labor Camp,Muhaisanah Second
CNT2134037713,2025-12-01,264451,Shop,Naif
CNT2130435156,2025-04-25,90000,2 bed rooms+hall,Madinat Al Mataar
CNT2134207738,2026-01-12,20000,Office,Dubai Investment Park First
CNT2133226658,2025-07-01,38400,Room in labor Camp,Al Goze Industrial First
CNT2131551595,2025-05-01,30000,Room in labor Camp,Al Goze Industrial Second
CNT2131724001,2025-07-15,52000,2 bed rooms+hall,Al Warsan First
CNT2131329877,2025-05-31,70280,2 bed rooms+hall,Al Muteena
CNT2131357977,2025-05-01,4032000,Room in labor Camp,Al Ttay
CNT2130477963,2025-01-01,90000,3 bed rooms+hall,Al Murqabat
CRT2131103286,2025-06-01,53130,1bed room+Hall,Jabal Ali First
CRT2132014056,2025-08-01,52140,Shop,Al Suq Al Kabeer
CNT2132022849,2025-08-01,36000,Studio,Me'Aisem First
CRT2133318156,2025-11-05,120000,1bed room+Hall,Hadaeq Sheikh Mohammed Bin Rashid
CRT2128815276,2025-02-01,60000,1bed room+Hall,Al Hebiah Fourth
CRT2129867106,2025-02-28,120000,2 bed rooms+hall,Al Barshaa South Third
CNT2129856884,2025-02-01,4860000,Labor Camp,Muhaisanah Second
CNT2128488581,2025-01-23,20000,Office,Hor Al Anz
CNT2131729874,2025-06-25,1184400,Room in labor Camp,Dubai Investment Park Second
CNT2132221714,2025-08-12,10000,Office,Mankhool
CNT2130336705,2025-03-29,15000,Office,Al Mararr
CNT2131963977,2025-07-20,2489000,Staff Accommodatoion,Al Warsan Third
CNT2129825492,2025-02-25,36383,2 bed rooms+hall,Muhaisanah Fourth
CRT2131745846,2025-07-07,65000,Studio,Al Thanyah Fifth
CNT2132977508,2025-09-25,115000,2 bed rooms+hall,Business Bay
CNT2130658518,2025-05-01,135000,Office,Business Bay
CNT2133019259,2025-10-14,19000,Office,Al Baraha
CNT2131574666,2025-06-24,297000,5 bed rooms+hall,Nad Al Shiba Third
CNT2130769228,2025-01-01,770318,Office,Al Rowaiyah Third
CNT2130193457,2025-04-20,37800,2 bed rooms+hall,AL TWAR FIFTH
CNT2133696565,2025-11-15,46000,Shop,Al Warsan First
CNT2132549301,2025-09-08,20000,Studio,Al Mararr
CNT2131672117,2025-07-02,15000,Office,Business Bay
CNT2129191225,2025-02-06,20000,Office,Port Saeed
CNT2133965717,2026-01-25,75000,2 bed rooms+hall,Al Nahda Second
CRT2130295866,2025-03-15,250000,2 bed rooms+hall,Palm Jumeirah
CNT2133157718,2025-10-23,15000,Office,Al Goze Third
CNT2128734901,2025-01-01,44000,Shop,Ras Al Khor Industrial Third
CNT2133812689,2025-12-01,157600,Office,Al Raffa
CNT2131140101,2025-06-01,63945,1bed room+Hall,Um Hurair First
CNT2132581156,2025-09-28,92400,2 bed rooms+hall,Al-Cornich
CNT2134117861,2026-01-06,10000,Office,Oud Metha
CNT2126540414,2025-01-10,49500,1bed room+Hall,Wadi Al Safa 3
CRT2130672947,2025-04-03,95000,2 bed rooms+hall,Al Barsha First
CRT2130006482,2025-03-15,80000,1bed room+Hall,Al Thanyah Fifth
CNT2133397907,2025-11-20,63000,2 bed rooms+hall,Al Nahda Second
CNT2133877850,2025-12-01,115200,Room in labor Camp,Al Goze Industrial Third
CRT2134135296,2026-01-08,113000,1bed room+Hall,Al Khairan First
CRT2127491216,2025-01-01,5000000,3 bed rooms+hall,Dubai Investment Park Second
CRT2133693666,2025-12-15,85000,2 bed rooms+hall,Madinat Al Mataar
CNT2131792319,2025-08-28,57200,2 bed rooms+hall,Wadi Al Safa 5
CNT2131931949,2025-07-18,39000,1bed room+Hall,Madinat Hind 4
CRT2133254186,2025-11-01,40000,Studio,Al Barsha South Fourth
CNT2130387135,2025-03-27,110000,3 bed rooms+hall,Al Thanyah First
CNT2130775258,2025-05-01,121000,Warehouse,Al Goze Industrial Fourth
CNT2130764960,2025-05-01,39000,1bed room+Hall,Al Nahda First
CNT2134219055,2025-10-04,155010,Warehouse,Saih Shuaib 2
CNT2132925927,2025-10-15,320000,5 bed rooms+hall,Al Wasl
CNT2133068885,2025-10-17,35000,Office,Al Mararr
CNT2132747759,2025-09-21,94500,1bed room+Hall,Hadaeq Sheikh Mohammed Bin Rashid
CNT2130526968,2025-04-11,34800,Room in labor Camp,Al Goze Third
CNT2128964742,2025-04-01,52000,2 bed rooms+hall,Al Nahda Second
CNT2133883137,2025-12-05,110000,3 bed rooms+hall,Oud Metha
CNT2130325762,2025-09-01,35307,Shop,Al Goze Industrial Third
CNT2132615335,2025-09-01,36750,1bed room+Hall,Al Nahda Second
CNT2132812246,2025-09-29,15000,Office,Business Bay
CNT2134014062,2026-01-04,62000,1bed room+Hall,Nadd Hessa
CNT2132469923,2025-08-15,48500,1bed room+Hall,Nadd Hessa
CNT2131100138,2025-06-01,250000,3 bed rooms+hall,Wadi Al Safa 6
CNT2132005903,2025-07-20,100000,1bed room+Hall,Burj Khalifa
CNT2130852407,2025-05-14,126000,Room in labor Camp,Muhaisanah Second
CNT2132748423,2025-09-27,90000,2 bed rooms+hall,Al Thanyah First
CNT2126886205,2025-01-01,32000,2 bed rooms+hall,AL QUSAIS
CNT2133743815,2025-12-01,54500,1bed room+Hall,Al Hamriya
CNT2134306280,2025-10-17,25659,Labor Camp,Jabal Ali Industrial First
CNT2131729874,2025-06-25,1184400,Room in labor Camp,Dubai Investment Park Second
CNT2132304427,2025-08-06,72450,3 bed rooms+hall,Muhaisanah Fourth
CRT2127454736,2025-01-01,186000,6 bed rooms+hall,Al Bada
CNT2130087406,2025-03-01,120000,2 bed rooms+hall,Trade Center First
CNT2133050093,2025-10-10,85000,2 bed rooms+hall,Al Thanyah Fifth
CNT2131978698,2025-07-24,15000,Office,Al Mararr
CRT2131305756,2025-06-14,1000000,2 bed rooms+hall,Madinat Al Mataar
CNT2130863037,2025-05-30,178250,3 bed rooms+hall,Jumeirah Second
CRT2131666253,2025-07-18,185000,4 bed rooms+hall,Wadi Al Safa 3
CNT2130335916,2025-03-15,1611000,Room in labor Camp,Muhaisanah Second
CNT2131382126,2025-06-01,78000,2 bed rooms+hall,Trade Center Second
CNT2131868021,2025-07-16,15000,Office,Al Goze Industrial Third
CNT2129595635,2025-02-18,75000,1bed room+Hall,Al Barsha South Fourth
CNT2128526589,2025-01-25,35000,Studio,Al Hebiah Fourth
CRT2132939894,2025-10-01,80000,Studio,Al Jadaf
CNT2134046438,2025-12-25,110000,2 bed rooms+hall,Al Barsha First
CNT2131035469,2025-05-05,77396,2 bed rooms+hall,Mirdif
CNT2133164916,2025-10-05,140000,Office,Al Murqabat
CNT2132976262,2025-10-10,70000,1bed room+Hall,Jabal Ali First
CNT2133972490,2025-12-24,22000,Studio,Naif
CNT2130497383,2025-04-10,89556,3 bed rooms+hall,Madinat Hind 4
CNT2130509255,2025-06-01,230000,5 bed rooms+hall,Al Barsha First
CNT2133167032,2025-10-29,64999,1bed room+Hall,Jabal Ali First
CRT2131804466,2025-05-01,92000,Restaurant,Al Suq Al Kabeer
CNT2133465567,2025-11-01,345600,Room in labor Camp,Madinat Dubai Almelaheyah
CNT2134198472,2026-01-12,19000,Office,Al Mararr
CRT2129441256,2025-02-10,60000,1bed room+Hall,Al Hebiah Fifth
CNT2133294139,2025-11-03,22000,Office,Al Raffa
CRT2130265736,2025-02-10,892500,Shop,Al Garhoud
CNT2132595603,2025-07-01,203000,Shop,Al Ras
CNT2130943639,2025-05-16,15000,Office,Mankhool
CNT2134074617,2026-01-10,61500,3 bed rooms+hall,Al Qusais Industrial Fifth
CRT2129577746,2025-01-28,72000,Studio,Business Bay
CNT2127873863,2025-01-10,9005559,Room in labor Camp,Jabal Ali Industrial First
CNT2128135920,2025-01-01,35000,Office,Al Rega
CRT2132889096,2025-10-01,2400,Office,Business Bay
CNT2128273388,2025-03-01,63000,1bed room+Hall,Al Rega
CNT2131131819,2025-04-01,12000000,Room in labor Camp,Al Goze Third
CRT2132418536,2025-08-11,115000,2 bed rooms+hall,Al Merkadh
CNT2134191905,2026-01-12,15000,Office,Al Murqabat
CNT2131851145,2025-07-25,245000,2 bed rooms+hall,Marsa Dubai
CNT2134223560,2026-01-18,50000,Studio,Wadi Al Safa 2
CNT2131537887,2025-07-25,42999,2 bed rooms+hall,Ras Al Khor Industrial Third
CNT2130028225,2025-03-05,60000,1bed room+Hall,Al Barsha South Fourth
CNT2127049154,2025-04-17,160000,Shop,Al Warqa First
CRT2130435466,2025-04-24,150000,1bed room+Hall,Al Thanyah Third
CNT2133195287,2025-10-27,20000,Office,Jabal Ali Industrial First
CNT2132158370,2025-08-29,95000,2 bed rooms+hall,Madinat Al Mataar
CNT2133214043,2025-07-27,403200,1bed room+Hall,Dubai Investment Park Second
CNT2128106519,2025-03-25,62000,1bed room+Hall,Al Thanyah Fifth
CNT2130830153,2025-05-05,57233,1bed room+Hall,Jabal Ali First
CNT2132692153,2025-07-01,44100,Office,Trade Center First
CNT2133895154,2025-12-01,605546,Studio,Al Hebiah Fifth
CNT2134100451,2026-01-03,178500,3 bed rooms+hall,Al Wasl
CNT2130334665,2025-04-11,275000,Shop,Al Suq Al Kabeer
CNT2132050649,2025-09-21,60000,2 bed rooms+hall,Al Goze Industrial Second
CNT2130071847,2025-03-10,350000,Room in labor Camp,Muhaisanah Second
CNT2125531568,2025-02-10,50000,1bed room+Hall,Al Murqabat
CNT2130746017,2025-05-02,89000,3 bed rooms+hall,Madinat Al Mataar
CNT2128737851,2025-02-01,250000,3 bed rooms+hall,Business Bay
CRT2130661217,2025-05-01,35000,Studio,Al Barsha South Fifth
CNT2132632271,2025-09-08,80000,3 bed rooms+hall,Madinat Hind 4
CNT2132376888,2025-08-10,315000,Room in labor Camp,Muhaisanah Second
CRT2132877504,2025-10-06,130000,3 bed rooms+hall,Al Yelayiss 2
CNT2130280321,2025-04-05,60000,Studio,Nad Al Shiba Third
CNT2132140276,2025-08-06,30000,Studio,Al Warsan First
CNT2130959877,2025-05-26,59500,2 bed rooms+hall,Ras Al Khor Industrial Third
CNT2130337262,2025-03-01,1096000,Office,Al Garhoud
CNT2131422947,2025-06-20,45000,1bed room+Hall,Muhaisanah Fourth
CNT2130363977,2025-02-01,36000,Room in labor Camp,Al Goze Industrial First
CNT2130207103,2025-03-01,1250000,1bed room+Hall,Al Karama
CNT2132419132,2025-08-28,10000,Office,Al Murqabat
CNT2132387707,2025-08-16,1096524,Room in labor Camp,Jabal Ali Industrial First
CNT2129438886,2025-01-01,37674,Office,Al Hamriya Port
CNT2129899808,2025-02-24,15000,Office,Dubai Investment Park First
CNT2129056647,2025-02-10,42999,Studio,Jabal Ali First
CNT2130427204,2025-01-01,1004400,Room in labor Camp,Muhaisanah Second
CNT2131676295,2025-06-21,3000000,Labor Camp,Jabal Ali Industrial First
CNT2134295429,2025-11-29,53904,Shop,Al Hamriya
CNT2133817783,2026-01-01,200000,Shop with a mezzanine,Naif
CNT2130094723,2025-03-01,139750,Shop,Al Kheeran
CNT2130104249,2025-02-17,495403,Shop,Hadaeq Sheikh Mohammed Bin Rashid
CRT2132683564,2025-09-15,90000,1bed room+Hall,Al Thanyah Fifth
CNT2128962590,2025-02-01,3600000,Room in labor Camp,Al Goze Industrial Second
CNT2131785521,2025-07-10,20000,Office,Jabal Ali Industrial First
CNT2129889869,2025-02-01,40000,Shop,Muhaisanah Second
CNT2129920886,2025-01-27,162620,Office,Business Bay
CNT2132701408,2025-09-19,15000,Office,Al Mararr
CNT2133350691,2025-11-06,25000,Office,Saih Shuaib 3
CNT2134228662,2026-02-01,42000,1bed room+Hall,Al Raffa
CRT2131229916,2025-05-26,45000,1bed room+Hall,Muhaisanah Fourth
CNT2133417767,2025-11-17,49000,2 bed rooms+hall,Al Nahda Second
CNT2126874049,2025-01-01,30590,Studio,Al Suq Al Kabeer
CNT2132120663,2025-08-05,15000,Office,Al Goze Industrial First
CNT2132570494,2025-09-01,110000,3 bed rooms+hall,Trade Center First
CNT2130057101,2025-03-06,75000,Office,Al Barshaa South Third
CNT2131065098,2025-05-05,62000,Office,Um Hurair Second
CNT2132948407,2025-09-15,643204,Office,Trade Center Second
CNT2130175572,2025-03-17,15000,Office,Al Khabeesi
CNT2131970317,2025-05-01,170300,Warehouse,Jabal Ali Industrial First
CNT2132625720,2025-04-15,83000,2 bed rooms+hall,Al Barsha First
CRT2132372056,2025-09-01,180000,Office,Al Thanyah Fifth
CNT2133278657,2025-11-01,20000,Office,Al Goze Industrial Third
CNT2131123669,2025-06-05,23000,Studio,Naif
CRT2131501246,2025-06-01,145000,3 bed rooms+hall,Jabal Ali First
CNT2130909906,2025-05-30,60000,2 bed rooms+hall,Al Goze Industrial Second
CNT2132780662,2025-10-01,145000,3 bed rooms+hall,Al Barshaa South Third
CNT2131157390,2025-06-02,15000,Office,Al Khabeesi
CNT2132262635,2025-08-01,768000,Room in labor Camp,Al Goze Third
CNT2133566496,2025-12-15,280000,3 bed rooms+hall,Palm Jumeirah
CNT2133313929,2025-11-04,15000,Office,Port Saeed
CNT2133745760,2025-12-15,78000,1bed room+Hall,Al Barshaa South Third
CNT2132427775,2025-09-03,42000,Studio,Dubai Investment Park Second
CNT2128137074,2025-01-19,490000,Room in labor Camp,Jabal Ali Industrial First
CNT2133661973,2025-11-26,77000,1bed room+Hall,Al Jadaf
CNT2130087143,2025-01-01,380362,Warehouse,Al Goze Industrial First
CNT2131350795,2025-05-01,125000,3 bed rooms+hall,Al Murqabat
CRT2128064786,2025-01-10,415000,4 bed rooms+hall,Wadi Al Safa 7
CNT2126494630,2025-01-01,32000,2 bed rooms+hall,Muhaisanah Fourth
CNT2129867194,2025-02-01,654658,Labor Camp,Al Goze Industrial Second
CNT2131567503,2025-03-20,130000,Shop,Dubai Investment Park First
CRT2131772596,2025-05-25,63000,Shop,Nad Al Shiba First
CRT2131027986,2025-05-24,155000,1bed room+Hall,Business Bay
CNT2132928894,2025-06-02,25776,Room in labor Camp,Al Goze Industrial Second
CRT2133700616,2026-01-10,210000,4 bed rooms+hall,Wadi Al Safa 3
CNT2133520316,2025-10-11,65000,Studio,Al Barsha South Fourth
CRT2132672666,2025-10-01,35000,1bed room+Hall,Al Qusais Industrial Fourth
CNT2132349549,2025-08-30,22680,Studio,Naif
CRT2133340606,2025-11-05,108000,2 bed rooms+hall,Al Merkadh
CNT2129941915,2025-03-10,105000,2 bed rooms+hall,Al Karama
CNT2130683236,2025-04-01,1728000,Room in labor Camp,Al Goze Third
CNT2131368377,2025-06-23,108000,3 bed rooms+hall,Al Murqabat
CNT2134262275,2026-01-02,1707368,Room in labor Camp,Jabal Ali Industrial First
CNT2130335409,2025-03-01,74600,Shop,Eyal Nasser
CNT2132954490,2025-10-13,36000,Studio,Jabal Ali First
CRT2130218166,2025-02-25,75000,2 bed rooms+hall,Al Nahda First
CNT2126848392,2025-01-01,22000,Studio,Naif
CNT2133445289,2025-10-22,52093,2 bed rooms+hall,Hessyan First
CRT2129362756,2025-02-07,87000,2 bed rooms+hall,Jabal Ali First
CNT2131945103,2025-07-22,12000,Office,Naif
CNT2125343515,2025-01-18,55000,1bed room+Hall,Nad Al Hamar
CNT2131067007,2025-05-12,84000,Warehouse,Al Goze Industrial Fourth
CNT2133728900,2025-11-04,65000,1bed room+Hall,Al Suq Al Kabeer
CRT2132509576,2025-10-01,135000,3 bed rooms+hall,Madinat Al Mataar
CNT2131335289,2025-08-01,107000,2 bed rooms+hall,Al Thanyah Fifth
CNT2133555025,2025-10-16,40000,Studio,Al Barsha First
CNT2130507292,2025-02-02,200000,Open Land,Um Ramool
CNT2134039357,2026-01-01,99500,Shop,Nad Al Hamar
CNT2130008132,2025-02-20,95000,Shop,Al Thanyah Fifth
CNT2130995841,2025-05-20,15000,Office,Al Khabeesi
CNT2133982502,2025-11-15,7000000,Studio,Al Goze Fourth
CNT2128439928,2025-01-01,85000,Shop,Al Suq Al Kabeer
CNT2130238898,2025-03-21,2361600,Room in labor Camp,Al Goze Third
CNT2133643985,2025-12-14,35999,1bed room+Hall,Muhaisanah Fourth
CRT2132937966,2025-10-15,150000,2 bed rooms+hall,Al Merkadh
CNT2132646869,2025-10-27,69734,3 bed rooms+hall,Hessyan First
CNT2130873117,2025-05-07,120000,,Al Goze Industrial Third
CRT2131984326,2025-07-01,275625,5 bed rooms+hall,Al Barshaa South Second
CNT2134102219,2026-01-07,75000,2 bed rooms+hall,Al Barshaa South Third
CNT2132320662,2025-08-01,100000,Office,Al Qusais Industrial Second
CNT2133454139,2025-10-21,93000,Shop,Al Satwa
CNT2131740404,2025-06-01,40580,Office,Oud Metha
CNT2134120215,2026-01-01,160000,Warehouse,Al Goze Industrial Third
CNT2133142901,2025-10-05,43750,Kiosk,Mankhool
CNT2132922811,2026-01-01,35000,1bed room+Hall,Al Muteena
CNT2133500156,2025-11-25,93000,2 bed rooms+hall,Nad Al Hamar
CNT2133004664,2025-08-31,49000,Shop,Al Dhagaya
CNT2130289216,2025-03-14,216000,Room in labor Camp,Dubai Investment Park Second
CNT2131369637,2025-05-01,33600,Room in labor Camp,Al Goze Third
CNT2130815598,2025-05-06,45000,1bed room+Hall,Me'Aisem First
CNT2131326497,2025-06-16,13000,Office,Ras Al Khor Industrial Second
CNT2133155291,2025-10-23,20000,Office,Ras Al Khor Industrial Second
CNT2132119819,2025-07-06,288000,Labor Camp,Muhaisanah Second
CNT2130606432,2025-04-22,62000,Office,Al Nahda Second
CNT2132395786,2025-08-10,54000,2 bed rooms+hall,AL QUSAIS
CRT2130169336,2025-03-15,80000,1bed room+Hall,Al Merkadh
CNT2128271835,2025-01-20,117000,2 bed rooms+hall,Madinat Al Mataar
CNT2132903595,2025-09-30,102000,3 bed rooms+hall,Al Nahda First
CNT2131522485,2025-08-07,30188,Studio,Wadi Al Safa 5
CNT2133310172,2025-11-01,276000,Room in labor Camp,Muhaisanah Second
CNT2132565381,2025-09-09,15000,Office,Al Suq Al Kabeer
CNT2134059547,2026-01-01,48000,Room in labor Camp,Al Warsan Second
CNT2132746501,2025-02-20,48000,Shop with a mezzanine,Al Suq Al Kabeer
CNT2134220970,2026-01-22,180000,1bed room+Hall,Palm Jumeirah
CRT2132125036,2025-08-01,41000,Studio,Al Barsha South Fourth
CRT2131107766,2025-01-19,94000,1bed room+Hall,Business Bay
CNT2134216907,2025-12-26,4235941,Room in labor Camp,Muhaisanah Second
CNT2132186451,2025-07-26,49500,2 bed rooms+hall,Al Nahda Second
CRT2131197316,2025-07-01,130000,Office,Business Bay
CNT2132320201,2025-08-25,69300,2 bed rooms+hall,Al Karama
CNT2132178058,2025-07-10,34650,Office,Al Warsan First
CNT2132341781,2025-02-25,76800,Room in labor Camp,Jabal Ali Industrial First
CNT2134085811,2026-01-01,100800,Office,Mankhool
CNT2133272378,2025-10-20,52500,1bed room+Hall,Al Barsha South Fourth
CNT2133422443,2025-11-12,52000,Studio,Wadi Al Safa 7
CNT2130495171,2025-04-14,15000,Office,Al Goze Industrial First
CNT2132944459,2025-09-01,77039,2 bed rooms+hall,Al Thanyah First
CNT2134237331,2026-01-24,55000,Studio,Al Thanyah First
CNT2131655179,2025-07-01,15000,Office,Naif
CNT2132194007,2025-07-28,45000,Warehouse,Al Goze Industrial Third
CRT2127073006,2025-01-01,44000,Studio,Wadi Al Safa 7
CNT2133211487,2025-10-28,20000,Office,Al Goze Industrial First
CNT2129056197,2025-01-10,470016,Room in labor Camp,Jabal Ali Industrial First
CNT2129446168,2025-02-10,37000,1bed room+Hall,Al Warsan First
CRT2130673616,2025-05-05,80000,2 bed rooms+hall,Al Barsha South Fourth
CNT2129268632,2025-02-08,15000,Office,Wadi Al Safa 2
CNT2131746484,2025-07-01,270000,2 bed rooms+hall,Saih Shuaib 2
CNT2130479507,2025-05-01,36383,2 bed rooms+hall,Muhaisanah Fourth
CRT2129126346,2025-01-14,36000,Studio,Al Hebiah Fourth
CNT2132956798,2025-11-15,985410,Office,Madinat Al Mataar
CNT2133992413,2025-12-01,63000,1bed room+Hall,Um Hurair First
CNT2128037995,2025-01-15,15000,Office,Naif
CNT2129816703,2025-02-18,15000,Office,Business Bay
CRT2131350886,2025-01-01,33000,Studio,Nadd Hessa
CNT2132125096,2025-07-31,70000,Warehouse,Al Qusais Industrial First
CNT2132530549,2025-08-21,108000,Room in labor Camp,Al Goze Third
CNT2133790006,2025-12-15,60850,2 bed rooms+hall,Al Nahda Second
CNT2132735721,2025-08-01,150404,Labor Camp,Muhaisanah Second
CNT2130808415,2025-05-06,58000,1bed room+Hall,Nadd Hessa
CNT2130867880,2025-06-01,67846,2 bed rooms+hall,Al Mamzer
CRT2130002106,2025-02-15,260000,Shop,Al Dhagaya
CNT2131513848,2025-04-26,154000,2 bed rooms+hall,Nadd Hessa
CNT2133556102,2026-02-01,64033,1bed room+Hall,Al Thanyah First
CNT2131013100,2025-05-14,85510,Office,Nadd Hessa
CNT2133089841,2025-10-24,67500,1bed room+Hall,Al Murqabat
CRT2133919306,2025-12-22,245000,4 bed rooms+hall,Al Hebiah Fourth
CNT2130408896,2025-04-05,75000,2 bed rooms+hall,Al Karama
CNT2129856884,2025-02-01,4860000,Labor Camp,Muhaisanah Second
CRT2130294736,2025-03-25,20000,Shop,Al Warsan First
CNT2128449212,2025-01-22,15000,Office,Dubai Investment Park First
CNT2130426938,2025-04-20,38000,Studio,Warsan Fourth
CNT2133913550,2025-11-10,48000,Studio,Jabal Ali First
CNT2130299144,2025-03-26,15000,Office,Hor Al Anz
CNT2132294462,2025-09-15,41000,Office,Oud Metha
CNT2130015736,2025-01-01,712800,Room in labor Camp,Al Goze Industrial First
CRT2130121266,2025-02-10,36750,Hotel,Jabal Ali First
CRT2133897499,2025-12-23,85000,2 bed rooms+hall,Al Hebiah Second
CRT2128492466,2025-01-17,41754,Studio,Al Thanyah Fifth
CNT2130280575,2025-01-15,64260,1bed room+Hall,Al Jadaf
CNT2133528816,2025-11-18,15000,Office,Business Bay
CNT2130818949,2025-05-07,10000,Office,Al Barsha First
CNT2127470690,2025-01-06,12000,Office,Al Hebiah First
CRT2132539216,2025-09-08,55000,Studio,Al Barshaa South Third
CNT2132074015,2025-08-26,16500,Shop,Al Suq Al Kabeer
CNT2133608818,2025-12-01,65000,1bed room+Hall,Mankhool
CNT2132066205,2025-08-01,2436923,Room in labor Camp,Jabal Ali Industrial First
CNT2132257961,2025-07-26,72000,Studio,Al Merkadh
CNT2133485239,2025-10-26,64254,Office,Al Buteen
CNT2132253062,2025-07-01,3388558,Office,Zaabeel First
CNT2132645741,2025-09-30,81900,2 bed rooms+hall,Bukadra
CNT2133870727,2025-11-15,53000,2 bed rooms+hall,Al Murqabat
CNT2133519795,2025-11-20,68000,Shop,Al Warsan First
CNT2131510536,2025-08-12,28000,Office,Al Garhoud
CNT2130027683,2025-03-01,147000,4 bed rooms+hall,Al Garhoud
CNT2131510428,2025-06-24,540000,Clinic,Oud Metha
CNT2132719192,2025-10-01,63525,2 bed rooms+hall,Al Raffa
CNT2131841579,2025-07-05,20800,Office,Al Baraha
CRT2132900296,2025-07-01,100823,Office,Business Bay
CNT2126819917,2025-01-01,39500,2 bed rooms+hall,AL TWAR FIFTH
CNT2132359575,2025-07-07,49993,1bed room+Hall,Nadd Hessa
CNT2128309225,2025-03-01,52000,1bed room+Hall,AL QUSAIS
CNT2133471837,2025-11-13,25000,Office,Al Goze Third
CNT2129795125,2025-02-17,20000,Office,Saih Shuaib 2
CNT2132525617,2025-09-05,39270,1bed room+Hall,Warsan Fourth
CNT2130233444,2025-04-15,72000,Shop,Dubai Investment Park First
CNT2130315353,2025-03-27,15000,Office,Al Mararr
CNT2133765621,2025-12-13,76615,Studio,Business Bay
CNT2129884316,2025-02-25,120000,3 bed rooms+hall,Al Yelayiss 2
CNT2132831101,2025-10-15,35574,Studio,Al Hebiah Third
CNT2129374146,2025-01-27,36336,Studio,Jabal Ali First
CNT2129885028,2025-02-01,51000,1bed room+Hall,Al Raffa
CRT2134206836,2026-01-16,58000,1bed room+Hall,Madinat Al Mataar
CRT2133440136,2025-11-01,311387,Office,Al Thanyah First
CNT2127575943,2025-01-25,56000,Office,Hor Al Anz
CNT2133911392,2026-01-03,75000,1bed room+Hall,Nadd Hessa
CNT2127247992,2025-01-01,38000,Studio,Al Raffa
CNT2130067522,2025-02-20,90950,Warehouse,Al Khabeesi
CRT2130691406,2025-04-28,80000,2 bed rooms+hall,Madinat Al Mataar
CNT2130806397,2025-05-10,45000,Studio,Al Barsha South Fourth
CNT2133591706,2025-11-23,15000,Office,Al Karama
CNT2133894578,2025-12-01,931790,Studio,Al Hebiah Fifth
CRT2132399006,2025-06-25,120000,2 bed rooms+hall,Business Bay
CNT2132998071,2025-10-13,21000,Office,Dubai Investment Park First
CNT2127386042,2025-01-20,85000,2 bed rooms+hall,Al Barsha South Fourth
CNT2131940223,2025-07-22,15000,Office,Al Goze Industrial Third
CNT2131906952,2025-08-01,90000,2 bed rooms+hall,Al Hamriya
CNT2131409877,2025-06-24,60000,Staff Accommodatoion,Al Goze Industrial Second
CNT2124254822,2025-01-01,29000,Studio,Naif
CNT2132738941,2025-09-23,20000,Office,Al Khabeesi
CNT2132187457,2025-08-19,55550,2 bed rooms+hall,AL QUSAIS
CNT2132775752,2025-10-01,52000,2 bed rooms+hall,Al Warqa First
CNT2132881809,2025-08-20,153600,4 bed rooms+hall,Al Bada
CNT2132406318,2025-10-01,56500,1bed room+Hall,Al Hamriya
CRT2133707776,2025-12-02,150000,2 bed rooms+hall,Business Bay
CNT2129807939,2025-02-22,23000,Studio,Al Goze Fourth
CRT2132784986,2025-09-25,200000,Shop,Al Suq Al Kabeer
CRT2133520666,2025-09-25,330000,4 bed rooms+hall,Al Thanyah Fifth
CNT2131407323,2025-04-06,40000,Studio,Al Raffa
CNT2129904116,2025-02-01,187000,2 bed rooms+hall,Palm Jumeirah
CNT2130248987,2025-03-20,55000,Studio,Al Nahda First
CNT2130431468,2025-01-01,138000,Shop,Al Goze Third
CNT2131892232,2025-07-19,70000,Studio,Al Thanyah First
CNT2134305414,2026-01-19,15000,Office,Hor Al Anz East
CNT2132025485,2025-07-29,15000,Office,Al Muteena
CNT2130687518,2025-08-15,655520,Clinic,Jumeirah First
CNT2129438851,2025-03-09,73700,Office,Trade Center First
CRT2133264586,2025-11-19,78000,1bed room+Hall,Al Hebiah Fourth
CRT2132415026,2025-08-10,130000,2 bed rooms+hall,Al Thanyah Third
CRT2131505496,2025-07-01,84000,2 bed rooms+hall,Jabal Ali First
CNT2128567175,2025-01-01,78000,2 bed rooms+hall,Al Suq Al Kabeer
CNT2132493387,2025-08-01,82500,2 bed rooms+hall,Oud Metha
CNT2132189999,2025-08-01,25000,Studio,Al Warsan First
CNT2130069299,2025-02-01,150000,Room in labor Camp,Al Goze Industrial First
CNT2129447267,2025-02-16,27720,1bed room+Hall,AL QUSAIS
CNT2130425378,2025-04-01,62000,2 bed rooms+hall,AL QUSAIS
CNT2130451630,2025-01-31,393318,Labor Camp,Al Goze Industrial Second
CNT2128300735,2025-01-20,23000,Office,Naif
CNT2134237959,2026-01-14,15000,Office,Al Murqabat
CNT2131945714,2025-07-22,15000,Office,Al Khabeesi
CRT2131657566,2025-06-24,180000,Office,Business Bay
CNT2131554507,2025-07-01,46800,,Jabal Ali Industrial First
CRT2133643216,2025-04-01,97000,1bed room+Hall,Al Kifaf
CNT2131582478,2025-06-20,38000,Studio,Al Mararr
CNT2134278297,2026-02-01,44100,1bed room+Hall,Dubai Investment Park First
CNT2127068574,2025-01-01,94000,Office,Dubai Investment Park Second
CNT2132722780,2025-09-22,20000,Office,Trade Center First
CNT2132296778,2025-08-05,40000,Shop,Hor Al Anz
CNT2131939337,2025-02-20,214200,Warehouse,Al Goze Industrial Third
CNT2132462418,2025-09-01,95000,2 bed rooms+hall,Um Suqaim First
CNT2129851715,2025-04-01,45150,1bed room+Hall,Al Nahda Second
CRT2130962356,2025-07-01,140000,3 bed rooms+hall,Madinat Al Mataar
CNT2133824420,2026-01-25,61500,2 bed rooms+hall,Al Warqa First
CNT2132595255,2025-09-15,120000,1bed room+Hall,Al Khairan First
CNT2130811551,2025-07-01,58000,2 bed rooms+hall,Al Murqabat
CNT2133875240,2025-12-05,317492,Warehouse,Dubai Investment Park First
CNT2134098156,2026-01-01,2798250,2 bed rooms+hall,Um Hurair First
CRT2130109756,2025-03-10,118000,2 bed rooms+hall,Marsa Dubai
CNT2133294033,2025-10-08,1440000,Room in labor Camp,Jabal Ali Industrial First
CNT2130239300,2025-04-01,73800,Room in labor Camp,Jabal Ali Industrial First
CNT2134005801,2025-12-26,15000,Office,Al Raffa
CNT2130616904,2025-04-23,15000,Office,Al Mararr
CNT2132667322,2025-09-17,15000,Office,Al Khabeesi
CNT2131093523,2025-08-02,90179,3 bed rooms+hall,Mirdif
CNT2133953121,2025-08-25,47250,1bed room+Hall,Wadi Al Safa 5
CNT2129185886,2025-02-06,15000,Office,Al Baraha
CNT2131856768,2025-07-01,1044000,6 bed rooms+hall,Saih Shuaib 4
CNT2130749149,2025-04-20,49000,1bed room+Hall,Nad Al Hamar
CNT2130553577,2025-03-13,56000,Office,Business Bay
CNT2133042587,2025-11-01,55000,2 bed rooms+hall,Madinat Al Mataar
CNT2133650083,2026-02-01,260000,5 bed rooms+hall,Jumeirah Third
CNT2129762648,2025-02-17,20000,Office,Saih Shuaib 2
CNT2130186934,2025-02-09,71000,1bed room+Hall,Oud Metha
CRT2134326516,2026-01-20,1239341,Office,Al Thanyah Fifth
CNT2132417487,2025-09-01,65000,2 bed rooms+hall,Al Nahda First
CNT2131209303,2025-05-28,48814,Studio,Al Warsan First
CNT2132511091,2025-09-04,16000,Office,Al Goze Third
CNT2131233318,2025-05-01,40000,1bed room+Hall,Al Nahda Second
CNT2131000720,2025-05-01,34000,1bed room+Hall,Al Muteena
CNT2127871492,2025-01-25,148640,Office,Oud Metha
CNT2132977389,2025-10-11,36225,2 bed rooms+hall,Muhaisanah Fourth
CNT2134171161,2026-01-09,20000,Office,Al Khabeesi
CNT2134083499,2025-12-17,120698,2 bed rooms+hall,Al Safouh Second
CNT2132088517,2025-06-28,800400,Room in labor Camp,Jabal Ali Industrial First
CNT2131877363,2025-07-17,15000,Office,Hor Al Anz
CNT2130491478,2025-04-15,315000,Shop,Al Buteen
CNT2133805373,2025-12-10,15000,Office,Al Goze First
CRT2133844956,2025-12-15,105000,3 bed rooms+hall,Madinat Hind 4
CNT2128498769,2025-01-15,160000,2 bed rooms+hall,Marsa Dubai
CNT2130174614,2025-03-20,48000,Studio,Al Merkadh
CNT2130385997,2025-04-05,15000,Office,Al Khabeesi
CNT2133975719,2025-12-10,60984,1bed room+Hall,Mankhool
CRT2133731466,2025-12-04,15000,Studio,Port Saeed
CNT2133282731,2025-11-01,55000,Office,Eyal Nasser
CNT2129836105,2025-02-15,18700,Office,Al Mararr
CNT2133631974,2025-11-26,15000,Office,Port Saeed
CNT2127765857,2025-01-01,100008,Warehouse,Al Qusais Industrial Fourth
CNT2133989079,2025-12-25,15000,Office,Al Goze Industrial First
CNT2131356257,2025-05-01,43200,Room in labor Camp,Dubai Investment Park Second
CNT2131752290,2025-07-08,20000,Office,Jabal Ali Industrial First
CRT2129971896,2025-02-21,250000,Office,Al Hebiah First
CRT2131288156,2025-06-11,500000,5 bed rooms+hall,Jabal Ali First
CNT2132263007,2025-03-20,1544400,Room in labor Camp,Muhaisanah Second
CNT2133856222,2026-01-01,500000,,AL QUSAIS
CNT2133676411,2025-12-05,27000,Studio,Al Mararr
CNT2131655959,2025-07-05,59605,Shop,Al Warsan First
CRT2130320986,2025-03-01,60000,1bed room+Hall,Hor Al Anz
CRT2133873330,2025-12-14,338182,5 bed rooms+hall,Wadi Al Safa 7
CNT2127503334,2025-01-15,697100,Room in labor Camp,Jabal Ali Industrial First
CNT2134124779,2025-06-01,3400000,Room in labor Camp,Dubai Investment Park Second
CNT2130550709,2025-04-01,37000,1bed room+Hall,Wadi Al Safa 2
CRT2132105996,2025-08-12,80000,1bed room+Hall,Jabal Ali First
CNT2129905964,2025-02-24,16000,Office,Um Hurair Second
CNT2127811072,2025-01-01,3672000,1bed room+Hall,Saih Shuaib 4
CNT2127764167,2025-01-10,55019,3 bed rooms+hall,Al Goze Fourth
CNT2133924009,2025-12-01,271200,Room in labor Camp,Al Goze Industrial Second
CRT2131522866,2025-05-01,58000,Studio,Al Barsha South Fourth
CRT2129991806,2025-02-28,94500,Office,Al Thanyah Fifth
CNT2134254284,2025-11-15,400000,Room in labor Camp,Al Goze Industrial Second
CNT2131710388,2025-06-01,75000,2 bed rooms+hall,Al Murqabat
CNT2131724979,2025-04-15,600000,Room in labor Camp,Al Goze Industrial Second
CNT2131798904,2025-07-17,51500,Studio,Al Rega
CNT2128119512,2025-01-17,15000,Office,Al Goze Industrial Third
CNT2133087827,2025-11-15,41004,1bed room+Hall,Al Goze Industrial Second
CRT2132626266,2025-11-01,70000,1bed room+Hall,Marsa Dubai
CNT2133228429,2025-09-01,80000,Studio,Burj Khalifa
CNT2131201976,2025-05-15,447600,Room in labor Camp,Dubai Investment Park First
CNT2131198796,2025-07-20,63000,1bed room+Hall,Nadd Hessa
CNT2129186671,2025-02-01,60000,Studio,Al Thanyah First
CNT2131859550,2025-07-15,78000,2 bed rooms+hall,Al Murqabat
CNT2130551690,2025-03-01,36750,2 bed rooms+hall,AL TWAR FIFTH
CNT2130260032,2025-04-01,95000,3 bed rooms+hall,Madinat Hind 4
CNT2132597413,2025-09-10,54600,2 bed rooms+hall,Al Nahda First
CRT2133327056,2025-10-01,30000,Open space,Ras Al Khor Industrial Third
CNT2133727494,2025-10-25,38000,Office,Al Barsha First
CNT2131343585,2025-06-05,4896000,Room in labor Camp,Jabal Ali Industrial First
CNT2133212121,2025-10-12,360000,Labor Camp,Jabal Ali Industrial First
CNT2134053601,2026-02-01,4300000,Room in labor Camp,Al Warsan Second
CNT2132660218,2025-08-01,1800000,Room in labor Camp,Jabal Ali Industrial First
CNT2133754948,2025-12-01,45000,1bed room+Hall,Al Dhagaya
CNT2132486253,2025-09-02,40000,Studio,Al Muteena
CNT2131672602,2025-07-13,450000,Clinic,Jumeirah First
CNT2133993583,2026-01-01,70502,2 bed rooms+hall,Al Thanyah First
CNT2133313334,2025-11-01,23000,Studio,Al Mararr
CNT2127591476,2025-01-01,64500,3 bed rooms+hall,Hor Al Anz
CNT2126919595,2025-01-03,220000,2 bed rooms+hall,Burj Khalifa
CNT2126077623,2025-01-01,107100,Shop,Naif
CNT2130061937,2025-02-01,117600,Room in labor Camp,Muhaisanah Second
CNT2131386930,2025-06-24,110000,2 bed rooms+hall,Jabal Ali First
CNT2134000641,2025-11-28,47000,1bed room+Hall,Al Mamzer
CNT2132952745,2025-10-05,62820,Office,Al Rega
CNT2134311745,2026-01-19,20000,Office,Dubai Investment Park First
CNT2134032383,2025-12-29,15000,Office,Al Khabeesi
CNT2132121827,2025-04-20,1800000,Room in labor Camp,Al Goze Industrial Second
CNT2133095715,2025-09-01,51000,1bed room+Hall,Eyal Nasser
CNT2129625765,2025-01-05,34000,Office,Al Suq Al Kabeer
CNT2132372490,2025-08-25,20000,Office,Al Murqabat
CNT2130788215,2025-05-25,90000,2 bed rooms+hall,Al Jadaf
CNT2130909181,2025-01-10,9005559,Room in labor Camp,Jabal Ali Industrial First
CNT2127997830,2025-01-05,48000,1bed room+Hall,Al Hebiah Fourth
CNT2133789903,2025-12-09,16000,Office,Business Bay
CNT2134071478,2026-01-01,125000,3 bed rooms+hall,Al Nahda Second
CNT2132517998,2025-06-01,44850,Office,Mankhool
CNT2130029866,2025-02-20,58190,2 bed rooms+hall,Al Karama
CNT2130701972,2025-06-01,106074,Office,Trade Center First
CNT2132455559,2025-10-10,39000,Studio,Nadd Hessa
CNT2132271297,2025-08-22,45999,Studio,Jabal Ali First
CNT2128047647,2025-01-15,900000,6 bed rooms+hall,Saih Shuaib 4
CNT2130244824,2025-04-01,82221,1bed room+Hall,Al Jadaf
CNT2129868066,2025-02-24,45203,1bed room+Hall,Al Hebiah Fifth
CNT2132942084,2025-10-08,20000,Office,Al Goze First
CNT2130846719,2025-05-15,66000,1bed room+Hall,Al Suq Al Kabeer
CNT2128528852,2025-01-01,54000,1bed room+Hall,Al Mararr
CNT2132916309,2025-10-17,58855,2 bed rooms+hall,Wadi Al Safa 2
CNT2131706376,2025-07-04,15000,Office,Business Bay
CNT2133997599,2025-12-15,672000,Office,Trade Center First
CNT2128281736,2025-01-25,87000,2 bed rooms+hall,Al Raffa
CNT2132688436,2025-09-18,60000,Studio,Al Barsha South Fourth
CRT2133914016,2026-01-15,282548,Office,Al Thanyah Fifth
CNT2132505949,2025-09-05,14400,Room in labor Camp,Al Goze Industrial Third
CNT2132303140,2025-08-19,10000,Office,Naif
CNT2130728041,2025-04-20,73500,2 bed rooms+hall,Mankhool
CNT2132510340,2025-09-07,120000,1bed room+Hall,Business Bay
CNT2132955820,2025-10-08,5400000,Room in labor Camp,Jabal Ali Industrial First
CNT2132472730,2025-09-10,44500,1bed room+Hall,Al Qusais Industrial Fifth
CNT2132369613,2025-08-26,50000,Studio,Al Hebiah Third
CNT2133558674,2025-12-10,130000,2 bed rooms+hall,Jabal Ali First
CNT2133299822,2025-11-01,27000,Office,Naif
CRT2130861436,2025-03-01,918000,1bed room+Hall,Al Ttay
CNT2132672747,2025-09-21,655902,2 bed rooms+hall,Um Hurair First
CNT2131013475,2025-07-01,28000,Studio,Naif
CNT2131388173,2025-06-19,20000,Office,Trade Center First
CNT2130322317,2025-04-01,550000,5 bed rooms+hall,Al Saffa First
CRT2133514546,2025-11-22,42000,Studio,Al Barshaa South Third
CNT2130804906,2025-05-06,49200,1bed room+Hall,Warsan Fourth
CRT2131826876,2025-07-20,120000,2 bed rooms+hall,Marsa Dubai
CNT2126302095,2025-01-16,27000,Room in labor Camp,Saih Shuaib 2
CRT2133345646,2025-12-01,180000,2 bed rooms+hall,Al Thanayah Fourth
CNT2130701443,2025-03-10,40425,1bed room+Hall,Al Barsha South Fourth
CRT2131898386,2025-07-01,42000,1bed room+Hall,Al Warsan First
CRT2130753946,2025-05-05,170000,4 bed rooms+hall,Al Yelayiss 2
CNT2130511785,2025-04-01,51000,1bed room+Hall,Nadd Hessa
CNT2132802963,2025-09-18,45000,1bed room+Hall,AL QUSAIS
CNT2131117328,2025-05-29,15000,Office,Al Khabeesi
CNT2128047556,2025-02-16,38500,1bed room+Hall,Al Nahda Second
CNT2131365140,2025-04-01,69000,Warehouse,Al Khabeesi
CNT2134327198,2026-01-20,20000,Office,Al Raffa
CNT2134069012,2026-01-02,15000,Office,Business Bay
CNT2134185493,2026-01-01,43200,2 bed rooms+hall,Al Nahda Second
CNT2129989487,2025-02-25,126000,Warehouse,Al Goze Industrial Fourth
CNT2133157973,2025-09-04,1033032,Studio,Nadd Hessa
CNT2132264926,2025-08-07,2620000,Staff Accommodatoion,Al Warsan Third
CNT2134019004,2026-01-02,69300,2 bed rooms+hall,Al Karama
CNT2134104386,2026-01-17,5000000,1bed room+Hall,Oud Metha
CNT2132175083,2025-08-08,36750,Office,Business Bay
CNT2131537144,2025-07-15,73000,2 bed rooms+hall,Al Karama
CNT2131076179,2025-06-10,74075,2 bed rooms+hall,Al Muteena
CNT2129962331,2025-01-01,162432,Room in labor Camp,Jabal Ali Industrial First
CNT2129799439,2025-03-01,157080,Office,Trade Center First
CNT2128011359,2025-01-18,37000,Studio,Warsan Fourth
CNT2130039575,2025-03-05,15000,Office,Al Goze Third
CNT2133252217,2025-08-01,3254400,Studio,Dubai Investment Park First
CNT2130050238,2025-03-01,594000,Room in labor Camp,Muhaisanah Second
CNT2132725810,2025-09-02,40000,Shop,Al Mararr
CNT2132505454,2025-07-28,28800,Room in labor Camp,Muhaisanah Second
CNT2133130166,2025-10-22,15000,Office,Al Goze Third
CNT2133942931,2025-11-10,37000,1bed room+Hall,Al Mararr
CNT2131264715,2025-06-01,112000,3 bed rooms+hall,Al Murqabat
CNT2133312885,2025-09-01,75000,2 bed rooms+hall,Um Ramool
CNT2127468972,2025-01-01,58600,1bed room+Hall,Port Saeed
CNT2133580651,2025-10-01,135000,Room in labor Camp,Al Goze Industrial Second
CNT2132373022,2025-08-25,20000,Office,Al Murqabat
CRT2133546776,2025-10-10,45000,2 bed rooms+hall,AL QUSAIS
CNT2132366141,2025-08-30,45983,1bed room+Hall,Ras Al Khor Industrial Third
CNT2127469764,2025-01-01,33000,Shop,Al Aweer First
CNT2132453079,2025-08-28,54000,1bed room+Hall,Al Barsha South Fourth
CNT2130160045,2025-03-14,11000,Office,Al Raffa
CNT2132712109,2025-08-01,129600,Room in labor Camp,Muhaisanah Second
CNT2133701169,2025-10-05,182000,Shop,Al Goze Third
CNT2133421376,2025-11-04,45000,2 bed rooms+hall,Ras Al Khor Industrial Third
CNT2133396286,2025-11-06,20000,Office,Dubai Investment Park First
CNT2131842091,2025-07-25,70900,2 bed rooms+hall,Al Murqabat
CNT2132929466,2025-10-07,15000,Office,Al Muteena
CNT2128489756,2025-01-01,54600,2 bed rooms+hall,Al Nahda Second
CNT2130273357,2025-02-01,720000,Room in labor Camp,Jabal Ali Industrial First
CNT2132176401,2025-07-25,94875,Office,Al Qusais Industrial Second
CNT2128491890,2025-01-23,20000,Office,Business Bay
CNT2130812734,2025-05-15,50000,1bed room+Hall,Al Nahda First
CNT2129974580,2025-02-28,45000,Studio,Jabal Ali Industrial First
CNT2131515326,2025-07-01,11700000,Room in labor Camp,Jabal Ali Industrial First
CNT2129663674,2025-02-22,58000,2 bed rooms+hall,Al Nahda Second
CNT2132553315,2025-09-10,2861538,Room in labor Camp,Al Goze Third
CRT2132390276,2025-08-26,35000,2 bed rooms+hall,Hor Al Anz
CNT2128733484,2025-02-01,26000,Studio,AL QUSAIS
CNT2131951171,2025-07-23,15000,Office,Saih Shuaib 3
CNT2130788907,2025-04-01,123786,Office,Rega Al Buteen
CNT2129943165,2025-02-01,88200,3 bed rooms+hall,Al Karama
CNT2131787137,2025-07-06,78750,2 bed rooms+hall,Al Hamriya
CNT2132358972,2025-07-15,1850000,Room in labor Camp,Jabal Ali Industrial First
CNT2133498823,2025-11-15,20000,Office,Trade Center First
CNT2133542790,2025-11-20,60000,Studio,Al Barsha South Fourth
CNT2132717281,2025-08-10,51000,Studio,Naif
CNT2130859102,2025-05-10,35000,1bed room+Hall,Al Dhagaya
CNT2130478049,2025-04-26,37000,1bed room+Hall,Muhaisanah Fourth
CRT2132049176,2025-07-20,140000,3 bed rooms+hall,Al Barsha South Fourth
CRT2128729902,2025-02-05,45045,1bed room+Hall,Al Hebiah Fifth
CNT2130879371,2025-06-10,123000,2 bed rooms+hall,Port Saeed
CRT2133472116,2025-11-01,1402080,Office,Al Thanyah First
CRT2130753066,2025-05-01,200000,4 bed rooms+hall,Al Khawaneej Second
CNT2131150471,2025-04-15,82400,2 bed rooms+hall,Al Murqabat
CNT2129960985,2025-02-28,150000,2 bed rooms+hall,Trade Center First
CNT2130340707,2025-04-16,204999,3 bed rooms+hall,Business Bay
CNT2134222006,2026-01-01,271800,Office,Business Bay
CNT2131908399,2025-07-05,46200,2 bed rooms+hall,AL QUSAIS
CNT2127663360,2025-01-09,84000,1bed room+Hall,Al Jadaf
CNT2128718298,2025-01-29,15000,Office,Hor Al Anz East
CRT2130799876,2025-05-05,66150,2 bed rooms+hall,Wadi Al Safa 3
CNT2130518914,2025-03-03,38500,Studio,Al Barsha South Fourth
CNT2126372621,2025-01-01,46000,2 bed rooms+hall,Al Qusais Industrial Fifth
CNT2133941470,2025-05-01,23100,Studio,Naif
CNT2131974547,2025-07-01,24000,Room in labor Camp,Al Goze Industrial Fourth
CNT2130552968,2025-04-01,133350,Kiosk,Al Goze Industrial Third
CNT2133446905,2025-11-11,30000,Office,Dubai Investment Park First
CNT2131728057,2025-07-20,7287500,Room in labor Camp,Jabal Ali Industrial First
CRT2133792416,2025-12-09,100000,1bed room+Hall,Al Thanyah Fifth
CNT2132449204,2025-08-30,320000,2 bed rooms+hall,Al Murqabat
CNT2132076007,2025-08-01,45500,1bed room+Hall,Me'Aisem First
CNT2131995902,2025-07-26,117000,2 bed rooms+hall,Al Barsha First
CNT2128318007,2025-01-20,86533,Room in labor Camp,Muhaisanah Second
CNT2129262392,2025-02-07,20000,Office,Business Bay
CNT2131801356,2025-07-01,300136,Office,Oud Metha
CNT2130789945,2025-04-15,48500,2 bed rooms+hall,Al Warqa First
CRT2132824756,2025-07-20,34000,Studio,Jabal Ali First
CNT2128806433,2025-01-06,376200,Room in labor Camp,Saih Shuaib 3
CNT2131793348,2025-07-01,68000,1bed room+Hall,Al Warsan First
CNT2130233252,2025-03-01,90045,Room in labor Camp,Muhaisanah Second
CNT2134075547,2026-01-01,115005,3 bed rooms+hall,Trade Center Second
CNT2132785824,2025-09-01,180000,Room in labor Camp,Muhaisanah Second
CNT2128816276,2025-02-01,225000,4 bed rooms+hall,Um Suqaim First
CNT2131149366,2025-06-01,35000,Studio,Saih Shuaib 2
CRT2133791756,2025-09-10,48000,2 bed rooms+hall,Warsan Fourth
CNT2133818360,2025-12-03,324000,Room in labor Camp,Al Ttay
CNT2130236566,2025-01-15,51200,1bed room+Hall,Jabal Ali First
CNT2130444330,2025-03-01,39300,1bed room+Hall,AL TWAR FIFTH
CNT2130181688,2025-03-21,57000,2 bed rooms+hall,Al Goze Industrial Second
CNT2130609134,2025-02-01,180000,Room in labor Camp,Dubai Investment Park Second
CNT2130718782,2025-05-03,242500,3 bed rooms+hall,Um Hurair Second
CNT2133164110,2025-10-25,39999,2 bed rooms+hall,Muhaisanah Fourth
CNT2130542073,2025-04-15,68000,1bed room+Hall,Al Jadaf
CRT2132488576,2025-09-15,50000,1bed room+Hall,Al Hebiah Third
CNT2132998493,2025-10-17,1603950,Office,Business Bay
CRT2132692096,2025-09-20,80000,1bed room+Hall,Al Thanyah First
CNT2133336625,2025-11-05,20000,Office,Saih Shuaib 2
CNT2132784650,2025-09-15,5100000,Room in labor Camp,Al Goze Industrial Fourth
CNT2133779027,2025-04-06,55000,1bed room+Hall,Nadd Hessa
CNT2133860072,2025-12-15,15000,Office,Trade Center First
CRT2133747606,2025-12-13,90000,1bed room+Hall,Al Barsha South Fourth
CNT2130908457,2025-01-01,373800,,Al Goze Industrial First
CNT2133638856,2025-11-26,20000,Office,Port Saeed
CNT2133237232,2025-06-01,60000,Shop,Al Mararr
CNT2134131556,2026-01-07,15000,Office,Al Khabeesi
CNT2130730267,2025-03-15,227700,Warehouse,Al Khabeesi
CNT2131264717,2025-06-15,70000,2 bed rooms+hall,Jabal Ali Industrial Second
CNT2131856768,2025-07-01,1044000,6 bed rooms+hall,Saih Shuaib 4
CNT2130986847,2025-03-16,115000,Warehouse,Ras Al Khor Industrial First
CRT2130169136,2025-03-20,85000,1bed room+Hall,Nad Al Shiba First
CNT2127401117,2025-01-17,44780,2 bed rooms+hall,Ras Al Khor Industrial Third
CRT2132779736,2025-10-04,88000,1bed room+Hall,Al Barsha South Fourth
CNT2130582403,2025-03-01,55000,1bed room+Hall,Jabal Ali First
CRT2131788906,2025-07-13,85000,2 bed rooms+hall,Al Warsan First
CNT2131405398,2025-06-01,74000,2 bed rooms+hall,Al Thanyah First
CNT2132459858,2025-09-07,38000,1bed room+Hall,Al Qusais Industrial Fifth
CRT2133735816,2025-12-07,160000,2 bed rooms+hall,Business Bay
CNT2127542400,2025-02-15,49500,2 bed rooms+hall,Al Goze Industrial Second
CRT2130350496,2025-04-15,300000,3 bed rooms+hall,Al Merkadh
CNT2132336171,2025-07-01,181500,3 bed rooms+hall,Jumeirah Third
CNT2130674830,2025-03-10,110000,Office,Al Sabkha
CNT2130282840,2025-03-25,20000,Office,Business Bay
CRT2128110276,2025-01-13,105000,Office,Al Thanyah Fifth
CRT2132971943,2025-10-01,200000,4 bed rooms+hall,Al Barsha South Fourth
CNT2130749775,2025-05-05,38250,Office,Jabal Ali First
CNT2132248710,2025-08-14,15000,Office,Port Saeed
CNT2131259985,2025-07-25,99000,3 bed rooms+hall,Mirdif
CRT2129903666,2025-02-23,75000,1bed room+Hall,Business Bay
CNT2129881744,2025-03-28,75387,Shop,Al Karama
CNT2131488435,2025-07-15,130000,4 bed rooms+hall,Al Barsha First
CNT2130931102,2025-05-15,15000,Office,Al Murqabat
CNT2130801859,2025-02-06,366000,Room in labor Camp,Dubai Investment Park First
CNT2130290537,2025-03-26,168000,3 bed rooms+hall,Jumeirah First
CNT2131728533,2025-08-05,7287500,Room in labor Camp,Jabal Ali Industrial First
CNT2130318663,2025-04-01,44100,1bed room+Hall,AL QUSAIS
CNT2132211597,2025-09-05,52874,1bed room+Hall,Al Hebiah First
CNT2130230809,2025-04-10,42735,1bed room+Hall,Nadd Hessa
CNT2133124259,2025-08-15,60000,2 bed rooms+hall,Al Karama
CNT2130013153,2025-03-04,20000,Office,Port Saeed
CNT2134123299,2026-01-07,20000,Office,Business Bay
CNT2130728920,2025-05-15,350000,5 bed rooms+hall,Um Suqaim First
CNT2131772270,2025-06-01,661902,Warehouse,Al Goze Industrial Second
CNT2127426216,2025-01-01,777600,Room in labor Camp,Jabal Ali Industrial First
CNT2130660627,2025-04-28,115000,1bed room+Hall,Marsa Dubai
CNT2130451596,2025-04-15,85000,1bed room+Hall,Mankhool
CRT2134090936,2025-12-02,42000,1bed room+Hall,Al Warsan First
CNT2133055337,2025-11-01,50400,1bed room+Hall,Al Barshaa South Third
CNT2133073607,2025-10-23,50000,1bed room+Hall,Al Warsan First
CNT2129944473,2025-04-01,83349,2 bed rooms+hall,Al Barsha First
CNT2134124771,2026-01-07,15000,Office,Naif
CNT2128967126,2025-02-01,62000,2 bed rooms+hall,Al Warsan First
CNT2129049280,2025-01-20,52910,Office,Al Nahda First
CNT2129123730,2025-01-28,90000,Shop,Al Warqa First
CNT2132078914,2025-10-06,73500,2 bed rooms+hall,Jabal Ali First
CNT2134031219,2026-01-01,57200,1bed room+Hall,Al Dhagaya
CNT2128811866,2025-02-01,70000,1bed room+Hall,Al Barsha First
CNT2132492889,2025-10-01,1478400,1bed room+Hall,Dubai Investment Park First
CRT2132044456,2025-07-30,35000,1bed room+Hall,Abu Hail
CRT2131996086,2025-08-15,45000,Studio,Al Hebiah Second
CNT2133344602,2025-11-01,1670400,Room in labor Camp,Al Goze Third
CNT2133621512,2025-11-27,130000,2 bed rooms+hall,Marsa Dubai
CNT2132313549,2025-08-19,7250000,Hotel,Al Nahda First
CNT2131842045,2025-07-10,1010100,Hotel,Rega Al Buteen
CNT2134202213,2026-01-12,10000,Office,Al Khabeesi
CRT2133852256,2026-01-01,55000,2 bed rooms+hall,Al Murqabat
CRT2133815296,2025-12-11,137445,2 bed rooms+hall,Al Thanyah Third
CNT2133961977,2025-10-22,36000,Studio,Warsan Fourth
CNT2128920050,2025-02-01,42000,Office,Al Dhagaya
CRT2131071426,2025-05-31,32550,Studio,Nadd Hessa
CNT2127389921,2025-01-03,90000,1bed room+Hall,Al Thanyah Fifth
CNT2131919563,2025-07-01,775882,Shop,Mirdif
CRT2133341528,2025-11-14,165000,3 bed rooms+hall,Wadi Al Safa 3
CNT2131337577,2025-02-01,115200,Studio,Al Goze Industrial Third
CNT2128015671,2025-02-25,152950,4 bed rooms+hall,Al Hebiah Sixth
CNT2132473167,2025-09-01,2751000,Staff Accommodatoion,Al Warsan Third
CNT2134239483,2026-01-01,97000,2 bed rooms+hall,Trade Center First
CNT2133325319,2025-07-11,600000,Studio,Al Goze Fourth
CNT2133910084,2025-12-15,59000,2 bed rooms+hall,Al Raffa
CNT2132313549,2025-08-19,7250000,Hotel,Al Nahda First
CNT2132632192,2025-09-04,310000,4 bed rooms+hall,Business Bay
CNT2130466875,2025-04-15,279510,2 bed rooms+hall,Jumeirah Third
CNT2132592154,2025-10-01,2340000,Staff Accommodatoion,Al Warsan Third
CNT2130784901,2025-05-01,900551,Office,Al Qusais Industrial First
CNT2133679647,2025-11-28,74783,1bed room+Hall,Al-Cornich
CRT2129880666,2025-01-30,67902,1bed room+Hall,Jumeirah First
CNT2133343333,2025-07-01,341550,Shop,Al Barsha Third
CNT2133193620,2025-10-27,20000,Office,Jabal Ali Industrial First
CNT2132537463,2025-09-15,54000,1bed room+Hall,Al Barsha South Fourth
CNT2134217868,2026-03-01,672000,Room in labor Camp,Saih Shuaib 4
CNT2134275579,2026-01-16,30000,1bed room+Hall,Port Saeed
CRT2132891546,2025-09-28,71000,1bed room+Hall,Business Bay
CNT2130304915,2025-03-30,57000,Studio,Al Jadaf
CNT2130699120,2025-05-10,130000,4 bed rooms+hall,Mirdif
CNT2130227035,2025-02-01,1200000,Room in labor Camp,Al Goze Industrial Second
CRT2132783866,2025-12-15,150000,2 bed rooms+hall,Al Kheeran
CNT2133047159,2025-10-17,55000,2 bed rooms+hall,Al Warqa First
CNT2133247812,2025-09-09,50929,1bed room+Hall,Jabal Ali First
CNT2132284837,2025-08-25,111999,2 bed rooms+hall,Madinat Dubai Almelaheyah
CNT2132642458,2025-09-20,39000,Studio,AL QUSAIS
CNT2132757229,2025-10-15,131943,Warehouse,Al Goze Industrial Second
CNT2134008428,2025-12-20,20000,Office,Naif
CNT2131205084,2025-06-04,15000,Shop,Hor Al Anz
CNT2131157975,2025-07-20,270000,3 bed rooms+hall,Al Wasl
CRT2133514396,2025-11-15,57750,1bed room+Hall,Al Hebiah Fourth
CRT2129693116,2025-01-28,730000,Room in labor Camp,Al Warsan Second
CRT2131697016,2025-08-05,80000,2 bed rooms+hall,Al Merkadh
CNT2133029518,2025-11-05,58000,1bed room+Hall,Al Barsha First
CNT2127959288,2025-01-15,171500,Shop,Business Bay
CNT2133638943,2025-12-18,10000,Office,Al Wasl
CNT2133053000,2025-10-01,87000,2 bed rooms+hall,Trade Center First
CNT2133838067,2025-12-12,15000,Office,Al Murqabat
CNT2134308263,2026-01-01,130000,Room in labor Camp,Al Thanyah Fifth
CNT2128961611,2025-04-15,300000,1bed room+Hall,Al Suq Al Kabeer
CNT2129184825,2025-06-01,4594872,Office,Um Al Sheif
CNT2130627217,2025-04-23,15000,Office,Jabal Ali Industrial First
CNT2133460440,2025-12-15,39000,Studio,Me'Aisem First
CNT2131092986,2025-06-16,35700,Studio,Jabal Ali First
CRT2134329316,2026-01-20,185000,4 bed rooms+hall,Madinat Al Mataar
CNT2129938995,2025-01-01,38000,Shop,Al Goze First
CRT2132630136,2025-09-15,115000,1bed room+Hall,Marsa Dubai
CNT2126900128,2025-01-08,71000,1bed room+Hall,Madinat Al Mataar
CRT2129274246,2025-01-15,15000,Shop,Hatta
CNT2132355827,2025-09-01,73000,1bed room+Hall,Al Muteena
CNT2130029773,2025-03-12,87000,2 bed rooms+hall,Al Murqabat
CNT2131792117,2025-07-30,39999,1bed room+Hall,Ras Al Khor Industrial Third
CNT2133262332,2025-10-31,15000,Office,Hor Al Anz
CRT2129784996,2025-02-18,63000,Studio,Al Merkadh
CNT2133800062,2025-12-10,11000,Office,Mankhool
CNT2133645019,2025-11-15,62000,2 bed rooms+hall,Al Warqa First
CNT2131859820,2025-07-20,60000,1bed room+Hall,Al Barsha First
CNT2129890718,2025-01-15,178848,Room in labor Camp,Dubai Investment Park First
CNT2129933540,2025-02-26,12000,Office,Al Mizhar First
CNT2132820311,2025-09-15,46500,1bed room+Hall,Madinat Al Mataar
CNT2129848627,2025-01-01,1458000,1bed room+Hall,Jabal Ali Industrial First
CRT2132915966,2025-10-01,48000,Studio,Al Barsha South Fourth
CNT2131571867,2025-07-01,99134,3 bed rooms+hall,Al Hudaiba
CNT2133699808,2025-12-05,64000,2 bed rooms+hall,AL QUSAIS
CNT2133093738,2025-09-23,44811,1bed room+Hall,Al Hebiah Fifth
CNT2133292042,2025-10-07,66000,2 bed rooms+hall,Al Warqa First
CNT2129459211,2025-01-01,130560,Labor Camp,Muhaisanah Second
CNT2130925824,2025-04-15,35621,Shop,Naif
CNT2130746241,2025-06-01,29000,Studio,Al Warsan First
CNT2133792312,2025-12-09,588000,Office,Ras Al Khor Industrial Third
CNT2133805370,2025-10-01,46000,1bed room+Hall,Al Suq Al Kabeer
CRT2134136076,2025-12-01,27000,Studio,Al Warsan First
CNT2132359241,2025-08-23,16000,Office,Business Bay
CRT2130478176,2025-04-01,55000,2 bed rooms+hall,Al Mamzer
CNT2128500581,2025-01-20,32000,Studio,Warsan Fourth
CRT2133918586,2025-12-20,54000,1bed room+Hall,Al Suq Al Kabeer
CRT2133541396,2025-08-01,95000,1bed room+Hall,Marsa Dubai
CNT2131064713,2025-04-01,198000,Labor Camp,Jabal Ali Industrial First
CRT2132047356,2025-09-01,700000,Shop,Um Suqaim Second
CNT2134113974,2025-12-31,16100000,Room in labor Camp,Jabal Ali Industrial First
CNT2134279587,2025-12-05,88275,Shop,Al Suq Al Kabeer
CNT2133686245,2025-11-29,20000,Office,Port Saeed
CNT2132265216,2025-07-20,48500,2 bed rooms+hall,Warsan Fourth
CNT2132643404,2025-09-10,440000,4 bed rooms+hall,Al Hebiah Fourth
CNT2130707183,2025-05-20,23000,Studio,Al Baraha
CNT2130117940,2025-05-01,88000,2 bed rooms+hall,Al Satwa
CNT2133289713,2025-10-31,43500,Studio,Al Warqa First
CNT2128120914,2025-01-15,42500,1bed room+Hall,AL QUSAIS
CNT2134127117,2026-01-07,15000,Office,Burj Khalifa
CNT2133326026,2025-11-01,60638,2 bed rooms+hall,Al Karama
CNT2128433842,2025-01-22,15000,Office,Wadi Al Safa 2
CNT2127869959,2025-01-13,24000,Room in labor Camp,Jabal Ali Industrial First
CNT2133447742,2025-11-13,28000,Office,Port Saeed
CRT2127471106,2025-01-05,55000,1bed room+Hall,Al Hebiah Fourth
CNT2130751149,2025-05-02,15000,Office,Business Bay
CNT2134108666,2026-01-06,20000,Office,Dubai International Airport
CNT2131791355,2025-06-15,35000,Office,Eyal Nasser
CRT2133227816,2025-11-01,90000,2 bed rooms+hall,Al Yelayiss 2
CNT2130287827,2025-04-11,85000,Shop,Al Mararr
CNT2133521487,2025-12-07,20000,Office,Al Rega
CNT2132076746,2025-07-25,46000,Studio,Al Hebiah Fourth
CNT2133462458,2025-11-01,1680000,Room in labor Camp,Madinat Dubai Almelaheyah
CNT2133953265,2025-12-10,126000,Shop,Muhaisanah Second
CNT2131925957,2025-07-01,341250,Room in labor Camp,Al Goze Industrial Second
CRT2132813226,2025-10-01,64000,Studio,Al Barshaa South Third
CRT2131560848,2025-06-29,93000,1bed room+Hall,Al Barsha South Fourth
CNT2130521360,2025-04-20,111300,Clinic,AL QUSAIS
CNT2133710688,2025-12-05,72600,2 bed rooms+hall,Al Barsha First
CRT2134308876,2026-01-22,67000,1bed room+Hall,Wadi Al Safa 5
CNT2132785226,2025-09-01,35526,,Al Goze Industrial Fourth
CNT2133525221,2025-11-17,20000,Office,Dubai Investment Park First
CNT2130975329,2025-05-19,21000,Office,Dubai Investment Park First
CNT2129833526,2025-02-18,15000,Office,Hor Al Anz
CNT2132776827,2025-09-12,82000,2 bed rooms+hall,Al Thanyah First
CNT2132820936,2025-06-16,180000,Room in labor Camp,Jabal Ali Industrial First
CNT2130569306,2025-04-05,48000,1bed room+Hall,Nadd Hessa
CNT2132375513,2025-08-25,20000,Office,Dubai Investment Park First
CNT2129460400,2025-02-12,15000,Office,Al Murqabat
CNT2134331506,2026-01-20,20000,Office,Al Mizhar First
CNT2133002092,2025-12-01,94000,2 bed rooms+hall,Al Jadaf
CNT2133960920,2025-12-09,35000,Studio,Al Dhagaya
CNT2134041332,2026-01-01,93783,2 bed rooms+hall,Dubai Investment Park First
CNT2130149861,2025-03-13,15000,Office,Al Qusais Industrial Third
CNT2130242715,2025-03-21,2145600,Room in labor Camp,Al Goze Third
CNT2132887972,2025-10-03,20000,Office,Naif
CRT2133941406,2025-12-25,103000,1bed room+Hall,Al Barshaa South Third
CNT2133880093,2025-12-22,155000,3 bed rooms+hall,Al Yufrah 1
CNT2133912869,2025-12-18,15000,Office,Al Murqabat
CNT2131829597,2025-07-15,50000,2 bed rooms+hall,Al Thanyah First
CNT2132655695,2025-09-17,44000,1bed room+Hall,Al Goze Industrial Second
CNT2130876047,2025-03-25,570000,Showroom,Al Qusais Industrial First
CNT2132728384,2025-10-02,55200,2 bed rooms+hall,Nad Al Hamar
CNT2131928529,2025-07-10,63000,2 bed rooms+hall,Al Goze Industrial Second
CNT2132319531,2025-05-01,86400,2 bed rooms+hall,Al Qusais Industrial Third
CNT2130941919,2025-05-15,720083,Office,Trade Center Second
CNT2131737456,2025-07-08,80000,2 bed rooms+hall,Oud Metha
CNT2132711293,2025-11-01,40000,1bed room+Hall,Al Karama
CNT2133716637,2025-12-15,32000,2 bed rooms+hall,Muhaisanah Fourth
CNT2131756630,2025-07-15,92000,2 bed rooms+hall,Al Barsha South Fourth
CNT2131963979,2025-07-20,2489000,Staff Accommodatoion,Al Warsan Third
CNT2129715849,2025-03-04,47000,2 bed rooms+hall,Al Qusais Industrial Fifth
CNT2129055001,2025-03-03,282232,Shop,Mankhool
CNT2133934996,2026-01-01,263612,Warehouse,Dubai International Airport
CNT2129819895,2025-01-06,480000,Shop,Al Karama
CNT2130636461,2025-03-07,42000,1bed room+Hall,Al Hebiah First
CNT2130103650,2025-01-01,2378000,Hotel,Al Goze Third
CNT2131192061,2025-06-05,70189,1bed room+Hall,Jabal Ali First
CRT2130024766,2025-03-01,98000,2 bed rooms+hall,Jabal Ali First
CNT2132605360,2025-09-15,3376100,Room in labor Camp,Jabal Ali Industrial First
CRT2129966046,2025-03-01,90000,Shop,Business Bay
CNT2129272777,2025-03-11,57200,2 bed rooms+hall,Al Qusais Industrial Fifth
CNT2133914916,2025-12-15,50000,1bed room+Hall,Al Muteena
CNT2133424514,2025-02-01,136500,4 bed rooms+hall,Rega Al Buteen
CRT2133566206,2025-11-20,46000,1bed room+Hall,Nadd Hessa
CNT2131954297,2025-07-26,50000,1bed room+Hall,Al Nahda First
CNT2133483630,2025-11-10,150000,3 bed rooms+hall,Al Barsha South Fourth
CNT2130858872,2025-05-10,44000,Studio,Al Hebiah Second
CNT2132331643,2025-08-17,106704,Room in labor Camp,Saih Shuaib 2
CNT2129378479,2025-02-10,27800,Office,Al Karama
CNT2128528665,2025-01-25,22000,Office,Al Garhoud
CNT2130581698,2025-04-21,15000,Office,Al Muteena
CRT2132020066,2025-08-01,120000,2 bed rooms+hall,Al Barshaa South Second
CNT2133247053,2025-10-30,15000,Office,Saih Shuaib 3
CNT2131111627,2025-03-01,75075,Office,Al Raffa
CNT2131249985,2025-03-15,244800,Room in labor Camp,Al Goze Industrial Second
CNT2134302523,2026-01-01,2500000,Hotel,Al Suq Al Kabeer
CNT2133466370,2025-11-12,15000,Office,Al Mararr
CNT2133657780,2025-11-27,30000,Office,Al Barsha First
CNT2128102940,2025-01-01,31900,Studio,Naif
CNT2128535030,2025-01-29,48279,2 bed rooms+hall,Ras Al Khor Industrial Third
CNT2130434946,2025-04-09,15000,Office,Burj Khalifa
CNT2130107827,2025-03-06,2307588,Room in labor Camp,Saih Shuaib 3
CNT2131829793,2025-06-10,340000,2 bed rooms+hall,Saih Shuaib 2
CNT2133573071,2025-10-15,414000,Room in labor Camp,Al Goze Third
CNT2129463094,2025-02-05,100000,2 bed rooms+hall,Madinat Al Mataar
CRT2130963346,2025-06-01,700000,6 bed rooms+hall,Al Barshaa South Second
CRT2132559276,2025-08-21,110000,Shop,Al Buteen
CNT2134170385,2026-01-09,25000,Office,Al Dhagaya
CNT2129866599,2025-04-01,225000,Shop,Al Sabkha
CNT2133306159,2025-10-23,3055139,Studio,Al Hudaiba
CNT2134151351,2025-11-26,170000,Office,Oud Metha
CNT2131844937,2025-07-15,20000,Office,Ras Al Khor Industrial Second
CNT2132527735,2025-09-29,50820,2 bed rooms+hall,Al Nahda Second
CNT2134270441,2026-02-01,54699,1bed room+Hall,Jabal Ali First
CNT2131857749,2025-01-01,2500000,Hotel,Al Suq Al Kabeer
CNT2131129716,2025-05-27,95000,3 bed rooms+hall,Mirdif
CNT2132610289,2025-10-01,5000000,Restaurant,Marsa Dubai
CNT2130131249,2025-02-15,5500000,Room in labor Camp,Saih Shuaib 4
CNT2129444292,2025-02-11,39000,Room in labor Camp,Al Goze Third
CRT2130703416,2025-05-01,1500000,5 bed rooms+hall,Al Merkadh
CNT2130516290,2025-04-01,345600,Labor Camp,Dubai Investment Park First
CNT2133307171,2025-10-01,37000,1bed room+Hall,Al Mararr
CNT2130650860,2025-04-25,30000,Office,Trade Center First
CNT2132463880,2025-12-01,55640,1bed room+Hall,Al Barshaa South Third
CRT2132284366,2025-09-01,90000,3 bed rooms+hall,Al Warsan First
CNT2133571093,2025-11-20,20000,Office,Al Khabeesi
CNT2132660468,2025-06-01,30000,2 bed rooms+hall,Al Karama
CNT2134330707,2026-01-20,15000,Office,Burj Khalifa
CNT2128018098,2025-03-01,50820,1bed room+Hall,Al Bada
CNT2130810208,2025-05-01,21740,Store,Al Suq Al Kabeer
CNT2132772138,2025-09-25,20000,Office,Al Murqabat
CNT2130981180,2025-06-19,61100,2 bed rooms+hall,Jabal Ali First
CNT2133037197,2025-10-20,2500000,Warehouse,Dubai Investment Park First
CNT2133087956,2025-10-10,70000,2 bed rooms+hall,Al Murqabat
CNT2130859977,2025-05-16,48000,Studio,Dubai Investment Park First
CNT2134252580,2026-01-01,85000,Shop,Naif
CNT2131780522,2025-07-10,15000,Office,Al Khabeesi
CNT2132520207,2025-09-01,888000,Room in labor Camp,Al Goze Industrial Fourth
CNT2132117667,2025-08-05,15000,Office,Port Saeed
CNT2131231418,2025-06-09,15000,Office,Al Khabeesi
CNT2133670237,2025-06-07,42000,2 bed rooms+hall,Mirdif
CNT2131359195,2025-05-10,31900,1bed room+Hall,Al Warsan First
CNT2132754070,2025-08-01,198000,Labor Camp,Jabal Ali Industrial First
CNT2127684140,2025-01-10,60000,1bed room+Hall,Al Barsha South Fourth
CNT2132264595,2025-08-07,2620000,Staff Accommodatoion,Al Warsan Third
CNT2130691742,2025-03-01,110000,4 bed rooms+hall,Mankhool
CNT2132558428,2025-08-25,142500,2 bed rooms+hall,Al Thanyah Fifth
CNT2127470268,2025-01-01,34560,2 bed rooms+hall,Al Karama
CNT2127769688,2025-01-12,60000,1bed room+Hall,Warsan Fourth
CNT2127977260,2025-01-01,10000,Shop,Naif
CNT2133971947,2025-12-20,55000,2 bed rooms+hall,Al Warqa First
CNT2129182772,2025-01-20,50000,1bed room+Hall,Me'Aisem First
CRT2128484206,2025-01-01,75000,3 bed rooms+hall,Mirdif
CNT2133268861,2025-11-03,34125,1bed room+Hall,Saih Shuaib 1
CNT2131336579,2025-09-02,105000,1bed room+Hall,Al Thanyah Third
CNT2133786154,2025-11-30,74669,1bed room+Hall,Al Thanyah Fifth
CNT2132926168,2025-10-01,140000,Office,Al Wasl
CRT2129824676,2025-02-20,96000,1bed room+Hall,Al Barsha South Fourth
CNT2130820255,2025-05-06,50600,2 bed rooms+hall,Al Warqa First
CNT2132769180,2025-09-30,131250,2 bed rooms+hall,Al Safouh Second
CNT2134074940,2026-01-08,60000,2 bed rooms+hall,AL QUSAIS
CRT2132850826,2025-10-01,266805,3 bed rooms+hall,Dubai Investment Park First
CNT2132914398,2025-03-15,52500,2 bed rooms+hall,Al Warqa First
CRT2127547746,2025-01-01,63525,1bed room+Hall,Al Hebiah First
CRT2131727626,2025-06-10,90000,Office,Business Bay
CNT2134259697,2026-01-01,93000,Shop,Al Suq Al Kabeer
CNT2132402680,2025-08-27,15000,Office,Business Bay
CNT2130443177,2025-03-01,280000,Room in labor Camp,Al Goze Industrial Second
CNT2132941078,2025-09-13,121000,3 bed rooms+hall,Mankhool
CNT2131972461,2025-07-26,73000,2 bed rooms+hall,Nad Al Hamar
CRT2127506566,2025-01-01,300000,Room in labor Camp,Jabal Ali Industrial First
CNT2131778784,2025-07-07,38115,Studio,Al Hebiah Fourth
CRT2131685226,2025-06-01,520000,Office,Al Thanyah Fifth
CNT2128446908,2025-01-05,89735,Shop,Palm Jumeirah
CNT2133907346,2026-01-01,642025,,Jumeirah First
CNT2130382953,2025-04-15,185000,3 bed rooms+hall,Al Barshaa South Third
CNT2130067799,2025-03-07,15000,Office,Al Goze Industrial First
CNT2133910472,2025-11-01,299791,Warehouse,Saih Shuaib 3
CNT2131836753,2025-05-01,144000,Room in labor Camp,Jabal Ali Industrial First
CRT2131326376,2025-06-01,10000,2 bed rooms+hall,Hatta
CNT2131362325,2025-07-01,53000,1bed room+Hall,Me'Aisem First
CNT2129998525,2025-03-03,15000,Office,Al Khabeesi
CNT2130413693,2025-04-01,50000,1bed room+Hall,Hor Al Anz
CNT2130779408,2025-05-01,53000,1bed room+Hall,Al Murqabat
CNT2128095871,2025-01-01,1584000,Room in labor Camp,Muhaisanah Second
CNT2131019240,2025-05-22,20000,Office,Port Saeed
CNT2130717419,2025-04-30,15000,Office,Al Mararr
CNT2131359923,2025-06-25,66500,Office,Eyal Nasser
CNT2130402489,2025-04-01,750000,Studio,Al Mararr
CNT2132690065,2025-09-01,72000,Office,Business Bay
CNT2129824241,2025-02-18,15000,Office,Al Goze Industrial First
CNT2127596106,2025-01-01,139000,Shop,Al Sabkha
CNT2130752088,2025-06-10,57000,2 bed rooms+hall,Al Nahda First
CRT2129270206,2025-01-03,215000,3 bed rooms+hall,Al Thanayah Fourth
CRT2130394296,2025-01-01,80000,Shop,Al Buteen
CNT2130234910,2025-02-24,150000,Room in labor Camp,Al Goze Industrial Fourth
CNT2132558664,2025-09-15,36000,1bed room+Hall,Al Warsan First
CNT2130243763,2025-02-15,645000,Room in labor Camp,Jabal Ali Industrial First
CNT2133171905,2025-10-24,20000,Office,Business Bay
CNT2127591128,2025-01-07,140000,1bed room+Hall,Jumeirah First
CNT2132465504,2025-08-15,58800,2 bed rooms+hall,Al Raffa
CNT2133169251,2025-08-03,1684800,Labor Camp,Muhaisanah Second
CNT2127032373,2025-01-01,1376400,Room in labor Camp,Dubai Investment Park Second
CNT2133435531,2025-11-10,20000,Office,Al Khabeesi
CNT2132064796,2025-08-03,97750,Warehouse,Ras Al Khor Industrial First
CNT2131253116,2025-07-01,119040,Office,Al Mamzer
CNT2077481974,2025-03-08,598805,,Al Goze First
CNT2133274140,2025-10-30,62000,1bed room+Hall,Al Murqabat
CNT2132487336,2025-09-02,40000,Studio,Nadd Hessa
CNT2131523679,2025-06-30,29000,Studio,Al Qusais Industrial Fifth
CNT2130187352,2025-03-17,15000,Office,Hor Al Anz
CNT2132664689,2025-09-11,1663200,Room in labor Camp,Jabal Ali Industrial First
CNT2127867527,2025-01-31,160000,Shop,Al Barshaa South Third
CNT2132234720,2025-08-13,15000,Office,Al Murqabat
CNT2131513240,2025-06-28,65000,1bed room+Hall,Um Hurair Second
CNT2133109145,2025-10-17,3500000,Room in labor Camp,Jabal Ali Industrial First
CRT2131845286,2025-07-01,146630,Office,Al Thanyah Fifth
CRT2130013476,2025-03-14,31200,Room in labor Camp,Jabal Ali Industrial First
CRT2133723786,2025-09-01,220000,Shop,Al Twar Fourth
CNT2132740922,2025-10-07,132825,3 bed rooms+hall,Business Bay
CRT2133746496,2025-12-01,5000,Office,Business Bay
CNT2134197859,2026-01-16,35000,Office,Ras Al Khor Industrial Third
CNT2133091152,2025-09-16,288000,Room in labor Camp,Muhaisanah Second
CNT2132573271,2025-01-01,1951565,1bed room+Hall,Jabal Ali First
CNT2130448195,2025-04-01,120000,3 bed rooms+hall,Rega Al Buteen
CNT2132367412,2025-08-19,105000,3 bed rooms+hall,Al Raffa
CNT2131373797,2025-06-25,32603,1bed room+Hall,Muhaisanah Fourth
CNT2133679381,2025-12-01,133000,Studio,Burj Khalifa
CNT2128824326,2025-02-26,39386,Shop,Al Suq Al Kabeer
CNT2130776349,2025-04-20,105000,Warehouse,Dubai Investment Park Second
CNT2130276683,2025-03-25,82000,3 bed rooms+hall,Madinat Hind 4
CRT2126793246,2025-01-01,100000,2 bed rooms+hall,Al Barsha South Fourth
CNT2131231846,2025-06-10,85000,1bed room+Hall,Al Hebiah First
CRT2132380636,2025-09-01,185000,2 bed rooms+hall,Al Thanyah Fifth
CNT2134272812,2026-01-16,20000,Office,Port Saeed
CNT2131349079,2025-06-17,15000,Office,Hor Al Anz
CNT2131800089,2025-06-01,351774,Shop,Al Warqa First
CNT2133318322,2025-10-21,52000,1bed room+Hall,Al Barsha First
CNT2127963523,2025-01-01,49163,Warehouse,Al Qusais Industrial First
CRT2127125296,2025-01-01,120000,2 bed rooms+hall,Marsa Dubai
CNT2131424753,2025-06-23,16000,Office,Al Garhoud
CNT2132703072,2025-09-19,70000,1bed room+Hall,Wadi Al Safa 7
CNT2132110993,2025-11-01,78000,2 bed rooms+hall,Oud Metha
CNT2133406185,2025-11-30,73750,2 bed rooms+hall,Mankhool
CNT2131694883,2025-06-08,29040,Studio,Wadi Al Safa 5
CNT2132785261,2025-10-11,43560,1bed room+Hall,Dubai Investment Park First
CNT2132713447,2025-09-20,15000,Office,Al Khabeesi
CNT2129845324,2025-02-10,1431000,Room in labor Camp,Muhaisanah Second
CNT2127501659,2025-02-14,92400,3 bed rooms+hall,Al Murqabat
CNT2132630820,2025-09-03,50000,1bed room+Hall,Eyal Nasser
CNT2130715342,2025-04-04,373614,Shop,Al Warsan First
CNT2133874229,2025-10-02,45000,1bed room+Hall,Al Warsan First
CNT2131585426,2025-07-02,43000,Studio,Madinat Al Mataar
CNT2129124093,2025-02-15,165000,2 bed rooms+hall,Business Bay
CRT2133992966,2025-12-29,120000,Office,Business Bay
CNT2134103279,2026-01-01,7000,Shop,Eyal Nasser
CNT2133208333,2025-11-20,900000,5 bed rooms+hall,Al Barsha Second
CRT2133217336,2025-10-28,70000,1bed room+Hall,Jabal Ali First
CRT2131584756,2025-06-20,90000,1bed room+Hall,Al Barsha South Fourth
CNT2130783385,2025-04-10,80000,Warehouse,Al Warsan First
CNT2128569814,2025-01-28,15000,Office,Trade Center First
CRT2132715905,2025-09-25,135000,1bed room+Hall,Burj Khalifa
CNT2129186606,2025-02-12,74500,2 bed rooms+hall,Al Bada
CNT2129933405,2025-01-24,44244,3 bed rooms+hall,Jabal Ali First
CRT2130050606,2025-03-01,225000,3 bed rooms+hall,Jabal Ali First
CRT2132834726,2025-09-15,115000,1bed room+Hall,Marsa Dubai
CNT2130926058,2025-06-05,45000,Studio,Jabal Ali First
CNT2131103740,2025-06-12,72000,2 bed rooms+hall,Al Mamzer
CNT2133447367,2025-11-11,15000,Office,Al Hamriya
CNT2133224852,2025-07-15,100000,3 bed rooms+hall,Mirdif
CNT2134235423,2025-12-20,84000,2 bed rooms+hall,Al Barsha First
CNT2131808006,2025-06-12,36000,Studio,Warsan Fourth
CNT2130459478,2025-04-15,152807,4 bed rooms+hall,Jabal Ali First
CRT2132699306,2025-09-16,60000,Office,Business Bay
CNT2131921273,2025-07-25,23000,Studio,Al Mararr
CNT2130076977,2025-03-08,15000,Office,Muhaisanah Fourth
CNT2132333613,2025-07-10,2754000,Room in labor Camp,Jabal Ali Industrial First
CNT2132264811,2025-08-07,2620000,Staff Accommodatoion,Al Warsan Third
CNT2130721323,2025-04-30,15000,Office,Al Hamriya
CNT2131354416,2025-07-01,31500,Studio,AL TWAR FIFTH
CNT2133607725,2025-11-24,720000,Room in labor Camp,Al Goze Third
CNT2131090687,2025-05-19,469440,Room in labor Camp,Jabal Ali Industrial First
CNT2126399248,2025-01-04,62640,Shop,Al Karama
CNT2132234371,2025-08-04,75020,2 bed rooms+hall,Al Barsha First
CRT2134178856,2025-11-11,47250,1bed room+Hall,Nadd Hessa
CNT2131078598,2025-06-01,44770,Shop,Al Suq Al Kabeer
CRT2133834406,2025-07-01,49000,2 bed rooms+hall,Al Dhagaya
CNT2130184621,2025-04-01,99750,2 bed rooms+hall,Trade Center First
CNT2127483650,2025-01-06,14000,Office,Port Saeed
CNT2127865549,2025-01-13,15000,Office,Al Goze First
CNT2127523222,2025-01-01,40000,Shop,Mirdif
CRT2132230146,2025-08-01,563950,Shop,Al Warsan First
CRT2133040216,2025-06-30,80000,2 bed rooms+hall,Al Barshaa South Third
CRT2130010926,2025-03-15,56000,1bed room+Hall,Al Ras
CRT2129187216,2025-01-01,410400,Room in labor Camp,Jabal Ali Industrial First
CRT2133713166,2025-10-15,70132,1bed room+Hall,Business Bay
CNT2132198758,2025-08-11,20000,Office,Business Bay
CRT2132928916,2025-10-05,170000,3 bed rooms+hall,Wadi Al Safa 5
CNT2132648078,2025-08-01,35000,Shop,Al Suq Al Kabeer
CNT2134017679,2026-01-15,145475,Office,Al Thanyah Fifth
CNT2133898567,2025-12-25,55000,1bed room+Hall,Hor Al Anz East
CNT2129826956,2025-01-01,85000,Shop with a mezzanine,Al Dhagaya
CRT2131230556,2025-06-10,165000,Office,Business Bay
CNT2133035318,2025-10-15,15000,Office,Al Mararr
CNT2127616103,2025-01-08,20000,Office,Business Bay
CNT2132831403,2025-10-10,26000,Studio,Al Suq Al Kabeer
CNT2133905341,2025-12-22,110000,Office,Business Bay
CRT2130034206,2025-03-05,75000,1bed room+Hall,Al Barsha South Fourth
CNT2130228487,2025-03-27,27720,1bed room+Hall,AL QUSAIS
CNT2132546799,2025-10-01,60000,Office,Dubai Investment Park First
CNT2131821837,2025-05-29,422896,Room in labor Camp,Jabal Ali Industrial First
CNT2128128554,2025-01-01,55000,1bed room+Hall,Al Suq Al Kabeer
CNT2133514935,2026-01-01,81600,,Al Qusais Industrial Fifth
CNT2133000312,2025-10-13,10000,Office,Al Raffa
CNT2133240603,2025-11-05,52000,2 bed rooms+hall,AL QUSAIS
CNT2132515934,2025-09-01,55000,1bed room+Hall,Madinat Al Mataar
CNT2131397550,2025-06-15,55000,1bed room+Hall,Al Raffa
CNT2131696460,2025-06-22,49000,1bed room+Hall,Wadi Al Safa 5
CNT2132333054,2025-08-21,12000,Office,Naif
CNT2132206181,2025-08-15,954000,Room in labor Camp,Jabal Ali Industrial First
CRT2130374596,2025-05-01,360000,3 bed rooms+hall,Burj Khalifa
CNT2133104775,2025-10-28,19000,Studio,Muhaisanah Fourth
CRT2129594956,2025-02-02,110000,7 bed rooms+hall,Al Rashidiya
CNT2131022991,2025-06-05,70000,1bed room+Hall,Al Garhoud
CNT2130026296,2025-03-04,15000,Office,Al Goze Industrial Third
CNT2130761099,2025-05-20,70000,2 bed rooms+hall,Al Nahda Second
CNT2129254892,2025-01-25,30000,Studio,Al Suq Al Kabeer
CNT2131791095,2025-07-10,152460,Office,Trade Center First
CNT2130594496,2025-02-06,48000,3 bed rooms+hall,Jabal Ali Industrial First
CNT2132034570,2025-06-05,65000,1bed room+Hall,Al Barsha First
CNT2132453508,2025-02-15,65000,2 bed rooms+hall,Al Murqabat
CNT2131829314,2025-05-15,748800,Room in labor Camp,Dubai Investment Park First
CNT2132688803,2025-07-01,1039500,Labor Camp,Jabal Ali Industrial First
CRT2133760376,2025-12-12,65000,Studio,Business Bay
CRT2133236946,2025-10-31,180000,2 bed rooms+hall,Al Barshaa South Second
CNT2130033553,2025-03-20,55000,1bed room+Hall,Mirdif
CNT2127338653,2025-01-01,1800000,Room in labor Camp,Al Warsan Third
CNT2132558543,2025-09-09,840000,Room in labor Camp,Al Goze Third
CNT2130084926,2025-03-29,25468,Studio,Al Warsan First
CNT2133879212,2025-11-05,47000,1bed room+Hall,Warsan Fourth
CNT2131851428,2025-07-15,39130,1bed room+Hall,Wadi Al Safa 5
CNT2129125762,2025-02-05,20000,Office,Business Bay
CNT2130041296,2025-02-20,200000,3 bed rooms+hall,Marsa Dubai
CNT2133746438,2025-12-15,699360,Office,Al Safouh Second
CNT2133294033,2025-10-08,1440000,Room in labor Camp,Jabal Ali Industrial First
CNT2128808235,2025-02-01,82000,1bed room+Hall,Al Jadaf
CNT2132835541,2025-08-31,150150,3 bed rooms+hall,Nadd Hessa
CNT2127753221,2025-01-01,818957,Warehouse,Al Goze Industrial First
CRT2130825026,2025-05-08,340000,4 bed rooms+hall,Al Hebiah Fourth
CRT2131346496,2025-06-19,40000,Office,Business Bay
CNT2133768813,2025-12-08,10000,Office,Al Garhoud
CNT2132242435,2025-05-08,100000,Studio,Al Rega
CNT2127673281,2025-01-21,37999,Studio,Jabal Ali First
CRT2133745426,2025-12-10,78000,1bed room+Hall,Mirdif
CNT2131873689,2025-07-17,20000,Office,Hor Al Anz
CNT2130279083,2025-03-20,903877,1bed room+Hall,Dubai Investment Park First
CNT2131162436,2025-06-02,15000,Office,Al Muteena
CNT2128121874,2025-01-01,100000,Shop,Ras Al Khor Industrial Second
CNT2131091787,2025-05-20,114950,3 bed rooms+hall,Mankhool
CNT2130220047,2025-03-01,252000,Room in labor Camp,Muhaisanah Second
CNT2130316576,2025-03-27,54000,2 bed rooms+hall,Al Karama
CNT2129961264,2025-01-01,254707,Room in labor Camp,Jabal Ali Industrial First
CNT2132167250,2025-08-15,50000,Studio,Al Merkadh
CRT2130244056,2025-01-01,50000,Office,Al Dhagaya
CNT2126482893,2025-01-01,63250,2 bed rooms+hall,Port Saeed
CNT2128527746,2025-01-02,3275000,Room in labor Camp,Al Warsan Third
CNT2131070132,2025-05-26,50000,Studio,Al Hebiah Fourth
CNT2128733799,2025-02-01,29264,Studio,Al Warsan First
CNT2129838796,2025-02-19,180000,Office,Al Sabkha
CNT2131152077,2025-07-02,53000,2 bed rooms+hall,Al Qusais Industrial Fifth
CNT2134191763,2026-01-25,279000,3 bed rooms+hall,Al Kheeran
CNT2134151431,2026-01-08,17000,Office,Al Mararr
CNT2131195336,2025-06-01,84000,Kiosk,Hor Al Anz East
CRT2127491216,2025-01-01,5000000,Studio,Dubai Investment Park Second
CNT2128035617,2025-01-15,15000,Office,Naif
CNT2133238142,2025-10-29,20000,Office,Trade Center First
CNT2129992930,2025-03-01,50400,1bed room+Hall,Al Suq Al Kabeer
CNT2127213228,2025-01-05,87000,3 bed rooms+hall,Madinat Hind 4
CNT2131547194,2025-05-27,48500,2 bed rooms+hall,Al Warsan First
CNT2134241505,2026-01-14,15000,Office,Um Hurair Second
CNT2130362462,2025-01-01,50784,2 bed rooms+hall,Hor Al Anz
CRT2130258286,2025-03-02,75000,Shop,Hor Al Anz
CNT2133091725,2025-12-01,41333,Studio,Al Warsan First
CNT2129265071,2025-02-05,41000,2 bed rooms+hall,AL QUSAIS
CNT2131558599,2025-07-01,53000,1bed room+Hall,Al Nahda Second
CNT2130941645,2025-05-16,57750,1bed room+Hall,Nadd Hessa
CNT2128446609,2025-01-22,15000,Office,Dubai Investment Park First
CNT2130076668,2025-03-25,220000,4 bed rooms+hall,Jumeirah Second
CNT2130083021,2025-03-09,70180,2 bed rooms+hall,Al Jadaf
CNT2133510376,2025-11-01,42850,1bed room+Hall,Hor Al Anz
CNT2133527217,2025-11-17,75000,1bed room+Hall,Al Merkadh
CNT2132710750,2025-10-01,62600,1bed room+Hall,Oud Metha
CNT2133269193,2025-11-11,331200,Studio,Jabal Ali Industrial First
CNT2134234926,2026-01-16,122000,2 bed rooms+hall,Business Bay
CNT2129958651,2025-03-01,40000,Studio,Business Bay
CNT2128521975,2025-02-01,26500,Shop,Al Baraha
CNT2132283876,2025-08-18,23000,Office,Port Saeed
CNT2130079142,2025-03-10,33000,1bed room+Hall,Hor Al Anz
CNT2133029288,2025-10-15,900000,Restaurant,Al Barsha Second
CNT2131943367,2025-06-01,75000,3 bed rooms+hall,Madinat Hind 4
CNT2134077203,2026-01-20,49000,2 bed rooms+hall,Al Qusais Industrial Fifth
CNT2133133481,2025-05-10,19000,Studio,Naif
CNT2130184706,2025-01-25,30000,1bed room+Hall,Jabal Ali Industrial First
CNT2126804790,2025-01-01,26000,Studio,Al Warsan First
CNT2132505239,2025-09-07,70999,1bed room+Hall,Al Barsha First
CNT2133680997,2025-12-04,1489311,Office,Al Thanyah Third
CNT2134137059,2026-01-20,47000,Studio,Al Hebiah Second
CNT2129454326,2025-02-12,15000,Office,Al Goze Industrial First
CNT2129465022,2025-01-10,259200,Studio,Al Goze Third
CNT2130181242,2025-03-17,12000,Office,Al Raffa
CNT2133914326,2025-12-18,10000,Office,Al Garhoud
CNT2130424689,2025-04-10,130000,3 bed rooms+hall,Al Thanyah First
CNT2132987919,2025-10-11,20000,Office,Al Murqabat
CNT2131298877,2025-06-23,35000,1bed room+Hall,Al Qusais Industrial Fifth
CNT2129944292,2025-02-26,20000,Office,Business Bay
CNT2130461183,2025-04-10,73500,2 bed rooms+hall,Al Murqabat
CNT2130315833,2025-04-01,56350,3 bed rooms+hall,Al Nahda Second
CNT2131803572,2025-06-23,46000,1bed room+Hall,Warsan Fourth
CRT2129858383,2025-02-21,107442,2 bed rooms+hall,Al Hebiah Fourth
CNT2129901522,2025-02-24,138000,Room in labor Camp,Al Goze Third
CNT2130628519,2025-04-18,995969,Shop,Burj Khalifa
CNT2131986521,2025-07-01,19425,Studio,Al Baraha
CNT2133931886,2026-02-01,130000,2 bed rooms+hall,Al Karama
CNT2130879001,2025-03-22,42000,1bed room+Hall,Al Warsan First
CNT2128003062,2025-01-01,900000,1bed room+Hall,Al Suq Al Kabeer
CNT2130619194,2025-04-18,73316,2 bed rooms+hall,Al Hamriya
CNT2129047497,2025-03-03,51975,1bed room+Hall,Mirdif
CNT2130473659,2025-04-22,47520,Office,Al Barshaa South Third
CNT2132744324,2025-09-23,15000,Office,Burj Khalifa
CNT2133520462,2025-11-23,110000,1bed room+Hall,Nad Al Shiba First
CNT2132135880,2025-08-01,87000,1bed room+Hall,Al Barsha First
CNT2133045184,2025-10-18,3484800,Room in labor Camp,Muhaisanah Second
CNT2132963086,2025-04-01,1650000,Labor Camp,Jabal Ali Industrial First
CNT2129448435,2025-01-29,66500,2 bed rooms+hall,Al Warqa First
CNT2132772069,2025-09-30,435000,4 bed rooms+hall,Wadi Al Safa 7
CNT2132660218,2025-08-01,1800000,Room in labor Camp,Jabal Ali Industrial First
CNT2132214219,2025-09-12,190999,3 bed rooms+hall,Al Bada
CNT2134310241,2026-01-05,60000,2 bed rooms+hall,Al Warqa First
CRT2128957046,2025-02-15,250000,3 bed rooms+hall,Marsa Dubai
CNT2132903709,2025-09-15,43600,1bed room+Hall,Naif
CNT2133780125,2025-11-15,2803636,Studio,Al Goze Industrial Second
CNT2133239601,2025-11-23,128500,2 bed rooms+hall,Al Barsha First
CNT2133316330,2025-06-01,823200,Room in labor Camp,Jabal Ali Industrial First
CNT2131334253,2025-07-29,46000,1bed room+Hall,Al Qusais Industrial First
CNT2132951001,2025-11-22,60638,1bed room+Hall,Al Karama
CNT2133272784,2025-10-31,60000,Room in labor Camp,Jabal Ali Industrial First
CNT2134256776,2025-09-01,48000,2 bed rooms+hall,Al Nahda Second
CRT2131762686,2025-07-13,350000,Clinic,Um Suqaim Third
CNT2131708717,2025-07-11,15000,Office,Al Garhoud
CNT2130421551,2025-05-16,33000,1bed room+Hall,AL QUSAIS
CNT2130553444,2025-04-20,29000,Studio,Al Mararr
CNT2132303326,2025-08-19,20000,Office,Jabal Ali Industrial First
CRT2133336966,2025-10-08,20000,Office,Business Bay
CNT2132785336,2025-10-20,38400,,Al Warsan Third
CNT2132557181,2025-09-09,20000,Office,Al Khabeesi
CNT2134225318,2026-01-11,53000,1bed room+Hall,Al Murqabat
CNT2132257876,2025-07-22,56000,2 bed rooms+hall,AL QUSAIS
CNT2131792247,2025-08-01,48510,Studio,Al Safouh First
CNT2133863501,2025-12-15,67000,2 bed rooms+hall,Al Nahda Second
CNT2132944374,2025-10-08,15000,Office,Al Khabeesi
CNT2131818199,2025-07-14,20000,Office,Burj Khalifa
CNT2132924541,2025-10-01,1440000,Room in labor Camp,Al Goze Industrial Second
CNT2132108810,2025-04-09,28800,1bed room+Hall,Dubai Investment Park First
CNT2130339008,2025-04-02,38000,Shop,Al Jafliya
CRT2130884466,2025-02-10,40000,Studio,Dubai Investment Park Second
CRT2130749076,2025-05-01,110000,2 bed rooms+hall,Marsa Dubai
CNT2133654418,2025-11-27,20000,Office,Dubai Investment Park First
CNT2133337333,2025-10-27,480000,5 bed rooms+hall,Jabal Ali First
CNT2131426095,2025-06-23,15000,Office,Hor Al Anz East
CRT2133718546,2025-12-05,125000,1bed room+Hall,Um Suqaim Third
CNT2133769168,2025-11-18,403972,Office,Al Thanyah First
CNT2133559122,2025-11-28,87000,1bed room+Hall,Jabal Ali First
CNT2126886531,2025-01-01,32000,2 bed rooms+hall,AL QUSAIS
CNT2133182170,2025-10-25,15000,Office,Al Khabeesi
CNT2133702501,2025-12-03,20000,Office,Dubai Investment Park First
CNT2130242504,2025-01-25,20347,2 bed rooms+hall,Al Khairan First
CNT2130673141,2025-04-05,55000,2 bed rooms+hall,Al Nahda First
CNT2127338653,2025-01-01,1800000,Room in labor Camp,Al Warsan Third
CNT2132498093,2025-09-03,15000,Office,Al Goze Industrial First
CNT2131305421,2025-06-01,130000,2 bed rooms+hall,Hadaeq Sheikh Mohammed Bin Rashid
CNT2131793647,2025-07-14,32603,1bed room+Hall,Muhaisanah Fourth
CRT2130551967,2025-06-27,39000,Studio,Me'Aisem First
CNT2132301227,2025-08-15,429091,Shop,Jumeirah First
CNT2133701113,2025-12-05,47250,Studio,Al Thanyah Fifth
CNT2134278151,2026-01-16,15000,Office,Al Murqabat
CNT2131024243,2025-05-22,56718,Room in labor Camp,Al Goze Third
CNT2132538690,2025-09-13,37000,1bed room+Hall,Al Qusais Industrial Fifth
CNT2130163187,2025-04-15,65963,Office,Al Rowaiyah First
CNT2131354945,2025-06-05,25300,Studio,Al Warsan First
CNT2134007133,2025-12-25,180000,Office,Business Bay
CNT2132561302,2025-08-01,336000,Room in labor Camp,Dubai Investment Park First
CRT2132579766,2025-09-12,175000,2 bed rooms+hall,Al Thanayah Fourth
CNT2129961695,2025-01-01,100000,Warehouse,Um Ramool
CNT2131255695,2025-05-25,1652400,Room in labor Camp,Jabal Ali Industrial First
CNT2128112798,2025-01-18,55000,1bed room+Hall,Al Garhoud
CNT2133991348,2025-12-29,72500,,Al Qusais Industrial First
CNT2130202971,2025-03-20,28000,Office,Al Mararr
CNT2132763104,2025-09-24,20000,Office,Ras Al Khor Industrial Second
CNT2131973325,2025-07-27,44400,Studio,Jabal Ali First
CNT2132559043,2025-04-01,1179000,Labor Camp,Muhaisanah Second
CRT2130092576,2025-02-03,105000,1bed room+Hall,Marsa Dubai
CNT2129856884,2025-02-01,4860000,Labor Camp,Muhaisanah Second
CRT2133069916,2025-04-01,250000,Shop,Naif
CNT2132581764,2025-09-01,293728,2 bed rooms+hall,Al Satwa
CNT2128520740,2025-01-01,68000,1bed room+Hall,Al Thanyah First
CNT2130999899,2025-05-05,190562,Shop,Al Warsan First
CNT2131201968,2025-06-01,31185,Studio,Al Hebiah Fourth
CNT2134297087,2025-08-03,439923,Room in labor Camp,Muhaisanah Second
CNT2128127179,2025-01-17,15000,Office,Dubai Investment Park First
CNT2131750887,2025-06-01,180000,Room in labor Camp,Muhaisanah Second
CNT2132963086,2025-04-01,1650000,Labor Camp,Jabal Ali Industrial First
CRT2133734256,2025-12-04,475000,Office,Al Thanyah Fifth
CRT2129436406,2025-02-10,200000,Warehouse,Saih Shuaib 2
CNT2127076392,2025-01-01,75000,1bed room+Hall,Al Jadaf
CNT2132848161,2025-09-26,125000,2 bed rooms+hall,Marsa Dubai
CNT2131934104,2025-06-15,68250,2 bed rooms+hall,Al Mamzer
CNT2131957681,2025-07-10,309838,Warehouse,Dubai Investment Park Second
CNT2133606393,2025-11-25,70000,2 bed rooms+hall,Port Saeed
CNT2131510567,2025-07-01,96000,,Muhaisanah Second
CRT2132019386,2025-07-26,100000,2 bed rooms+hall,Mirdif
CNT2128969881,2025-02-10,115000,1bed room+Hall,Burj Khalifa
CNT2132520464,2025-09-01,70000,2 bed rooms+hall,Al Barshaa South Third
CNT2131367159,2025-05-06,99000,1bed room+Hall,Me'Aisem First
CNT2132482015,2025-09-02,20000,Office,Al Murqabat
CNT2133689040,2026-01-15,38000,Studio,Warsan Fourth
CNT2133766366,2026-01-01,57600,Room in labor Camp,Jabal Ali Industrial First
CNT2131572270,2025-06-10,31000,Office,Al Mararr
CNT2131858383,2025-07-16,15000,Office,Al Mararr
CNT2134253108,2026-01-15,16000,Office,Um Hurair Second
CNT2129842575,2025-01-01,35000,1bed room+Hall,Al Warsan First
CNT2133596287,2025-12-01,342000,3 bed rooms+hall,Marsa Dubai
CNT2132492682,2025-09-03,12000,Office,Oud Metha
CNT2133534243,2025-11-17,88200,1bed room+Hall,Al Khairan First
CRT2131911376,2025-08-01,140000,Office,Al Thanyah Fifth
CRT2131004026,2025-06-01,85000,2 bed rooms+hall,Dubai Investment Park Second
CNT2130042627,2025-03-05,20000,Office,Hor Al Anz
CNT2131324072,2025-09-15,74075,2 bed rooms+hall,Al Muteena
CNT2133461600,2025-11-26,55000,Studio,Al Thanyah First
CNT2131226046,2025-05-01,40500,1bed room+Hall,Wadi Al Safa 2
CNT2130099887,2025-03-11,70000,2 bed rooms+hall,Al Raffa
CNT2131825227,2025-07-14,20500,Office,Al Muteena
CNT2133897237,2025-12-17,20000,Office,Al Garhoud
CNT2127107372,2025-01-01,40000,Studio,Jabal Ali First
CNT2131137756,2025-05-31,53000,1bed room+Hall,Al Barsha First
CNT2131903280,2025-08-01,76000,1bed room+Hall,Al Hebiah Second
CNT2131303647,2025-06-01,58499,,Al Qusais Industrial Fourth
CNT2133054076,2025-10-16,24000,Office,Port Saeed
CNT2133974098,2026-01-05,44625,1bed room+Hall,Ras Al Khor Industrial Third
CNT2133405221,2025-11-10,113735,2 bed rooms+hall,Marsa Dubai
CNT2133158147,2025-10-01,304300,Shop,Oud Metha
CNT2131246582,2025-07-01,65000,1bed room+Hall,Oud Metha
CNT2129571839,2025-01-15,112665,3 bed rooms+hall,Mankhool
CNT2132070675,2025-07-31,15000,Office,Hor Al Anz
CNT2127574377,2025-01-15,81254,2 bed rooms+hall,Al Barsha First
CRT2134073356,2025-10-01,55000,1bed room+Hall,Hor Al Anz
CNT2132969672,2025-10-12,96000,2 bed rooms+hall,Al Wasl
CNT2132023865,2025-08-10,75000,Shop,Al Mararr
CNT2132956739,2025-10-01,117500,Warehouse,Dubai Investment Park First
CRT2129931188,2025-02-21,200000,4 bed rooms+hall,Wadi Al Safa 5
CNT2133302086,2025-11-01,60000,1bed room+Hall,Nadd Hessa
CNT2127086155,2025-01-01,24000,1bed room+Hall,Muhaisanah Fourth
CNT2133564022,2025-11-20,10000,Office,Al Garhoud
CNT2134230460,2025-12-06,84000,2 bed rooms+hall,Al Barsha First
CNT2130236216,2025-03-10,53000,Studio,Dubai Investment Park First
CNT2134013826,2026-01-28,90000,2 bed rooms+hall,Al Rega
CNT2133039003,2025-09-20,124800,Labor Camp,Muhaisanah Second
CNT2134102215,2026-01-01,45000,2 bed rooms+hall,Al Warqa First
CRT2133914706,2025-12-10,92000,Shop,Al Thanyah Fifth
CNT2130134595,2025-01-01,830024,Studio,Jabal Ali First
CNT2133198254,2025-10-08,163721,3 bed rooms+hall,Al Manara
CNT2133567743,2026-01-31,83000,2 bed rooms+hall,Wadi Al Safa 3
CNT2133831881,2025-12-11,17000,Office,Al Mararr
CRT2132868056,2025-11-01,106667,1bed room+Hall,Al Merkadh
CNT2130789325,2025-05-12,200000,Office,Business Bay
CRT2129253066,2025-01-28,54000,1bed room+Hall,Al Hebiah Second
CNT2130222987,2025-03-22,27720,1bed room+Hall,AL QUSAIS
CRT2133406506,2025-11-15,100000,3 bed rooms+hall,Al Satwa
CNT2130876833,2025-03-01,1708800,Room in labor Camp,Al Goze Third
CNT2130215943,2025-03-22,45000,Studio,Jabal Ali First
CRT2128571906,2025-01-01,42350,1bed room+Hall,Me'Aisem First
CRT2132893596,2025-10-06,160000,3 bed rooms+hall,Wadi Al Safa 3
CNT2133832942,2025-12-12,180000,Office,Business Bay
CRT2130148826,2025-03-13,80000,1bed room+Hall,Hadaeq Sheikh Mohammed Bin Rashid
CNT2131505383,2025-04-05,71300,Office,Al Qusais Industrial Second
CNT2133694450,2025-10-20,3348000,Room in labor Camp,Jabal Ali Industrial First
CRT2131692306,2025-01-21,220000,3 bed rooms+hall,Nad Al Shiba Fourth
CRT2133861646,2025-12-15,120000,1bed room+Hall,Al Khairan First
CNT2130074653,2025-03-08,450000,Room in labor Camp,Jabal Ali Industrial First
CNT2127797777,2025-01-14,45980,1bed room+Hall,Jabal Ali First
CNT2130774386,2025-05-05,20000,Office,Al Khabeesi
CNT2130519074,2025-04-01,44730,Office,Al Mamzer
CRT2132613526,2025-09-01,100000,1bed room+Hall,Al Merkadh
CNT2132015928,2025-04-10,33000,Studio,Al Barsha First
CNT2132545688,2025-10-01,126500,3 bed rooms+hall,Al Hamriya
CNT2132908193,2025-10-06,20000,Office,Al Murqabat
CNT2129264467,2025-01-26,120000,Warehouse,Al Goze Industrial Third
CRT2130902976,2025-05-12,150000,6 bed rooms+hall,Al Aweer First
CNT2130404491,2025-04-14,75000,1bed room+Hall,Al Barsha South Fourth
CNT2131796440,2025-05-12,51600,Room in labor Camp,Al Goze Industrial Second
CNT2132870513,2025-09-21,148000,1bed room+Hall,Marsa Dubai
CNT2132371267,2025-07-16,168000,Room in labor Camp,Muhaisanah Second
CNT2127560840,2025-02-25,55440,2 bed rooms+hall,Al Goze Industrial Second
CNT2131841947,2025-03-01,300000,Hotel,Al Dhagaya
CNT2133207145,2025-11-01,65000,1bed room+Hall,Al Barsha South Fourth
CNT2131097787,2025-05-01,828000,Room in labor Camp,Al Goze Industrial Third
CNT2133181019,2025-10-24,72000,1bed room+Hall,Al Barshaa South Third
CNT2131394643,2025-07-20,110000,2 bed rooms+hall,Al Murqabat
CNT2130058484,2025-03-01,410400,Room in labor Camp,Muhaisanah Second
CNT2129373303,2025-03-01,89250,Shop,Al Thanyah Fifth
CRT2131699146,2025-07-01,55000,1bed room+Hall,Al Hebiah Third
CNT2133203357,2025-09-20,135000,Warehouse,Dubai Investment Park Second
CRT2129252856,2025-02-10,105000,1bed room+Hall,Burj Khalifa
CNT2132727026,2025-01-14,621168,Showroom,Dubai Investment Park Second
CRT2129436336,2025-01-20,120000,3 bed rooms+hall,Al Thanyah Third
CNT2132328354,2025-08-15,42900,1bed room+Hall,Dubai Investment Park Second
CNT2132119925,2025-09-01,176990,Office,Al Thanyah First
CNT2131799245,2025-04-15,1360800,Room in labor Camp,Dubai Investment Park Second
CNT2131779627,2025-06-21,77000,2 bed rooms+hall,Wadi Al Safa 2
CNT2131801037,2025-04-26,53999,2 bed rooms+hall,Muhaisanah Fourth
CNT2130962235,2025-04-09,41000,1bed room+Hall,Al Warsan First
CRT2131541566,2025-04-01,33600,Shop,Naif
CRT2129119086,2025-01-01,172800,Labor Camp,Ras Al Khor Industrial Third
CNT2129671119,2025-02-20,115000,1bed room+Hall,Burj Khalifa
CNT2129439583,2025-02-11,15000,Office,Al Nahda First
CNT2133230109,2025-11-05,160000,2 bed rooms+hall,Al Khairan First
CNT2131800327,2025-07-25,48510,2 bed rooms+hall,Al Karama
CNT2130974719,2025-05-01,300000,Labor Camp,Muhaisanah Second
CNT2133006129,2025-05-15,4669000,Studio,Madinat Hind 3
CRT2133193146,2025-09-28,45000,1bed room+Hall,Al Warsan First
CNT2133652904,2025-11-22,64050,1bed room+Hall,Al Suq Al Kabeer
CNT2132332009,2025-08-01,90000,2 bed rooms+hall,Oud Metha
CNT2132101327,2025-07-01,945001,Room in labor Camp,Muhaisanah Second
CNT2134060729,2026-01-01,40000,Studio,Al Ras
CNT2130492390,2025-04-01,450000,Room in labor Camp,Muhaisanah Second
CNT2133945458,2025-12-25,70000,1bed room+Hall,Al Barsha First
CNT2126679339,2025-01-01,500000,Room in labor Camp,Dubai Investment Park Second
CNT2133662603,2025-12-26,31999,2 bed rooms+hall,Hor Al Anz
CNT2133940685,2025-12-22,20000,Office,Business Bay
CRT2132183316,2025-08-17,42000,Studio,Jabal Ali Industrial Second
CNT2129900964,2025-09-01,37000,1bed room+Hall,Mirdif
CNT2130451589,2025-06-20,49000,Studio,Um Hurair First
CRT2132338716,2025-08-18,50000,1bed room+Hall,Jumeirah First
CNT2131974626,2025-07-24,15000,Office,Al Mararr
CNT2130762318,2025-05-15,29174,Office,Al Qusais Industrial First
CNT2133109851,2025-10-21,15000,Office,Al Mararr
CNT2132753078,2025-10-01,80000,1bed room+Hall,Al Warqa First
CNT2130287623,2025-03-30,137500,3 bed rooms+hall,Al Murqabat
CRT2131928186,2025-07-07,265000,5 bed rooms+hall,Um Suqaim Third
CNT2131672876,2025-01-13,237895,1bed room+Hall,Marsa Dubai
CNT2131019350,2025-05-26,66000,2 bed rooms+hall,Al Barshaa South Third
CNT2131383135,2025-06-20,136879,Office,Trade Center First
CNT2132619101,2025-09-25,43000,1bed room+Hall,Wadi Al Safa 5
CNT2130000762,2025-03-03,20000,Office,Port Saeed
CNT2130829663,2025-04-27,162000,2 bed rooms+hall,Trade Center First
CNT2134262642,2026-01-15,15000,Office,Al Karama
CRT2128321936,2025-01-25,42000,Studio,Al Hebiah Fourth
CRT2130514641,2025-05-01,150000,3 bed rooms+hall,Al Yelayiss 1
CNT2131740227,2025-07-07,15000,Office,Dubai Investment Park Second
CNT2134172813,2026-01-15,60815,Shop,Cornich Deira
CRT2132871106,2025-09-15,29500,Shop,Naif
CNT2131682508,2025-04-11,47250,1bed room+Hall,Dubai Investment Park Second
CNT2133128549,2025-10-22,60000,2 bed rooms+hall,Al Goze Industrial Second
CNT2128321148,2025-01-25,45000,1bed room+Hall,Al Suq Al Kabeer
CNT2131210467,2025-06-15,78750,Warehouse,Jabal Ali Industrial First
CNT2131246841,2025-06-01,190575,2 bed rooms+hall,Burj Khalifa
CNT2129969283,2025-02-10,25105,Studio,Al Warsan First
CRT2127793886,2025-01-11,90000,1bed room+Hall,Hadaeq Sheikh Mohammed Bin Rashid
CNT2132018528,2025-07-28,70000,2 bed rooms+hall,Wadi Al Safa 5
CNT2133194577,2025-10-23,20000,Office,Rega Al Buteen
CNT2130149027,2025-03-01,36750,Studio,Al Suq Al Kabeer
CNT2134285089,2026-01-17,20000,Office,Al Mararr
CNT2133327774,2025-11-05,20000,Office,Al Karama
CRT2132394626,2025-09-01,25000,Studio,Al Mararr
CNT2133598345,2025-11-24,15000,Office,Al Barsha First
CRT2129828576,2025-02-23,31500,Shop,Al Warsan First
CNT2134097545,2026-01-01,2090000,2 bed rooms+hall,Al Karama
CNT2133858254,2025-12-15,18000,Studio,Al Mararr
CNT2131315300,2025-06-23,52000,1bed room+Hall,Al Raffa
CNT2133350898,2025-07-01,350000,Studio,Al Warsan First
CNT2133152704,2025-08-14,7545780,1bed room+Hall,Al Goze Industrial Second
CNT2130486876,2025-04-18,39690,Studio,Jabal Ali First
CNT2131373175,2025-06-18,20000,Office,Al Muteena
CNT2129901959,2025-01-11,74400,Shop,Al Hudaiba
CNT2132013724,2025-08-21,50000,Studio,Al Jadaf
CNT2133280810,2025-11-01,40000,1bed room+Hall,Al Muteena
CRT2130398646,2025-04-09,180000,3 bed rooms+hall,Al Thanayah Fourth
CNT2133342069,2025-11-07,159390,3 bed rooms+hall,Nadd Hessa
CNT2132720181,2025-10-01,610050,Shop,Al Ras
CNT2133047665,2025-09-25,60000,Studio,Al Barsha South Fourth
CNT2127535421,2025-01-06,84000,2 bed rooms+hall,Madinat Al Mataar
CNT2131573364,2025-06-30,10000,Office,Mankhool
CNT2132810070,2025-09-29,15000,Office,Saih Shuaib 3
CNT2130941396,2025-05-16,16000,Office,Al Garhoud
CNT2132986984,2025-10-11,15000,Office,Al Goze First
CRT2131415726,2025-06-24,59000,1bed room+Hall,Al Barsha South Fourth
CNT2130279375,2025-03-28,31999,1bed room+Hall,AL QUSAIS
CNT2133834820,2025-11-10,3975840,Room in labor Camp,Al Warsan Third
CNT2132848587,2025-04-01,558000,Room in labor Camp,Al Goze Industrial First
CNT2127389298,2025-01-01,42505,1bed room+Hall,Hor Al Anz
CNT2130282037,2025-03-25,15000,Office,Naif
CNT2132951372,2025-10-08,125000,1bed room+Hall,Business Bay
CNT2132566428,2025-07-20,268800,Room in labor Camp,Muhaisanah Second
CNT2131867879,2025-07-16,15000,Office,Al Goze Industrial First
CNT2132328420,2025-06-25,69600,1bed room+Hall,Dubai Investment Park Second
CNT2127986265,2025-01-01,52800,Studio,Al Buteen
CNT2133787732,2025-08-01,988000,Studio,Dubai Investment Park Second
CNT2130485483,2025-04-14,13000,Office,Mankhool
CNT2129080026,2025-02-10,40000,Office,Al Qusais Industrial Second
CNT2130192055,2025-03-03,121000,4 bed rooms+hall,Al Rega
CNT2133982397,2026-01-07,82688,3 bed rooms+hall,Ras Al Khor Industrial Third
CNT2132605366,2025-09-15,2667100,Room in labor Camp,Jabal Ali Industrial First
CNT2134264963,2025-12-11,108000,Room in labor Camp,Al Goze Third
CNT2133851634,2026-01-01,24000,1bed room+Hall,Al Hudaiba
CNT2129611475,2025-03-01,211210,2 bed rooms+hall,Burj Khalifa
CNT2131930513,2025-07-20,99450,3 bed rooms+hall,Al Murqabat
CNT2134097311,2026-01-05,20000,Office,Al Mararr
CNT2132935510,2025-09-15,160000,2 bed rooms+hall,Al Khairan First
CNT2130596108,2025-04-05,115500,3 bed rooms+hall,Mankhool
CNT2131262972,2025-06-11,40000,1bed room+Hall,Al Warsan First
CNT2132690554,2025-09-20,118000,2 bed rooms+hall,Al Barsha South Fourth
CNT2130355218,2025-03-05,80000,1bed room+Hall,Al Barsha South Fourth
CNT2130238898,2025-03-21,2361600,Room in labor Camp,Al Goze Third
CNT2132883595,2025-12-16,44000,1bed room+Hall,Al Goze Industrial Second
CNT2128311778,2025-02-01,6988800,Room in labor Camp,Jabal Ali Industrial First
CNT2133469046,2025-11-15,663421,Room in labor Camp,Muhaisanah Second
CNT2133393287,2025-04-02,110400,1bed room+Hall,Dubai Investment Park First
CNT2127032373,2025-01-01,1376400,Room in labor Camp,Dubai Investment Park Second
CNT2130732827,2025-02-27,478404,Room in labor Camp,Saih Shuaib 2
CNT2130684086,2025-04-28,15000,Office,Al Muteena
CNT2134268780,2026-02-03,63000,2 bed rooms+hall,Mankhool
CNT2131360279,2025-01-01,43000,2 bed rooms+hall,Naif
CNT2134310377,2026-01-19,756000,Room in labor Camp,Al Goze Third
CNT2131087666,2025-05-27,15000,Office,Hor Al Anz
CNT2129120170,2025-01-01,98400,Labor Camp,Al Goze Industrial Fourth
CNT2130825788,2025-07-18,61950,2 bed rooms+hall,Mirdif
CNT2133104269,2025-10-01,41000,Studio,Jabal Ali First
CNT2133729052,2025-12-04,15000,Office,Al Barsha First
CNT2130461839,2025-05-25,54000,Office,Naif
CNT2132759406,2025-09-23,212000,2 bed rooms+hall,Burj Khalifa
CRT2132343145,2025-09-01,75000,1bed room+Hall,Al Barsha South Fourth
CNT2131768213,2025-07-09,15000,1bed room+Hall,Al Murqabat
CNT2132478662,2025-11-01,115763,Duplex,Al Raffa
CNT2132642955,2025-11-25,45000,1bed room+Hall,Al Warqa First
CNT2127595566,2025-01-10,49462,1bed room+Hall,Jabal Ali First
CRT2132309966,2025-08-21,180000,2 bed rooms+hall,Marsa Dubai
CNT2133701772,2025-12-02,40000,Studio,Eyal Nasser
CNT2129991521,2025-02-07,160000,1bed room+Hall,Marsa Dubai
CRT2130217956,2025-03-01,480000,5 bed rooms+hall,Al Barsha Third
CNT2130430196,2025-03-05,196650,Office,Business Bay
CNT2128318778,2025-01-01,80000,Shop,Al Warsan First
CNT2133989317,2025-12-25,15000,Office,Al Murqabat
CNT2134095754,2026-01-31,71222,1bed room+Hall,Al Jadaf
CNT2134022575,2025-12-29,20000,Shop,Al Murqabat
CNT2132093411,2025-07-01,40000,1bed room+Hall,Hor Al Anz East
CNT2130244958,2025-03-30,73500,2 bed rooms+hall,Al Murqabat
CNT2131162223,2025-06-02,15000,Office,Hor Al Anz
CNT2132330554,2025-08-21,13600000,Room,Al Murqabat
CNT2133797450,2025-11-01,70000,2 bed rooms+hall,Al Raffa
CNT2129878984,2025-02-21,20000,Office,Ras Al Khor Industrial Second
CNT2130242511,2025-03-15,50000,1bed room+Hall,Mankhool
CRT2133854266,2026-01-27,49000,Studio,Al Barsha South Fourth
CNT2133423056,2025-08-15,99360,Office,Al Thanyah First
CRT2132728566,2025-09-19,170000,3 bed rooms+hall,Marsa Dubai
CNT2130460377,2025-04-11,16000,Office,Business Bay
CNT2132899826,2025-10-05,65000,1bed room+Hall,Mirdif
CRT2133469066,2025-11-13,93000,1bed room+Hall,Business Bay
CNT2133683603,2026-01-14,31000,Studio,Naif
CNT2129870978,2025-01-01,14400,Room in labor Camp,Muhaisanah Second
CNT2131652858,2025-07-01,15000,Office,Al Baraha
CNT2130361137,2025-05-01,36383,2 bed rooms+hall,Muhaisanah Fourth
CNT2131977970,2025-09-01,61000,1bed room+Hall,Hor Al Anz East
CNT2130658453,2025-04-05,83000,3 bed rooms+hall,AL TWAR FIFTH
CNT2133006129,2025-05-15,4669000,Studio,Madinat Hind 3
CNT2130512223,2025-04-15,15000,Office,Al Goze First
CNT2130095213,2025-01-26,57600,Room in labor Camp,Muhaisanah Second
CRT2134181756,2026-01-10,120000,1bed room+Hall,Jumeirah First
CNT2134326438,2026-01-20,15000,Office,Al Mararr
CNT2134236147,2025-12-01,2909500,Labor Camp,Muhaisanah Second
CRT2131964028,2025-09-20,86700,1bed room+Hall,Al Khairan First
CNT2129873669,2025-03-01,53500,2 bed rooms+hall,Al Qusais Industrial First
CNT2133302710,2025-11-03,15000,Office,Hor Al Anz
CNT2132024887,2025-05-01,484800,Room in labor Camp,Muhaisanah Second
CNT2132109241,2025-07-01,53000,2 bed rooms+hall,Al Nahda First
CRT2125876306,2025-01-01,118000,1bed room+Hall,Burj Khalifa
CNT2130044785,2025-03-15,36000,Studio,Al Rega
CRT2133494026,2025-09-05,40000,Shop,Naif
CNT2133598000,2026-01-01,27930,Studio,Nadd Hessa
CNT2128537651,2025-01-15,65000,2 bed rooms+hall,Wadi Al Safa 2
CRT2130561858,2025-04-19,158000,2 bed rooms+hall,Hadaeq Sheikh Mohammed Bin Rashid
CRT2132167016,2025-08-05,60000,2 bed rooms+hall,Al Rashidiya
CNT2134236147,2025-12-01,2909500,Labor Camp,Muhaisanah Second
CRT2133007086,2025-11-01,120000,5 bed rooms+hall,Al Bada
CRT2133705506,2025-12-01,90000,1bed room+Hall,Business Bay
CNT2133250535,2025-12-01,94000,3 bed rooms+hall,Trade Center First
CNT2132649063,2025-09-16,15000,Office,Al Khabeesi
CRT2130121886,2025-03-21,360000,3 bed rooms+hall,Al Thanyah Fifth
CRT2130518376,2025-04-11,109250,Office,Al Thanyah Fifth
CNT2132110105,2025-09-09,65048,2 bed rooms+hall,Mirdif
CNT2133738454,2025-11-01,200000,2 bed rooms+hall,Marsa Dubai
CNT2129870118,2025-02-12,208725,2 bed rooms+hall,Al Rega
CNT2130078009,2025-01-20,350000,10 bed rooms+hall,Jumeirah Third
CRT2131973206,2025-08-01,95000,2 bed rooms+hall,Al Yelayiss 2
CNT2133986814,2025-11-25,256200,Room in labor Camp,Al Goze Industrial Fourth
CNT2124541417,2025-01-05,30420,Studio,Warsan Fourth
CNT2130207091,2025-03-19,68000,1bed room+Hall,Wadi Al Safa 5
CNT2131049857,2025-05-25,110000,2 bed rooms+hall,Al Barsha South Fourth
CNT2132284631,2025-08-18,15000,Office,Mankhool
CNT2131121795,2025-05-29,15000,Office,Hor Al Anz
CNT2130953055,2025-04-15,39000,1bed room+Hall,Al Warsan First
CRT2133686673,2025-11-29,75580,1bed room+Hall,Al Thanyah Fifth
CNT2127482309,2025-01-03,282975,2 bed rooms+hall,Al Goze Industrial Second
CNT2133944998,2025-12-22,16000,Office,Business Bay
CNT2128308781,2025-01-21,15000,Office,Dubai Investment Park First
CNT2130259904,2025-03-10,68000,1bed room+Hall,Nadd Hessa
CNT2132601566,2025-09-07,40200,Studio,Wadi Al Safa 2
CNT2130552821,2025-04-15,75000,2 bed rooms+hall,Al Warqa First
CNT2133531322,2025-12-02,43000,1bed room+Hall,Al Qusais Industrial Fifth
CNT2134313879,2026-02-01,60000,1bed room+Hall,Nadd Hessa
CNT2132867601,2025-08-21,25410,Studio,Al Warsan First
CNT2131779056,2025-07-15,62000,1bed room+Hall,Nadd Hessa
CNT2131379627,2025-06-25,70000,1bed room+Hall,Al Barshaa South Third
CRT2132977356,2025-10-10,35000,2 bed rooms+hall,Abu Hail
CNT2128567263,2025-02-01,32000,Studio,Al Aweer First
CNT2130187798,2025-01-20,3971392,Room in labor Camp,Jabal Ali Industrial First
CNT2128474401,2025-01-20,65000,2 bed rooms+hall,Wadi Al Safa 2
CNT2134325595,2025-12-01,32400,Room in labor Camp,Muhaisanah Second
CNT2131022088,2025-05-22,15000,Office,Hor Al Anz
CNT2130555382,2025-04-14,210000,Room in labor Camp,Muhaisanah Second
CNT2129445498,2025-02-01,45000,Studio,Al Barshaa South Third
CNT2133752910,2025-12-06,15000,Office,Al Murqabat
CRT2134318936,2025-11-01,9000000,1bed room+Hall,Al Barsha South Fourth
CRT2133893206,2025-12-18,57750,1bed room+Hall,Al Hebiah Fifth
CNT2131047910,2025-05-22,26500,Office,AL TWAR FIFTH
CRT2133058406,2025-10-18,385000,3 bed rooms+hall,Me'Aisem First
CNT2130774440,2025-05-05,49680,1bed room+Hall,Al Thanyah First
CNT2133684620,2025-12-01,31000,Studio,Al Mararr
CNT2134305871,2026-01-19,137632,Office,Oud Metha
CNT2127970526,2025-01-22,110000,2 bed rooms+hall,Mirdif
CNT2132773438,2025-09-25,30000,1bed room+Hall,Muhaisanah Second
CNT2132244507,2025-08-01,172700,3 bed rooms+hall,Al Safouh First
CNT2134090455,2026-01-05,839121,Office,Al Muteena
CNT2132141350,2025-07-01,42852,1bed room+Hall,Al Nahda First
CNT2132626370,2025-07-26,54000,Labor Camp,Muhaisanah Second
CNT2133252641,2025-10-30,20000,Office,Saih Shuaib 2
CNT2131500855,2025-07-01,55000,1bed room+Hall,Al Barsha South Fourth
CNT2133871498,2025-12-16,10000,Office,Dubai Investment Park Second
CNT2132624434,2025-08-01,77000,1bed room+Hall,Trade Center Second
CNT2132775567,2025-12-20,37000,Studio,Al Barsha First
CNT2131787629,2025-06-25,94500,1bed room+Hall,Al Thanyah First
CNT2133291588,2025-11-03,17000,Office,Business Bay
CNT2133225819,2025-11-15,65000,1bed room+Hall,Al Barsha South Fourth
CNT2132400732,2025-08-17,500000,1bed room+Hall,Al Mararr
CNT2132792049,2025-10-01,90000,2 bed rooms+hall,Al Thanyah First
CRT2130023086,2025-02-28,144000,1bed room+Hall,Marsa Dubai
CNT2131780160,2025-07-01,56918,2 bed rooms+hall,Al Warsan First
CNT2130044595,2025-03-05,15000,Office,Al Khabeesi
CRT2129954586,2025-03-01,64000,1bed room+Hall,Al Barsha South Fifth
CNT2131932855,2025-07-22,65000,1bed room+Hall,Al Raffa
CNT2134096724,2025-11-19,648000,Room in labor Camp,Jabal Ali Industrial First
CRT2133422246,2025-08-01,150000,2 bed rooms+hall,Burj Khalifa
CNT2132917731,2025-10-15,86450,Office,Al Karama
CNT2129959308,2025-02-27,15000,Office,Al Murqabat
CRT2133974611,2026-01-01,120000,2 bed rooms+hall,Al Barshaa South Third
CNT2128803677,2025-01-30,15000,Office,Al Garhoud
CNT2130598848,2025-05-01,48619,,Al Goze Industrial Second
CNT2128113777,2025-01-16,15000,Office,Al Karama
CNT2130658580,2025-05-08,63000,1bed room+Hall,Jabal Ali First
CNT2132547845,2025-09-15,13000000,1bed room+Hall,Al Jadaf
CNT2131026047,2025-04-25,47000,2 bed rooms+hall,Al Qusais Industrial Fifth
CNT2128115764,2025-01-16,25000,Office,Al Dhagaya
CNT2133539140,2025-11-18,15000,Office,Al Muteena
CNT2132528671,2025-09-06,16000,Office,Port Saeed
CNT2132013467,2025-08-02,71400,2 bed rooms+hall,Al Karama
CNT2131146598,2025-05-31,32000,Office,Al Garhoud
CRT2132033716,2025-08-05,75000,3 bed rooms+hall,Madinat Hind 4
CNT2129950671,2025-03-08,43700,1bed room+Hall,Wadi Al Safa 5
CNT2128486788,2025-02-01,61000,1bed room+Hall,Business Bay
CNT2132019483,2025-07-28,15000,Office,Al Nahda Second
CNT2130332991,2025-04-03,50000,Shop,Al Mararr
CNT2134173457,2026-01-01,137500,Shop,Al Barshaa South Third
CNT2132280008,2025-08-18,10000,Office,Mankhool
CNT2131810927,2025-05-01,6600,Room in labor Camp,Muhaisanah Second
CNT2131856768,2025-07-01,1044000,5 bed rooms+hall,Saih Shuaib 4
CNT2134094522,2026-01-06,33000,Studio,Al Nahda Second
CNT2133524147,2025-11-20,40000,1bed room+Hall,Al Warqa First
CNT2132734669,2025-10-02,39999,1bed room+Hall,Muhaisanah Fourth
CNT2133181986,2025-08-01,1800000,Room in labor Camp,Al Goze Industrial Second
CNT2132711194,2025-07-05,65000,Office,Al Barsha First
CNT2126859260,2025-01-01,201600,Office,Al Murqabat
CNT2130984971,2025-05-15,842400,Room in labor Camp,Al Goze Third
CNT2131004989,2025-05-21,15000,Office,Al Khabeesi
CNT2134122712,2026-01-13,18000,Office,Hor Al Anz East
CNT2132133757,2025-04-01,144000,Room in labor Camp,Al Goze Industrial Second
CNT2130223828,2025-03-19,44000,Studio,Al Merkadh
CNT2132976887,2025-11-01,60000,1bed room+Hall,Mankhool
CNT2131248658,2025-06-01,493500,Room in labor Camp,Muhaisanah Second
CNT2129685337,2025-01-01,42084,1bed room+Hall,Al Nahda Second
CNT2132778275,2025-11-17,150000,2 bed rooms+hall,Trade Center First
CNT2133192065,2025-10-27,15000,Office,Al Khabeesi
CNT2130945200,2025-01-17,75785,Shop,Al Warsan First
CRT2131649146,2025-07-08,60000,1bed room+Hall,Al Barsha South Fourth
CNT2130435102,2025-04-09,15000,Office,Al Khabeesi
CNT2130047477,2025-03-20,87320,2 bed rooms+hall,Um Hurair Second
CNT2127591366,2025-01-01,82800,4 bed rooms+hall,Hor Al Anz
CNT2133426723,2025-10-15,57000,2 bed rooms+hall,AL QUSAIS
CNT2132564561,2025-11-24,46691,2 bed rooms+hall,Al Warsan First
CNT2133303846,2025-09-10,4665600,Room in labor Camp,Jabal Ali Industrial First
CNT2133835575,2025-08-27,1347434,Shop,Palm Jumeirah
CNT2133001243,2026-01-01,67000,2 bed rooms+hall,Al Warqa First
CNT2132637584,2025-10-01,55000,Office,Al Murqabat
CNT2132459624,2025-09-01,12000,Office,Naif
CNT2130551410,2025-05-01,37810,Office,Um Hurair Second
CNT2131856574,2025-03-01,14000000,2 bed rooms+hall,Trade Center First
CNT2134297114,2025-12-24,84064,Warehouse,Jabal Ali Industrial First
CNT2133986634,2025-12-25,42000,1bed room+Hall,Saih Shuaib 1
CNT2132634881,2025-09-20,52000,1bed room+Hall,Al Goze First
CNT2129452525,2025-02-15,45000,2 bed rooms+hall,Al Nahda Second
CNT2130043930,2025-03-05,15000,Office,Trade Center Second
CNT2126920521,2025-01-10,36000,Studio,Al Hamriya
CNT2131656783,2025-07-01,20000,Office,Port Saeed
CNT2132332684,2025-08-21,15000,Office,Oud Metha
CNT2128115834,2025-01-01,27000,Shop,Al Mararr
CNT2130446361,2025-04-15,27000,Office,Al Mararr
CNT2130513891,2025-04-15,15000,Office,Al Barsha First
CNT2127973971,2025-01-01,45000,Office,Um Ramool
CNT2132944531,2025-11-06,37000,1bed room+Hall,Naif
CNT2132104447,2025-03-18,1762980,Room in labor Camp,Al Goze Industrial Second
CNT2132887568,2025-10-07,51975,1bed room+Hall,Mirdif
CNT2132748103,2025-09-23,15000,Office,Al Suq Al Kabeer
CNT2133303322,2025-11-03,20000,Office,Saih Shuaib 2
CNT2130546079,2025-08-01,61000,2 bed rooms+hall,Al Nahda Second
CNT2132501067,2025-07-01,125000,Warehouse,Al Goze Industrial Fourth
CRT2130965266,2025-05-20,110000,Shop,Al Ras
CNT2129969032,2025-02-28,33000,Office,Al Khabeesi
CNT2130588301,2025-04-21,10000,Office,Al Baraha
CNT2133041602,2025-11-15,57750,2 bed rooms+hall,Hor Al Anz
CNT2130518464,2025-05-01,63945,2 bed rooms+hall,Mirdif
CRT2127311146,2025-01-10,35000,Studio,Me'Aisem First
CNT2126114361,2025-01-01,45000,Studio,Al Muteena
CNT2131145159,2025-06-24,48687,1bed room+Hall,Jabal Ali First
CNT2130264589,2025-03-24,15000,Office,Al Mararr
CNT2128547276,2025-01-27,24000,Room in labor Camp,Jabal Ali Industrial First
CNT2133183156,2025-10-10,77175,2 bed rooms+hall,Al Hamriya
CNT2128827316,2025-01-15,1300000,Room in labor Camp,Al Goze Industrial Second
CNT2133826581,2025-11-05,140000,2 bed rooms+hall,Al Satwa
CNT2131198382,2025-05-16,47000,Shop,Hor Al Anz East
CRT2133313016,2025-09-01,5000,Studio,Warsan Fourth
CNT2131287820,2025-06-05,29000,Studio,Al Nahda Second
CNT2127956009,2025-01-01,38500,Shop,Al Suq Al Kabeer
CNT2128959919,2025-02-03,15000,Office,Al Barsha First
CNT2130734083,2025-03-05,25000,Studio,Naif
CNT2133072892,2025-11-15,3820000,2 bed rooms+hall,Madinat Al Mataar
CNT2130551440,2025-05-23,33957,1bed room+Hall,Al Warsan First
CNT2133116403,2025-09-09,313260,Warehouse,Dubai Investment Park Second
CNT2132233087,2025-08-13,19000,Office,Ras Al Khor Industrial Second
CNT2130723329,2025-04-30,25000,Office,Port Saeed
CNT2132505706,2025-05-05,49500,1bed room+Hall,Nad Al Hamar
CNT2133317408,2025-11-04,16000,Office,Business Bay
CNT2131025907,2025-04-27,36383,2 bed rooms+hall,Muhaisanah Fourth
CNT2134172700,2026-01-15,103950,2 bed rooms+hall,Marsa Dubai
CNT2132364073,2025-09-10,58000,2 bed rooms+hall,Al Nahda Second
CNT2132530923,2025-11-21,42000,1bed room+Hall,Al Goze Industrial Second
CNT2130688976,2025-04-28,15000,Office,Jabal Ali Industrial First
CNT2133307129,2025-10-15,266112,Room in labor Camp,Muhaisanah Second
CNT2132333705,2025-09-16,75000,1bed room+Hall,Business Bay
CNT2132757565,2025-10-12,185712,2 bed rooms+hall,Al Wasl
CRT2129269436,2025-02-01,75000,1bed room+Hall,Al Barsha South Fourth
CRT2133055526,2025-10-16,160000,2 bed rooms+hall,Marsa Dubai
CNT2127474031,2025-01-15,24000,1bed room+Hall,Muhaisanah Fourth
CNT2129056197,2025-01-10,470016,Room in labor Camp,Jabal Ali Industrial First
CNT2129120964,2025-04-29,72000,2 bed rooms+hall,AL QUSAIS
CRT2129752056,2025-03-25,95000,3 bed rooms+hall,Mirdif
CRT2133555956,2025-11-21,330000,Office,Al Thanyah Third
CNT2134096724,2025-11-19,648000,Room in labor Camp,Jabal Ali Industrial First
CNT2132563884,2025-09-15,64000,1bed room+Hall,Al Jadaf
CNT2133129156,2025-11-21,93500,2 bed rooms+hall,Jabal Ali First
CNT2127764109,2025-01-10,15000,Office,Port Saeed
CNT2133280035,2025-11-01,54000,1bed room+Hall,Al Raffa
CNT2133447564,2025-11-01,6120000,Room in labor Camp,Madinat Dubai Almelaheyah
CNT2130166560,2025-03-01,40000,1bed room+Hall,Al Karama
CNT2131405497,2025-06-25,39690,Studio,Oud Metha
CNT2130631119,2025-04-01,350000,Studio,Naif
CNT2132677909,2025-09-16,110000,1bed room+Hall,Hadaeq Sheikh Mohammed Bin Rashid
CNT2134063069,2026-02-23,105000,2 bed rooms+hall,Al Barsha First
CNT2132787077,2025-11-10,80001,1bed room+Hall,Al Barsha South Fourth
CNT2132414299,2025-08-20,60950,2 bed rooms+hall,Al Karama
CNT2132299956,2025-08-10,56700,Office,Al Nahda First
CNT2133737667,2025-09-15,1542240,Room in labor Camp,Al Goze Third
CRT2127491216,2025-01-01,5000000,1bed room+Hall,Dubai Investment Park Second
CRT2129586816,2025-02-14,46000,Studio,Al Hebiah Fourth
CNT2133798686,2025-12-10,10000,Office,Dubai Investment Park First
CRT2131904826,2025-07-19,85000,1bed room+Hall,Al Barsha South Fourth
CNT2130078545,2025-02-10,57881,1bed room+Hall,Al Barsha First
CNT2127984693,2025-01-20,100000,2 bed rooms+hall,Wadi Al Safa 3
CNT2131183688,2025-06-01,110000,2 bed rooms+hall,Al Barsha South Fourth
CRT2133223176,2025-11-01,135000,2 bed rooms+hall,Marsa Dubai
CNT2130827176,2025-05-08,50000,Office,Business Bay
CNT2132899039,2025-04-15,153000,2 bed rooms+hall,Trade Center First
CNT2130339710,2025-01-01,605000,1bed room+Hall,Al Hebiah First
CNT2130651684,2025-02-15,200000,Shop,Al Thanyah First
CNT2127108326,2025-01-01,35650,Studio,Al Suq Al Kabeer
CNT2132683859,2025-09-18,10000,Office,Al Mararr
CNT2134190335,2026-01-01,100000,Shop,Al Suq Al Kabeer
CNT2130045919,2025-03-05,15000,Office,Al Goze Third
CNT2131119969,2025-03-22,185000,Warehouse,Al Goze Industrial Second
CNT2132494937,2025-01-15,451200,Room in labor Camp,Al Goze Industrial Second
CNT2132579619,2025-09-10,100000,Office,Al Thanyah First
CNT2133741659,2025-05-01,524753,Room in labor Camp,Jabal Ali Industrial First
CNT2130809701,2025-04-16,390000,Room in labor Camp,Muhaisanah Second
CRT2132949817,2025-09-24,105600,2 bed rooms+hall,Al Jadaf
CNT2131098072,2025-08-01,1388028,Office,Madinat Dubai Almelaheyah
CNT2133831029,2025-12-15,77000,2 bed rooms+hall,Al Hudaiba
CNT2132368708,2025-08-25,12000,Office,Naif
CNT2130041119,2025-01-01,65000,Shop,Al Karama
CNT2131089384,2025-06-05,39000,Studio,Wadi Al Safa 3
CRT2133225886,2025-11-03,200000,2 bed rooms+hall,Um Suqaim Third
CNT2133427568,2025-11-17,21000,Studio,Muhaisanah Fourth
CNT2126106354,2025-01-10,55000,2 bed rooms+hall,Al Hamriya
CNT2131335774,2025-06-16,25000,Office,Burj Khalifa
CRT2133168016,2025-11-01,56000,Studio,Al Barsha South Fourth
CNT2131395847,2025-06-27,40000,1bed room+Hall,Hor Al Anz
CNT2130697933,2025-05-05,90000,2 bed rooms+hall,Mankhool
CNT2132117928,2025-06-27,156924,Shop,Al Warsan First
CRT2132468466,2025-08-15,138375,2 bed rooms+hall,Al Merkadh
CNT2132755287,2025-08-03,90000,3 bed rooms+hall,Mirdif
CNT2132834707,2025-08-14,658800,Room in labor Camp,Dubai Investment Park Second
CNT2128539543,2025-01-20,30000,Studio,Naif
CNT2132331650,2025-08-21,15000,Shop,Al Baraha
CNT2127613908,2025-01-14,126999,1bed room+Hall,Jumeirah First
CRT2131519450,2025-06-30,193923,1bed room+Hall,Palm Jumeirah
CNT2133835530,2025-12-08,106800,Office,Al Thanyah First
CNT2131001502,2025-07-01,22000,Shop,Cornich Deira
CNT2130865918,2025-05-12,30000,Office,Rega Al Buteen
CNT2133146355,2025-10-15,1515000,Room in labor Camp,Dubai Investment Park First
CNT2131316487,2025-07-04,39999,2 bed rooms+hall,Muhaisanah Fourth
CNT2129439744,2025-02-05,55000,2 bed rooms+hall,AL QUSAIS
CNT2131562243,2025-06-26,46000,Studio,Al Barshaa South Third
CNT2131648603,2025-07-01,639000,1bed room+Hall,Al Suq Al Kabeer
CNT2131024250,2025-05-22,35000,3 bed rooms+hall,Hor Al Anz
CNT2133790675,2025-12-01,105000,Warehouse,Al Qusais Industrial Second
CNT2130721924,2025-04-14,261519,Warehouse,Dubai Investment Park First
CRT2130052476,2025-02-01,53000,Office,Al Dhagaya
CNT2134137749,2025-12-01,105800,Office,Port Saeed
CNT2131931627,2025-05-26,95000,2 bed rooms+hall,Mankhool
CNT2131790767,2025-08-01,20000,Studio,Hor Al Anz
CNT2131728533,2025-08-05,7287500,Room in labor Camp,Jabal Ali Industrial First
CNT2129856884,2025-02-01,4860000,Room in labor Camp,Muhaisanah Second
CNT2132367603,2025-09-11,73000,2 bed rooms+hall,Al Nahda First
CNT2131918989,2025-07-12,2425200,Room in labor Camp,Dubai Investment Park Second
CNT2130697374,2025-04-29,20000,Office,Hor Al Anz
CNT2133743306,2025-12-05,20000,Office,Naif
CNT2131209193,2025-05-27,82000,1bed room+Hall,Al Thanyah First
CNT2132701415,2025-08-25,1474180,Room in labor Camp,Jabal Ali Industrial First
CNT2130000897,2025-01-01,546480,Room in labor Camp,Dubai Investment Park First
CNT2129901636,2025-01-01,95000,2 bed rooms+hall,Al Rega
CRT2133817736,2025-11-13,230000,3 bed rooms+hall,Burj Khalifa
CNT2128449233,2025-01-22,20000,Office,Hor Al Anz
CRT2129804246,2025-02-14,50000,3 bed rooms+hall,Marsa Dubai
CRT2133408936,2025-11-10,110000,2 bed rooms+hall,Al Thanyah Fifth
CNT2133691339,2025-11-27,80000,1bed room+Hall,Al Barsha South Fourth
CNT2128539365,2025-01-01,27000,Studio,Al Muteena
CNT2133569925,2025-11-21,113000,1bed room+Hall,Nad Al Shiba First
CNT2133806649,2026-01-01,67500,Shop,Al Twar Second
CNT2131104993,2025-05-28,15000,Office,Business Bay
CNT2129841847,2025-03-01,121275,3 bed rooms+hall,Trade Center First
CNT2130399775,2025-01-01,4000000,Office,Al Goze Industrial Third
CNT2134295611,2025-01-26,48240,Office,Madinat Al Mataar
CNT2129995749,2025-03-03,20000,Office,Al Rega
CNT2130870533,2025-05-12,20000,Office,Oud Metha
CRT2130354219,2025-03-30,66000,2 bed rooms+hall,Al Yelayiss 2
CRT2134107436,2026-01-01,17280,Shop,Ras Al Khor Industrial Third
CNT2131999232,2025-06-01,29000,Studio,Al Ras
CNT2132940182,2025-10-08,28000,Shop,Al Suq Al Kabeer
CNT2130421873,2025-01-10,288000,Room in labor Camp,Jabal Ali Industrial First
CRT2133948826,2025-07-24,50000,1bed room+Hall,Al Hebiah Fourth
CNT2130994867,2025-05-20,15000,Office,Al Khabeesi
CRT2134181056,2026-01-01,275000,Office,Business Bay
CNT2133089839,2025-10-01,1036800,Labor Camp,Jabal Ali Industrial First
CNT2134254898,2026-02-05,80500,2 bed rooms+hall,Al Jadaf
CRT2132295596,2025-08-01,322209,Office,Business Bay
CNT2130623835,2025-04-16,159031,Office,Al Goze Third
CNT2132035629,2025-04-05,3330036,Studio,Jabal Ali First
CNT2130924909,2025-05-01,174284,Office,Al Thanyah First
CRT2131292026,2025-06-17,64000,1bed room+Hall,Me'Aisem First
CNT2133202547,2025-06-16,1200000,Studio,Naif
CNT2133165862,2025-09-14,32500,Office,Al Raffa
CNT2130881451,2025-06-01,48000,Studio,Al Barsha South Fourth
CNT2131506839,2025-06-15,35000,1bed room+Hall,Al Hamriya
CNT2133702449,2025-12-03,15000,Office,Al Murqabat
CNT2131392532,2025-06-20,38000,Studio,Al Raffa
CNT2130368010,2025-03-31,25569,Studio,Al Warsan First
CNT2132132603,2025-08-09,43000,Studio,Al Yelayiss 2
CNT2133773754,2025-12-01,46000,1bed room+Hall,Al Qusais Industrial First
CNT2131503525,2025-06-06,51700,1bed room+Hall,Al Barsha South Fourth
CRT2129806626,2025-03-01,138000,3 bed rooms+hall,Al Barsha South Fourth
CNT2132429968,2025-06-10,4982400,Room in labor Camp,Dubai Investment Park Second
CNT2134141311,2026-01-01,1100000,Studio,Al Dhagaya
CNT2129918056,2025-03-05,43600,1bed room+Hall,Nadd Hessa
CRT2129601386,2025-02-01,185000,Shop,Port Saeed
CRT2131295996,2025-05-01,50000,3 bed rooms+hall,Al Warsan First
CRT2130551966,2025-04-15,260000,2 bed rooms+hall,Burj Khalifa
CNT2132173009,2025-07-25,58000,1bed room+Hall,Al Barshaa South Third
CNT2132627454,2025-08-01,115000,4 bed rooms+hall,Mirdif
CNT2130244541,2025-03-21,20000,Office,Naif
CNT2133626066,2025-12-02,68400,Office,Al Rega
CRT2132025176,2025-08-01,135000,2 bed rooms+hall,Al Khairan First
CNT2128485883,2025-01-17,48000,2 bed rooms+hall,Al Qusais Industrial Fifth
CNT2131844664,2025-08-01,4567500,Studio,Madinat Hind 3
CRT2133052906,2025-11-15,430000,5 bed rooms+hall,Mankhool
CNT2131361430,2025-04-12,176000,4 bed rooms+hall,Al Saffa First
CRT2129915536,2025-01-01,30000,Open space,Ras Al Khor Industrial Third
CRT2130270456,2025-02-03,41000,Studio,Madinat Al Mataar
CNT2129448514,2025-01-05,55000,1bed room+Hall,Oud Metha
CNT2129262827,2025-02-18,37500,1bed room+Hall,Al Qusais Industrial Fifth
CNT2130671511,2025-04-10,60000,1bed room+Hall,Al Barshaa South Third
CNT2132865866,2025-10-15,1242000,Room in labor Camp,Al Goze Industrial Second
CNT2131681803,2025-07-06,150000,3 bed rooms+hall,Al Yelayiss 2
CNT2132810504,2025-07-23,150000,1bed room+Hall,Burj Khalifa
CNT2132192437,2025-08-15,110000,2 bed rooms+hall,Business Bay
CNT2132880220,2025-01-01,286200,Room in labor Camp,Dubai Investment Park Second
CNT2131567425,2025-05-01,115200,Room in labor Camp,Dubai Investment Park Second
CNT2132588609,2025-09-11,15000,Office,Burj Khalifa
CNT2130495500,2025-04-14,15000,Office,Al Khabeesi
CNT2132319643,2025-08-20,15000,Office,Hor Al Anz
CNT2131534168,2025-07-13,22500,Office,Al Karama
CRT2130879916,2025-04-20,200000,Showroom,Al Rowaiyah Third
CNT2131930454,2025-09-01,4368000,Room in labor Camp,Jabal Ali Industrial First
CNT2133623317,2025-12-01,114000,2 bed rooms+hall,Wadi Al Safa 5
CNT2133566990,2025-08-01,16200,Labor Camp,Al Goze Industrial Fourth
CNT2133037762,2025-11-12,39500,Studio,Jabal Ali First
CNT2127313947,2025-01-07,22000,Office,Naif
CRT2134169316,2025-10-07,420000,3 bed rooms+hall,Jumeirah Third
CNT2133557093,2025-11-19,20000,Office,Naif
CNT2132572778,2025-09-10,20000,Office,Ras Al Khor Industrial Second
CNT2130712818,2025-04-20,15000,Office,Al Nahda First
CNT2127317769,2025-01-02,15000,Office,Al Goze First
CRT2131106826,2025-04-22,75000,1bed room+Hall,Al Thanyah Fifth
CNT2124027823,2025-01-01,55000,2 bed rooms+hall,Al Karama
CNT2133450336,2025-11-01,2020652,Room in labor Camp,Al Goze Third
CNT2133692517,2025-12-01,55200,Studio,Hadaeq Sheikh Mohammed Bin Rashid
CNT2130522204,2025-04-16,10000,Office,Al Mararr
CNT2133576097,2025-11-08,575000,Showroom,Al Qusais Industrial First
CNT2133980356,2025-12-23,93732,1bed room+Hall,Al Merkadh
CNT2130635876,2025-03-29,60000,Shop,Muhaisanah Second
CNT2133256610,2025-09-15,65000,1bed room+Hall,Al Barsha South Fourth
CNT2132648303,2025-09-16,20000,Office,Ras Al Khor Industrial Second
CNT2133762737,2025-08-15,190000,Office,Business Bay
CNT2132681691,2025-04-06,117000,Labor Camp,Al Goze Industrial Third
CNT2130443670,2025-04-10,20000,Office,Hor Al Anz
CNT2131537044,2025-05-01,50400,Room in labor Camp,Dubai Investment Park Second
CNT2126671055,2025-01-01,38000,1bed room+Hall,Al Satwa
CNT2133303846,2025-09-10,4665600,Room in labor Camp,Jabal Ali Industrial First
CRT2133790896,2025-12-14,175000,3 bed rooms+hall,Al Hebiah Sixth
CNT2132351871,2025-08-01,70000,1bed room+Hall,Al Barshaa South Third
CNT2132340609,2025-08-30,51000,1bed room+Hall,Al Hebiah Fourth
CNT2132255857,2025-08-20,102849,Workshop,Madinat Dubai Almelaheyah
CRT2128968936,2025-02-01,155000,Office,Business Bay
CNT2133973994,2025-12-24,15000,Office,Al Muteena
CRT2129907356,2025-02-10,22000,Shop,Al Maha
CNT2131083513,2025-05-30,120000,1bed room+Hall,Al Barsha South Fifth
CNT2130881367,2025-05-20,44468,2 bed rooms+hall,Al Karama
CNT2129809620,2025-02-01,847180,Office,Um Hurair Second
CRT2133029556,2025-10-18,65000,1bed room+Hall,Al Hebiah Second
CRT2131133496,2025-06-01,240000,2 bed rooms+hall,Business Bay
CNT2133763559,2025-12-01,38000,1bed room+Hall,Naif
CNT2129903423,2025-04-04,63945,2 bed rooms+hall,Mirdif
CNT2130178185,2025-03-17,170000,4 bed rooms+hall,Al Barsha South Fourth
CNT2128732468,2025-03-03,38000,Studio,Al Qusais Industrial First
CNT2133489356,2025-12-01,180000,Office,Al Barsha South Fourth
CNT2129439127,2025-01-28,64500,Shop,Al Karama
CRT2132587141,2025-09-26,155000,1bed room+Hall,Burj Khalifa
CNT2132003071,2025-07-01,360000,Room in labor Camp,Muhaisanah Second
CNT2127744301,2025-02-01,132000,2 bed rooms+hall,Al Safouh Second
CNT2129843340,2025-02-19,16200,Room in labor Camp,Al Goze Third
CNT2132118173,2025-08-01,60000,2 bed rooms+hall,Me'Aisem First
CNT2128017998,2025-03-17,54000,1bed room+Hall,Al Murqabat
CNT2131767477,2025-06-25,21000,Room in labor Camp,Muhaisanah Second
CNT2131357549,2025-02-01,103500,Warehouse,Al Goze Industrial Third
CNT2130422581,2025-04-01,450000,Room in labor Camp,Muhaisanah Second
CNT2128929785,2025-02-01,33000,1bed room+Hall,Al Suq Al Kabeer
CNT2132989865,2025-10-11,26000,Studio,Al Dhagaya
CNT2131912877,2025-05-27,136500,1bed room+Hall,Palm Jumeirah
CNT2130954773,2025-05-17,15000,Office,Business Bay
CNT2129891657,2025-02-05,166154,Labor Camp,Al Goze Industrial Second
CRT2132547066,2025-09-01,49000,1bed room+Hall,Warsan Fourth
CNT2131397800,2025-05-01,40000,2 bed rooms+hall,Al Suq Al Kabeer
CNT2132574725,2025-07-15,375000,Shop,Al Ras
CNT2133818330,2025-08-01,86667,2 bed rooms+hall,Palm Jumeirah
CNT2130390384,2025-04-01,40000,1bed room+Hall,Al Satwa
CNT2131769231,2025-08-01,333600,Room in labor Camp,Muhaisanah Second
CNT2130246225,2025-02-20,290000,3 bed rooms+hall,Al Merkadh
CNT2132918756,2025-10-10,53000,1bed room+Hall,Al Qusais Industrial Third
CNT2134334559,2025-10-05,84477,Office,Dubai Investment Park First
CNT2133909806,2025-12-02,46000,1bed room+Hall,Madinat Dubai Almelaheyah
CRT2133290306,2025-11-10,132000,1bed room+Hall,Burj Khalifa
CNT2130962380,2025-04-15,76000,Office,Al Goze Third
CNT2130564464,2025-04-01,70000,Shop,Muhaisanah Second
CNT2134279425,2026-01-20,59000,1bed room+Hall,Al Karama
CNT2131771174,2025-07-01,45600,Room in labor Camp,Muhaisanah Second
CNT2133191001,2025-10-25,65000,1bed room+Hall,Jabal Ali First
CNT2131677547,2025-08-24,203665,4 bed rooms+hall,Al Manara
CRT2130870766,2025-05-15,80000,1bed room+Hall,Marsa Dubai
CNT2131013947,2025-06-17,49500,2 bed rooms+hall,AL QUSAIS
CNT2129929830,2025-02-25,12000,Office,Al Mizhar First
CNT2130434446,2025-04-10,44000,1bed room+Hall,Nad Al Hamar
CNT2131263886,2025-06-01,58000,1bed room+Hall,Port Saeed
CNT2130102284,2025-03-18,55440,2 bed rooms+hall,Al Warqa First
CNT2130163300,2025-03-10,165000,3 bed rooms+hall,Wadi Al Safa 5
CNT2130452341,2025-03-17,55000,1bed room+Hall,Al Barshaa South Third
CNT2133829259,2025-11-30,291060,Room in labor Camp,Saih Shuaib 2
CNT2131505769,2025-06-01,48000,2 bed rooms+hall,Port Saeed
CRT2132904206,2025-10-24,31500,Studio,Nadd Hessa
CNT2133463786,2025-05-10,105000,1bed room+Hall,Al Thanyah Third
CNT2133845196,2025-12-09,32000,Studio,Al Warsan First
CNT2133060178,2025-09-26,53000,2 bed rooms+hall,Al Nahda First
CRT2130853276,2025-04-23,110000,1bed room+Hall,Al Merkadh
CNT2130822831,2025-05-07,21000,Office,Port Saeed
CNT2128561991,2025-01-27,15000,Office,Dubai Investment Park First
CNT2131809551,2025-07-01,72000,1bed room+Hall,Jabal Ali First
CNT2130734375,2025-05-01,15000,Office,Jabal Ali Industrial First
CNT2130204551,2025-03-15,71000,2 bed rooms+hall,Al Hamriya
CNT2133817117,2025-12-11,10000,Office,Al Raffa
CRT2131032666,2025-06-10,105000,1bed room+Hall,Business Bay
CNT2132719445,2025-10-07,44000,1bed room+Hall,Al Qusais Industrial Fifth
CRT2134200316,2026-01-03,45000,Studio,Al Barsha South Fourth
CNT2132140024,2025-07-15,75000,1bed room+Hall,Al Barsha South Fourth
CRT2131645496,2025-07-02,63000,1bed room+Hall,Al Goze Fourth
CNT2132667558,2025-04-28,1152831,Shop,Al Hebiah Fourth
CNT2133418708,2025-11-20,48000,1bed room+Hall,AL QUSAIS
CNT2130159090,2025-03-14,15000,Office,Al Khabeesi
CRT2131305756,2025-06-14,1000000,2 bed rooms+hall,Madinat Al Mataar
CNT2128487500,2025-01-01,113850,Shop,Ras Al Khor Industrial Second
CNT2128961561,2025-01-01,100000,3 bed rooms+hall,Al Murqabat
CNT2133214731,2025-11-10,97020,Office,Madinat Al Mataar
CNT2133130403,2025-10-01,162750,Shop with a mezzanine,Jabal Ali First
CNT2127965587,2025-01-14,20000,Office,Port Saeed
CNT2126419947,2025-03-01,69300,2 bed rooms+hall,Al Karama
CNT2129880004,2025-02-21,55440,2 bed rooms+hall,Al Goze Industrial Second
CNT2134136009,2026-01-06,90000,1bed room+Hall,Al Jadaf
CNT2133551097,2025-11-19,95000,1bed room+Hall,Marsa Dubai
CRT2131173096,2025-06-05,56000,1bed room+Hall,Al Hebiah Fourth
CNT2128521046,2025-01-25,145000,Office,Al Thanyah First
CRT2132785036,2025-09-15,150000,1bed room+Hall,Al Wasl
CNT2130192825,2025-03-18,20000,Office,Ras Al Khor Industrial Second
CRT2129433956,2025-03-01,90000,Shop,Al Buteen
CNT2130756922,2025-05-01,57000,1bed room+Hall,Al Satwa
CNT2132420993,2025-11-22,78650,2 bed rooms+hall,Mirdif
CNT2130506409,2025-04-15,20000,Office,Hor Al Anz
CNT2133489578,2025-11-18,35720,2 bed rooms+hall,Muhaisanah Fourth
CNT2131846388,2025-06-15,60000,Office,Naif
CRT2132425096,2025-08-25,70000,Office,Business Bay
CRT2134088216,2025-03-24,180000,2 bed rooms+hall,Palm Jumeirah
CNT2132371983,2025-09-01,4800000,Labor Camp,Jabal Ali Industrial First
CRT2132244576,2025-08-01,205286,Shop,Al Thanyah Fifth
CNT2132814240,2025-09-15,2101200,Studio,Al Goze Fourth
CNT2126408841,2025-01-01,469000,Office,Al Garhoud
CNT2133567635,2025-10-28,70000,Office,Port Saeed
CNT2127400257,2025-01-01,30000,1bed room+Hall,Naif
CNT2130670318,2025-05-01,52000,1bed room+Hall,Me'Aisem First
CNT2133841357,2025-12-12,20000,Office,Trade Center First
CNT2130183157,2025-03-17,15000,Office,Al Khabeesi
CNT2134161570,2026-01-04,44000,1bed room+Hall,Al Qusais Industrial Fifth
CNT2132691494,2025-12-02,30360,Studio,Wadi Al Safa 5
CNT2133892885,2025-12-01,55125,1bed room+Hall,Al Hebiah Fourth
CNT2131105404,2025-05-28,15000,Office,Burj Khalifa
CNT2132147199,2025-06-01,80000,2 bed rooms+hall,Nadd Hessa
CNT2131690910,2025-03-08,40000,Shop,Al Warsan First
CNT2130149464,2025-01-05,77110,2 bed rooms+hall,Al Jadaf
CNT2129978673,2025-02-17,46000,1bed room+Hall,AL QUSAIS
CNT2131501235,2025-08-01,37000,1bed room+Hall,Mirdif
CRT2133884236,2025-10-30,44000,Studio,Al Warsan First
CNT2131659206,2025-05-15,1150444,Room in labor Camp,Al Ttay
CNT2132997204,2025-11-12,55545,2 bed rooms+hall,Al Nahda Second
CNT2130549480,2025-04-17,11000,Office,Port Saeed
CNT2133753322,2025-12-06,28000,Office,Naif
CNT2129647445,2025-02-14,20000,Office,Ras Al Khor Industrial Second
CNT2131749464,2025-06-05,388500,Room in labor Camp,Muhaisanah Second
CNT2132136386,2025-08-15,100000,2 bed rooms+hall,Al Hamriya
CNT2128313650,2025-02-05,66240,Office,Nadd Hessa
CRT2127008466,2025-01-01,42000,Shop,Al Bada
CNT2129815072,2025-02-26,56000,1bed room+Hall,Al Nahda Second
CNT2131036227,2025-05-01,179025,4 bed rooms+hall,Al Saffa First
CNT2133990113,2025-12-25,30000,Room in labor Camp,Jabal Ali Industrial First
CNT2130592206,2025-04-21,20000,Office,Al Baraha
CNT2129922443,2025-02-21,31783,Office,Oud Metha
CNT2130689505,2025-07-01,60000,Office,Business Bay
CNT2133492906,2025-11-14,20000,Office,Saih Shuaib 2
CNT2132161042,2025-07-01,54600,1bed room+Hall,Marsa Dubai
CNT2131163220,2025-05-30,230000,Warehouse,Al Goze Industrial First
CNT2132417490,2025-09-05,37500,Studio,Nadd Hessa
CNT2132720925,2025-09-12,80850,Shop,Al Barsha Third
CRT2131735996,2025-02-08,65000,1bed room+Hall,Marsa Dubai
CNT2132166860,2025-07-25,47850,Shop,Al Suq Al Kabeer
CRT2130484586,2025-02-01,65000,Studio,Al Barsha South Fourth
CNT2133589781,2025-11-22,26000,2 bed rooms+hall,Al Murqabat
CNT2133539644,2025-09-24,55850,Office,Al Nahda First
CRT2131369446,2025-05-16,95000,2 bed rooms+hall,Al Barsha South Fourth
CNT2132588073,2025-07-15,62700,1bed room+Hall,Jabal Ali First
CNT2133468299,2025-11-12,20000,Office,Al Khabeesi
CNT2133030133,2025-10-24,33000,Office,Muhaisanah Fourth
CNT2133867549,2025-12-15,15000,Office,Al Suq Al Kabeer
CNT2131846253,2025-06-25,58433,Hat Saloon,Al Goze First
CNT2131321138,2025-06-09,38000,Studio,Jabal Ali First
CNT2128590277,2025-01-28,40000,Room in labor Camp,Jabal Ali Industrial First
CRT2129694956,2025-02-20,52000,Studio,Jabal Ali Industrial Second
CNT2131213657,2026-05-23,24087000,Room in labor Camp,Saih Shuaib 2
CNT2132858969,2025-10-01,20000,Office,Al Murqabat
CNT2133785701,2025-12-01,135000,Shop,Eyal Nasser
CNT2133122694,2025-11-01,7100000,Shop,Naif
CNT2128312497,2025-01-21,20000,Office,Hor Al Anz
CNT2131696233,2025-07-03,15000,Office,Al Wasl
CNT2131985898,2025-07-18,86000,Shop,Al Suq Al Kabeer
CNT2133794336,2025-12-15,9000000,1bed room+Hall,Al Barshaa South Third
CNT2130091486,2025-10-01,600300,Studio,Naif
CNT2132066113,2025-01-01,50000,Shop,Al Aweer Second
CNT2131382929,2025-06-18,131400,Shop,Wadi Al Safa 4
CNT2132097362,2025-08-04,42000,Studio,Al Warsan First
CNT2133725409,2025-12-04,20000,Office,Dubai Investment Park First
CNT2132448830,2025-09-01,240000,3 bed rooms+hall,Al Thanayah Fourth
CRT2133254606,2025-10-01,180000,2 bed rooms+hall,Burj Khalifa
CNT2133034821,2025-10-15,15000,Office,Al Baraha
CNT2130788210,2025-05-05,20000,Office,Eyal Nasser
CNT2130679068,2025-04-28,15000,Office,Burj Khalifa
CRT2128006321,2025-01-11,50727,2 bed rooms+hall,Wadi Al Safa 2
CNT2130086782,2025-01-26,57960,2 bed rooms+hall,Nadd Hessa
CNT2129256735,2025-01-04,46200,2 bed rooms+hall,Al Qusais Industrial First
CNT2132687833,2025-09-20,80000,1bed room+Hall,Al Merkadh
CNT2128304852,2025-01-26,54000,1bed room+Hall,Al Barsha South Fourth
CNT2133251725,2025-10-28,70000,1bed room+Hall,Me'Aisem First
CNT2130298757,2025-03-26,15000,Office,Al Khabeesi
CNT2131766340,2025-07-01,160000,5 bed rooms+hall,Abu Hail
CNT2130211187,2025-02-20,58200,2 bed rooms+hall,Al Nahda First
CNT2133918041,2025-10-19,103153,Office,Al Karama
CNT2132963086,2025-04-01,1650000,Labor Camp,Jabal Ali Industrial First
CNT2133482176,2025-11-20,75635,2 bed rooms+hall,Jabal Ali First
CNT2131036006,2025-06-27,102000,3 bed rooms+hall,Al Hamriya
CNT2133171446,2025-11-10,54600,2 bed rooms+hall,Al Goze Industrial Second
CNT2133193703,2025-10-25,65100,2 bed rooms+hall,Ras Al Khor Industrial Third
CNT2130307182,2025-01-01,40549,Office,Dubai International Airport
CRT2133933556,2025-08-05,60000,Studio,Al Thanyah Fifth
CNT2130071679,2025-03-02,46000,1bed room+Hall,Al Hamriya
CNT2134248783,2026-02-01,130000,2 bed rooms+hall,Al Karama
CNT2131312534,2025-06-14,15000,Office,Al Barsha First
CNT2130266400,2025-04-30,39600,Studio,Al Murqabat
CNT2133435189,2025-11-20,51500,Studio,Al Murqabat
CNT2130333351,2025-03-25,43200,Room in labor Camp,Muhaisanah Second
CNT2131507135,2025-06-01,900505,Room in labor Camp,Muhaisanah Second
CNT2133605726,2025-11-24,15000,Office,Saih Shuaib 3
CNT2129978251,2025-07-27,86400,Room in labor Camp,Al Goze Third
CNT2127327906,2025-01-09,110000,Shop with a mezzanine,Al Suq Al Kabeer
CNT2133975217,2025-12-24,15000,Office,Al Mararr
CNT2133019154,2025-10-14,15000,Office,Al Mararr
CNT2134043769,2026-01-01,37000,1bed room+Hall,Al Qusais Industrial Fifth
CNT2131019679,2025-05-31,174033,2 bed rooms+hall,Marsa Dubai
CNT2130103650,2025-01-01,2378000,Hotel,Al Goze Third
CNT2131229804,2025-03-26,190714,Shop,Al Warsan First
CNT2132900487,2025-10-15,20000,Staff Accommodatoion,Al Mararr
CNT2130073678,2025-01-01,93000,Warehouse,Ras Al Khor Industrial Second
CNT2130795195,2025-05-06,15000,Office,Al Mararr
CNT2131163390,2025-06-01,80000,2 bed rooms+hall,Madinat Al Mataar
CRT2130760376,2025-05-01,37000,1bed room+Hall,Hor Al Anz
CNT2133515095,2025-10-31,82500,2 bed rooms+hall,Nadd Hessa
CNT2133864744,2025-12-15,20000,Office,Al Karama
CNT2131036282,2025-06-01,2870490,Office,Dubai Investment Park First
CNT2133469526,2025-11-12,15000,Office,Al Murqabat
CNT2130733075,2025-05-01,70000,Studio,Al Thanyah First
CNT2132675759,2025-09-17,40000,2 bed rooms+hall,Al Karama
CNT2129818821,2025-02-16,48300,1bed room+Hall,Muhaisanah Fourth
CNT2132453131,2025-08-30,42000,Studio,Al Barsha South Fourth
CNT2130134279,2025-03-24,480000,4 bed rooms+hall,Al Barsha Third
CNT2131829314,2025-05-15,748800,Room in labor Camp,Dubai Investment Park First
CNT2132885944,2025-10-04,32000,Studio,Al Goze Industrial Second
CNT2129197653,2025-01-01,653400,Room in labor Camp,Jabal Ali Industrial First
CNT2133761072,2025-11-10,66150,2 bed rooms+hall,Al Bada
CRT2132265522,2025-08-25,90000,1bed room+Hall,Al Khairan First
CNT2130327934,2025-03-05,57750,2 bed rooms+hall,Al Goze Industrial Second
CNT2133727128,2025-12-03,4638,Office,Hor Al Anz
CRT2130704696,2025-05-15,140000,2 bed rooms+hall,Al Khairan First
CNT2132766564,2025-10-05,145000,2 bed rooms+hall,Hadaeq Sheikh Mohammed Bin Rashid
CNT2130734843,2025-04-25,30240,1bed room+Hall,Dubai Investment Park First
CNT2133909314,2025-12-25,25000,Room in labor Camp,Muhaisanah Second
CNT2132916463,2025-10-20,75000,2 bed rooms+hall,Al Mamzer
CNT2130715936,2025-02-26,1587958,Shop,Business Bay
CNT2131095970,2025-05-29,50000,Studio,Nadd Hessa
CNT2129878967,2025-02-21,12000,Office,Port Saeed
CNT2132463114,2025-09-01,88000,2 bed rooms+hall,Al Satwa
CNT2134278513,2026-01-22,100000,Office,AL QUSAIS
CNT2132629907,2025-09-15,15000,Office,Port Saeed
CNT2131515326,2025-07-01,11700000,Room in labor Camp,Jabal Ali Industrial First
CRT2131036576,2025-05-05,30000,Studio,Madinat Al Mataar
CNT2129709100,2025-03-01,40000,1bed room+Hall,Muhaisanah Fourth
CNT2128721297,2025-02-01,60000,Shop,Eyal Nasser
CNT2130801209,2025-04-23,13833333,Hotel,Hor Al Anz East
CNT2133439037,2025-11-01,99750,2 bed rooms+hall,Al Karama
CNT2133588839,2025-10-25,82925,2 bed rooms+hall,Al Barsha South Fourth
CNT2131228737,2025-05-11,35880,1bed room+Hall,Al Warqa First
CNT2130352888,2025-04-10,54000,1bed room+Hall,Al Barsha South Fourth
CNT2130725619,2025-05-05,70000,1bed room+Hall,Al Merkadh
CNT2133410039,2025-11-10,48000,1bed room+Hall,Al Nahda Second
CNT2134097537,2026-01-01,4200000,4 bed rooms+hall,Al Hudaiba
CNT2128499870,2025-01-23,20000,Office,Naif
CNT2133135955,2025-10-01,990000,Room in labor Camp,Al Goze Third
CNT2131530792,2025-06-25,15000,Office,Al Garhoud
CNT2130497132,2025-04-14,15000,Office,Al Muteena
CNT2130216279,2025-03-19,12000,Office,Al Goze Third
CRT2132254876,2025-08-17,120000,2 bed rooms+hall,Al Barsha South Fourth
CNT2131851433,2025-06-15,33500,Studio,Al Warsan First
CNT2131939672,2025-08-01,190000,4 bed rooms+hall,Wadi Al Safa 5
CNT2131922116,2025-07-15,90000,2 bed rooms+hall,Saih Shuaib 2
CNT2130213381,2025-03-15,1895400,Room in labor Camp,Dubai Investment Park First
CNT2127135201,2025-01-02,60000,Studio,Business Bay
CNT2132155646,2025-08-08,68000,Office,Al Thanyah First
CNT2132570070,2025-05-15,98980,Room in labor Camp,Muhaisanah Second
CNT2133209191,2025-10-26,60900,2 bed rooms+hall,Mirdif
CNT2132566428,2025-07-20,268800,Room in labor Camp,Muhaisanah Second
CNT2127686320,2025-01-09,35000,Office,Dubai Investment Park Second
CNT2128549056,2025-01-04,74000,1bed room+Hall,Al Barsha First
CNT2132327614,2025-08-23,45000,Studio,Al Merkadh
CNT2133960506,2025-11-26,134400,Room in labor Camp,Jabal Ali Industrial First
CNT2132644470,2025-09-15,63991,2 bed rooms+hall,Wadi Al Safa 3
CNT2131762923,2025-07-01,2145572,Studio,Jabal Ali First
CRT2130732776,2025-04-01,365000,7 bed rooms+hall,Al Satwa
CNT2132914488,2025-02-01,36750,2 bed rooms+hall,Al Nahda Second
CNT2134009725,2026-01-01,36750,1bed room+Hall,Al Hamriya
CRT2133417942,2025-12-01,77791,3 bed rooms+hall,Madinat Hind 4
CNT2133582411,2025-11-21,15000,Office,Al Murqabat
CNT2130265262,2025-03-20,68250,2 bed rooms+hall,Al Hebiah Fourth
CNT2132851712,2025-10-01,41745,1bed room+Hall,Al Hebiah Fourth
CNT2132580069,2025-09-10,72000,Room in labor Camp,Al Goze Industrial First
CNT2132026109,2025-08-20,34100,Studio,Dubai Investment Park Second
CNT2133455485,2025-07-10,64000,1bed room+Hall,Nadd Hessa
CNT2132886721,2025-09-15,57504,2 bed rooms+hall,Al Nahda Second
CNT2132239835,2025-08-13,15000,Office,Naif
CNT2130354720,2025-03-06,420000,4 bed rooms+hall,Me'Aisem First
CNT2133674584,2025-10-25,291720,Shop,Al Hudaiba
CNT2130812537,2025-03-15,138600,Room in labor Camp,Jabal Ali Industrial First
CNT2128561464,2025-01-01,43000,2 bed rooms+hall,Naif
CNT2130553432,2025-02-01,216000,Room in labor Camp,Muhaisanah Second
CNT2131676295,2025-06-21,3000000,Labor Camp,Jabal Ali Industrial First
CNT2131489057,2025-07-01,69644,Shop,Al Karama
CNT2131032598,2025-07-07,28350,Studio,Al Goze Industrial Second
CNT2130185082,2025-03-17,15000,Office,Al Khabeesi
CNT2133785458,2025-12-09,15000,Office,Al Goze Third
CRT2125729846,2025-01-20,50094,Studio,Business Bay
CNT2131665718,2025-01-04,77738,3 bed rooms+hall,Jabal Ali First
CNT2132607680,2025-11-11,60000,2 bed rooms+hall,Al Nahda Second
CRT2130753336,2025-05-03,58000,1bed room+Hall,Wadi Al Safa 2
CNT2131022298,2025-06-01,80850,3 bed rooms+hall,Al Muteena
CNT2129911012,2025-02-25,46000,1bed room+Hall,Al Warqa First
CNT2131015437,2025-05-21,20000,Office,Saih Shuaib 2
CNT2133161589,2025-10-24,296400,Room in labor Camp,Muhaisanah Second
CNT2132702983,2025-09-23,65000,1bed room+Hall,Al Raffa
CNT2134179281,2026-01-01,62223,3 bed rooms+hall,AL QUSAIS
CNT2134222326,2026-01-15,70000,1bed room+Hall,Jabal Ali First
CNT2131813045,2025-07-15,110000,2 bed rooms+hall,Al Karama
CNT2127634566,2025-02-16,213911,Shop,Al Warsan First
CRT2132962596,2025-10-15,60000,Office,Al Dhagaya
CNT2129879693,2025-04-01,139755,3 bed rooms+hall,Marsa Dubai
CNT2133080715,2025-10-18,15000,Office,Al Khabeesi
CNT2132878266,2025-08-01,1344000,Room in labor Camp,Jabal Ali Industrial First
CNT2133528764,2025-11-05,46200,Studio,Al Thanyah Fifth
CNT2127904387,2025-01-15,39970,Studio,Warsan Fourth
CNT2126810639,2025-01-01,37000,Studio,Al Goze Fourth
CNT2131579559,2025-05-01,86400,Room in labor Camp,Al Goze Industrial Fourth
CNT2132561508,2025-09-09,24000,2 bed rooms+hall,Muhaisanah Second
CRT2128965193,2025-02-03,48000,Studio,Al Barsha South Fourth
CNT2129991782,2025-01-10,75000,Office,Al Raffa
CNT2133472358,2025-08-15,45000,1bed room+Hall,Me'Aisem First
CNT2130579617,2025-04-04,602811,Shop,Al Warsan First
CNT2132291150,2025-08-16,62500,Office,Nadd Hessa
CNT2132626562,2025-04-01,360000,Labor Camp,Muhaisanah Second
CNT2130253340,2025-05-05,33000,Studio,Nad Al Hamar
CNT2133196145,2025-09-28,38500,Studio,Al Barsha South Fourth
CRT2134032276,2026-01-01,180000,3 bed rooms+hall,Wadi Al Safa 6
CNT2134187403,2025-11-01,88000,3 bed rooms+hall,Hor Al Anz
CNT2132319964,2025-08-20,20000,Office,Trade Center First
CNT2130178604,2025-02-17,100000,2 bed rooms+hall,Mankhool
CNT2131826918,2025-07-04,60000,1bed room+Hall,Jabal Ali First
CNT2132350872,2025-08-28,70000,2 bed rooms+hall,Al Hebiah Fourth
CNT2131643236,2025-06-30,34800,Room in labor Camp,Al Goze Third
CNT2131843827,2025-07-15,15000,Office,Oud Metha
CNT2132258859,2025-08-14,15000,Office,Port Saeed
CNT2131224494,2025-06-01,4910977,Room in labor Camp,Muhaisanah Second
CNT2132927735,2025-10-01,143324,4 bed rooms+hall,Rega Al Buteen
CNT2132269662,2025-07-01,82000,Parking,Hor Al Anz
CNT2133184653,2025-12-01,70000,1bed room+Hall,Al Jadaf
CRT2133831906,2025-12-09,120000,3 bed rooms+hall,Madinat Hind 4
CNT2132992896,2025-10-13,85000,2 bed rooms+hall,Ras Al Khor Industrial Third
CNT2134032026,2025-05-01,100000,2 bed rooms+hall,Al Hebiah Fifth
CNT2133225158,2025-12-01,56000,2 bed rooms+hall,Al Warqa First
CNT2133290712,2025-11-01,22000,Office,Wadi Al Safa 5
CNT2133043837,2025-10-10,41000,1bed room+Hall,Al Nahda Second
CRT2128295666,2025-01-01,1000000,Room in labor Camp,Jabal Ali Industrial First
CNT2131720407,2025-07-15,36225,2 bed rooms+hall,Muhaisanah Fourth
CNT2130439640,2025-04-01,101000,3 bed rooms+hall,Al Raffa
CNT2133620287,2025-10-25,159390,3 bed rooms+hall,Nadd Hessa
CNT2131673401,2025-05-01,48000,Office,Dubai Investment Park First
CNT2134074297,2025-04-06,56400,Room in labor Camp,Jabal Ali Industrial First
CNT2133875781,2025-12-16,20000,Office,Trade Center First
CNT2131199047,2025-06-15,72000,2 bed rooms+hall,Al Warqa First
CRT2128292936,2025-01-05,120000,1bed room+Hall,Al Thanyah Fifth
CNT2132049712,2025-07-30,28000,Office,Dubai Investment Park First
CNT2128526413,2025-02-01,58000,1bed room+Hall,Mankhool
CNT2131747239,2025-07-24,39999,1bed room+Hall,Muhaisanah Fourth
CNT2132883936,2025-11-15,72450,2 bed rooms+hall,Al Karama
CNT2131880101,2025-07-11,421200,Room in labor Camp,Muhaisanah Second
CNT2130290919,2025-03-01,31625,Studio,Dubai Investment Park Second
CNT2132289196,2025-08-20,86400,Studio,Al Goze Industrial Second
CNT2130654512,2025-04-25,15000,Office,Al Baraha
CNT2133918532,2025-11-16,1500000,Room,Naif
CNT2133052536,2025-11-15,315000,Shop,Wadi Al Amardi
CNT2130610047,2025-04-27,55000,2 bed rooms+hall,Al Qusais Industrial Fifth
CNT2129711252,2025-02-27,33000,1bed room+Hall,Al Warsan First
CRT2130345486,2025-04-20,125000,4 bed rooms+hall,Mirdif
CNT2132383645,2025-08-26,15000,Office,Al Khabeesi
CNT2130926730,2025-05-17,85000,1bed room+Hall,Al Merkadh
CNT2133626898,2025-09-30,71140,2 bed rooms+hall,Al Jadaf
CNT2130520175,2025-03-19,37000,1bed room+Hall,Muhaisanah Fourth
CNT2129253427,2025-02-25,51000,Studio,Al Hebiah First
CRT2133054206,2025-10-20,99000,2 bed rooms+hall,Al Barshaa South Second
CNT2132943925,2025-10-01,26250,Studio,Al Warsan First
CNT2133831643,2025-12-16,95040,1bed room+Hall,Business Bay
CNT2133807583,2025-12-10,20000,Office,Al Mizhar First
CRT2133439281,2025-08-22,38000,Studio,Me'Aisem First
CNT2129256759,2025-02-07,15000,Office,Al Barsha First
CNT2132371919,2025-08-30,114000,Shop with a mezzanine,Nad Al Shiba Third
CNT2132536726,2025-09-03,46000,2 bed rooms+hall,Al Nahda First
CNT2133124045,2025-11-25,37353,Studio,Al Murqabat
CNT2132829188,2025-10-01,85000,2 bed rooms+hall,Al Barsha First
CNT2132871891,2025-09-19,1475000,Room in labor Camp,Al Goze Industrial Second
CRT2134001166,2026-01-01,135000,3 bed rooms+hall,Al Yufrah 1
CNT2132481584,2025-09-02,20000,Office,Dubai Investment Park Second
CNT2133191095,2025-09-01,35000,1bed room+Hall,AL QUSAIS
CNT2130087939,2025-03-01,95000,2 bed rooms+hall,Al Barsha First
CNT2133627404,2025-11-10,150000,3 bed rooms+hall,Al Barsha South Fourth
CNT2132399230,2025-08-01,384000,Room in labor Camp,Muhaisanah Second
CNT2128932287,2025-01-01,92500,3 bed rooms+hall,Mirdif
CRT2132041866,2025-07-27,65000,2 bed rooms+hall,Wadi Al Safa 2
CNT2130874480,2025-03-21,2661120,Room in labor Camp,Jabal Ali Industrial First
CNT2133845661,2025-06-16,47735,1bed room+Hall,Al Hamriya
CNT2130764859,2025-06-02,65000,Studio,Al Jadaf
CRT2127451626,2025-01-05,75000,1bed room+Hall,Al Goze Fourth
CNT2132415442,2025-09-01,28800,Shop with a mezzanine,Al Suq Al Kabeer
CNT2133841085,2025-11-05,43200,Room in labor Camp,Al Goze Industrial Second
CNT2131275002,2025-06-18,29095,1bed room+Hall,AL QUSAIS
CNT2131098747,2025-05-25,75000,1bed room+Hall,Al Barshaa South Third
CNT2133426473,2025-11-10,54000,1bed room+Hall,Muhaisanah Fourth
CNT2130531670,2025-03-22,47300,Studio,Al Barsha South Fourth
CNT2127900402,2025-01-13,17000,Office,Saih Shuaib 3
CNT2132091347,2025-08-05,140000,3 bed rooms+hall,Al Yelayiss 2
CNT2132844556,2025-10-15,216200,4 bed rooms+hall,Mankhool
CNT2134053601,2026-02-01,4300000,Room in labor Camp,Al Warsan Second
CRT2130495766,2025-04-20,100000,1bed room+Hall,Al Merkadh
CNT2128110430,2025-01-13,41720,Office,Nadd Hessa
CNT2133802571,2026-02-15,199472,5 bed rooms+hall,Al Garhoud
CNT2134097987,2026-01-06,62000,1bed room+Hall,Al Warqa First
CNT2127243165,2025-01-01,115005,3 bed rooms+hall,Trade Center Second
CNT2130922616,2025-07-01,57600,2 bed rooms+hall,Al Karama
CNT2132246414,2025-08-14,15000,Office,Business Bay
CNT2132387707,2025-08-16,1096524,Room in labor Camp,Jabal Ali Industrial First
CRT2132258556,2025-01-07,52180,Studio,Business Bay
CNT2132448994,2025-09-05,140000,1bed room+Hall,Burj Khalifa
CRT2132112796,2025-07-20,100000,Hotel,Business Bay
CNT2132740418,2025-09-23,20000,Office,Naif
CNT2133767839,2025-12-15,139947,3 bed rooms+hall,Mirdif
CNT2132043832,2025-07-24,45000,Studio,Jabal Ali First
CNT2134065857,2026-01-02,70000,1bed room+Hall,Al Barshaa South Third
CNT2128947931,2025-01-01,151750,Shop,Naif
CNT2133488021,2025-12-01,37500,Studio,Al Qusais Industrial First
CNT2132911666,2025-08-05,2591459,2 bed rooms+hall,Al Barsha First
CNT2126889156,2025-01-01,840000,Hotel,Al Sabkha
CNT2132966690,2025-10-15,73000,2 bed rooms+hall,Wadi Al Safa 2
CNT2132800526,2025-09-27,84000,Room in labor Camp,Jabal Ali Industrial First
CNT2131877967,2025-06-01,2824080,Office,Trade Center Second
CRT2131836406,2025-07-16,140000,Shop,Al Mararr
CNT2133615414,2025-11-27,42000,2 bed rooms+hall,Al Qusais Industrial Fourth
CNT2132927352,2025-10-08,140000,2 bed rooms+hall,Al Satwa
CNT2130332132,2025-03-27,51600,Studio,Al Hebiah Second
CNT2131337899,2025-05-05,618240,Room in labor Camp,Al Warsan Second
CNT2131206544,2025-06-04,25000,Office,Port Saeed
CRT2133938456,2025-12-05,80000,1bed room+Hall,Al Hebiah First
CRT2132910386,2025-10-04,47200,1bed room+Hall,Nadd Hessa
CNT2133128800,2025-10-29,57330,2 bed rooms+hall,Al Goze Industrial Second
CRT2130657996,2025-03-31,38500,1bed room+Hall,Wadi Al Safa 5
CNT2133608913,2025-11-10,55000,1bed room+Hall,Jabal Ali First
CNT2131973537,2025-07-24,15000,Office,Hor Al Anz
CRT2129919772,2025-03-01,100000,1bed room+Hall,Marsa Dubai
CNT2129639038,2025-02-14,45000,Office,Wadi Al Safa 5
CNT2130471678,2025-03-20,56925,1bed room+Hall,Al Thanyah First
CNT2132856269,2025-10-01,15000,Office,Al Rega
CRT2132468146,2025-07-01,24000,Studio,Al Warsan First
CNT2131099360,2025-05-04,258000,Room in labor Camp,Al Goze Industrial Second
CNT2129124934,2025-02-01,150000,2 bed rooms+hall,Al Karama
CNT2130610677,2025-04-24,57750,1bed room+Hall,Al Karama
CNT2126447518,2025-01-01,48500,1bed room+Hall,Al Muteena
CNT2130982898,2025-05-20,16000,Office,Al Garhoud
CNT2133495781,2025-11-14,20000,Office,Dubai Investment Park First
CNT2133623895,2025-10-25,156000,2 bed rooms+hall,Dubai Investment Park First
CNT2131297511,2025-06-03,43000,Office,Oud Metha
CNT2132463506,2025-08-10,189630,Showroom,Al Hudaiba
CNT2130291958,2025-02-22,260400,Room in labor Camp,Muhaisanah Second
CNT2127601457,2025-01-20,60000,2 bed rooms+hall,Al Hudaiba
CNT2128284414,2025-01-20,10000,Studio,Al Suq Al Kabeer
CNT2130190752,2025-04-01,90000,Shop,Al Murqabat
CRT2134319866,2026-01-25,125000,2 bed rooms+hall,Marsa Dubai
CNT2134234788,2025-11-01,130000,Warehouse,Al Goze Industrial Third
CNT2131733263,2025-07-07,15000,Office,Naif
CRT2132286733,2025-02-01,107680,1bed room+Hall,Marsa Dubai
CNT2132520831,2025-09-04,15000,Office,Port Saeed
CNT2130288238,2025-03-10,74977,Room in labor Camp,Al Goze Third
CRT2130945146,2025-03-03,149500,3 bed rooms+hall,Hadaeq Sheikh Mohammed Bin Rashid
CNT2134263431,2026-01-01,1814400,3 bed rooms+hall,Nadd Hessa
CNT2130446925,2025-04-10,15000,Office,Al Khabeesi
CNT2134005365,2026-01-01,82688,3 bed rooms+hall,Al Nahda First
CRT2134188276,2025-12-12,70000,Studio,Al Barsha South Fourth
CNT2134177220,2026-01-08,57750,1bed room+Hall,Al Karama
CNT2130599335,2025-04-21,47591,Office,Trade Center First
CNT2132103395,2025-09-01,56000,1bed room+Hall,Al Karama
CRT2130496051,2025-04-10,230000,2 bed rooms+hall,Um Suqaim Third
CNT2130225792,2025-05-01,85000,Shop,Naif
CNT2133032685,2025-10-10,20000,Office,Al Khabeesi
CNT2126899028,2025-02-09,47355,2 bed rooms+hall,Al Warsan First
CNT2130238898,2025-03-21,2361600,Room in labor Camp,Al Goze Third
CNT2129457671,2025-02-20,23000,Office,Al Buteen
CRT2131252366,2025-06-09,55000,Hotel,Al Hebiah Third
CRT2130668696,2025-04-28,75000,2 bed rooms+hall,Madinat Al Mataar
CNT2127670682,2025-02-01,125000,2 bed rooms+hall,Al Karama
CNT2127503334,2025-01-15,697100,Room in labor Camp,Jabal Ali Industrial First
CNT2131572368,2025-06-30,15000,Office,Al Khabeesi
CNT2128292223,2025-01-20,30000,Office,Al Goze Industrial First
CRT2133523296,2025-10-30,77600,2 bed rooms+hall,AL QUSAIS
CNT2128134447,2025-01-25,78650,Shop,Al Warsan First
CNT2127520484,2025-02-01,104738,3 bed rooms+hall,Port Saeed
CNT2132191805,2025-07-25,58000,1bed room+Hall,Nadd Hessa
CNT2133486063,2025-11-15,47213,1bed room+Hall,Jabal Ali First
CNT2129873047,2025-03-10,52500,1bed room+Hall,Al Karama
CNT2130152922,2025-03-13,15000,Office,Muhaisanah Fourth
CNT2131573490,2025-08-20,118532,3 bed rooms+hall,Al Yelayiss 1
CNT2131673150,2025-04-20,236816,Room in labor Camp,Muhaisanah Second
CNT2131026508,2025-05-15,36000,1bed room+Hall,Al Muteena
CNT2132745918,2025-09-16,55200,2 bed rooms+hall,Al Karama
CRT2133799016,2026-01-01,42000,3 bed rooms+hall,Al Twar Fourth
CNT2131709617,2025-04-25,705999,Labor Camp,Muhaisanah Second
CNT2133649576,2025-11-27,20000,Office,Dubai Investment Park First
CNT2130344047,2025-04-02,16000,Office,Al Garhoud
CNT2132970524,2025-10-09,21000,Office,Dubai Investment Park First
CNT2130165021,2025-02-10,613200,Room in labor Camp,Jabal Ali Industrial First
CRT2130147526,2025-01-01,38500,1bed room+Hall,Al Suq Al Kabeer
CNT2133522125,2025-11-17,20000,Office,Dubai Investment Park First
CNT2131569237,2025-07-25,63800,2 bed rooms+hall,Al Karama
CNT2128957668,2025-02-06,70000,1bed room+Hall,Oud Metha
CNT2129842295,2025-02-19,20000,Office,Al Muteena
CNT2126411055,2025-01-01,324000,Room in labor Camp,Al Goze Industrial Fourth
CNT2133058186,2025-12-01,60809,1bed room+Hall,Jabal Ali First
CRT2131722094,2025-08-18,80000,1bed room+Hall,Hadaeq Sheikh Mohammed Bin Rashid
CNT2129943397,2025-02-13,52800,Room in labor Camp,Al Goze Third
CNT2132688386,2025-09-18,15000,Office,Burj Khalifa
CNT2131043589,2025-05-25,45000,1bed room+Hall,Al Hebiah Fourth
CNT2129875512,2025-03-05,86250,Shop,Al Warsan First
CRT2132718200,2025-11-01,140000,3 bed rooms+hall,Al Barsha South Fourth
CNT2133530370,2025-11-30,41000,1bed room+Hall,Al Nahda Second
CNT2132665574,2025-09-10,24200,Studio,Al Warsan First
CNT2128447457,2025-01-05,26000,Office,Al Mararr
CRT2131107646,2025-06-01,65000,1bed room+Hall,Al Barsha First
CNT2130049084,2025-03-06,15000,Office,Al Karama
CNT2128116813,2025-01-01,165000,Shop,Al Sabkha
CRT2129457606,2025-01-25,75000,3 bed rooms+hall,Madinat Hind 4
CNT2129903827,2025-02-01,540288,Room in labor Camp,Um Ramool
CNT2134302338,2025-12-01,70620,Showroom,Al Qusais Industrial Second
CNT2133759845,2025-12-08,175000,Office,Business Bay
CNT2130033860,2025-01-01,759000,Room in labor Camp,Al Goze Industrial First
CNT2134313500,2026-03-10,40950,1bed room+Hall,Al Goze Industrial Second
CNT2133152122,2025-08-16,1108800,Room in labor Camp,Al Goze Third
CNT2131803936,2025-03-01,24375000,3 bed rooms+hall,Trade Center First
CRT2127440316,2025-01-04,120000,5 bed rooms+hall,Al Twar Second
CNT2134322957,2026-01-20,15000,Office,Al Murqabat
CNT2133538935,2025-11-19,40000,Office,Business Bay
CNT2133225744,2025-10-29,15000,Office,Al Goze First
CNT2133653845,2025-11-26,1157242,Room in labor Camp,Jabal Ali Industrial First
CRT2133415736,2025-11-06,88000,1bed room+Hall,Business Bay
CNT2133566253,2025-12-01,1350000,Showroom with mezzanine,Rega Al Buteen
CNT2132030830,2025-08-15,73000,2 bed rooms+hall,Al Barsha First
CNT2133063540,2025-10-01,212850,4 bed rooms+hall,Al Saffa Second
CNT2133986273,2026-09-05,60000,1bed room+Hall,Warsan Fourth
CRT2134248986,2025-12-15,47250,1bed room+Hall,Al Hebiah Fourth
CNT2127902429,2025-01-13,20000,Office,Port Saeed
CNT2131877752,2025-07-17,15000,Office,Al Mararr
CNT2133328973,2025-11-05,15000,Office,Al Goze First
CNT2129459211,2025-01-01,130560,Labor Camp,Muhaisanah Second
CNT2134116354,2026-01-01,1382004,Studio,Jabal Ali First
CNT2130095297,2025-03-10,11000,Office,Al Raffa
CNT2134002785,2026-01-01,52030,2 bed rooms+hall,Al Warqa First
CNT2134244387,2025-02-01,4406400,Room in labor Camp,Dubai Investment Park Second
CNT2130602949,2025-04-22,16000,Office,Al Rega
CNT2131669324,2025-09-12,76000,2 bed rooms+hall,Al Barsha First
CNT2133532270,2025-11-01,500000,4 bed rooms+hall,Business Bay
CNT2134335965,2026-01-21,50000,Studio,Al Barshaa South Third
CNT2132731680,2025-09-10,57000,1bed room+Hall,Nadd Hessa
CNT2131195789,2025-05-23,1116000,Room in labor Camp,Jabal Ali Industrial First
CNT2132466819,2025-08-01,97000,3 bed rooms+hall,Al Barshaa South Third
CNT2130779650,2025-05-16,79000,2 bed rooms+hall,Al Barsha First
CNT2132772227,2025-10-10,51000,2 bed rooms+hall,AL QUSAIS
CRT2133074006,2025-10-25,130000,2 bed rooms+hall,Al Merkadh
CNT2130114590,2025-03-11,15000,Office,Al Khabeesi
CNT2132880644,2025-09-15,51450,1bed room+Hall,Al Hamriya
CNT2133558521,2025-06-15,63963,Studio,Business Bay
CNT2132589364,2025-09-01,57500,2 bed rooms+hall,Al Nahda Second
CNT2131930670,2025-11-27,63000,1bed room+Hall,Wadi Al Safa 2
CNT2132868033,2025-12-01,1740120,Shop,Jumeirah First
CRT2131653226,2025-07-01,70000,1bed room+Hall,Al Barsha South Fourth
CNT2122437673,2025-01-01,71400,1bed room+Hall,Al Thanyah First
CRT2128954826,2025-02-01,46200,Studio,Al Barsha South Fourth
CNT2132285465,2025-08-01,140000,Shop,Al Qusais Industrial Second
CNT2132334933,2025-02-08,33840,Room in labor Camp,Jabal Ali Industrial First
CNT2133966357,2026-01-21,48279,2 bed rooms+hall,Ras Al Khor Industrial Third
CNT2132542393,2025-04-01,66000,2 bed rooms+hall,Me'Aisem First
CRT2132044386,2025-07-01,1000,Hotel,Al Thanyah First
CRT2131365386,2025-06-18,35000,1bed room+Hall,Abu Hail
CNT2132324844,2025-08-10,44000,Studio,Jabal Ali Industrial Second
CNT2129934260,2025-03-01,28170,Studio,Naif
CNT2128953694,2025-02-01,130000,4 bed rooms+hall,Mirdif
CNT2133793567,2025-12-09,65000,1bed room+Hall,Hor Al Anz
CNT2131709655,2025-04-15,504000,Room in labor Camp,Jabal Ali Industrial First
CNT2131765190,2025-07-04,15000,Office,Al Karama
CNT2126910506,2025-01-01,32000,2 bed rooms+hall,AL QUSAIS
CNT2134217500,2026-01-13,20000,Office,Dubai Investment Park First
CNT2133004462,2025-10-01,1083336,Warehouse,Al Goze Third
CNT2129185973,2025-02-06,15000,Office,Al Mizhar First
CNT2129844638,2025-02-19,15000,Office,Dubai Investment Park First
CNT2128309897,2025-01-06,14400,Room in labor Camp,Muhaisanah Second
CNT2130479253,2025-04-13,20000,Office,Hor Al Anz
CNT2132850397,2025-10-10,48000,1bed room+Hall,Hor Al Anz
CNT2131766573,2025-07-09,25000,Office,Jabal Ali Industrial First
CNT2133521496,2025-12-20,95000,3 bed rooms+hall,Oud Metha
CNT2129981441,2025-03-19,45149,1bed room+Hall,Al Goze Fourth
CNT2130433102,2025-04-09,15000,Office,Al Khabeesi
CNT2131752718,2025-07-01,45000,1bed room+Hall,AL QUSAIS
CNT2128539087,2025-02-10,56228,2 bed rooms+hall,Al Goze Fourth
CNT2133407925,2025-04-25,194400,1bed room+Hall,Business Bay
CNT2133312555,2025-11-04,20000,Office,Saih Shuaib 2
CNT2130733074,2025-04-15,53000,1bed room+Hall,Nadd Hessa
CNT2129375347,2025-02-10,15000,Office,Al Goze Industrial First
CNT2134055003,2025-03-31,31000,1bed room+Hall,Al Warsan First
CNT2133695576,2025-10-20,42000,Studio,Al Thanyah Fifth
CNT2129947920,2025-02-26,20000,Office,Hor Al Anz
CNT2130394895,2025-04-26,68000,2 bed rooms+hall,Mirdif
CNT2133280929,2025-10-22,16000,Office,Um Hurair Second
CNT2128464652,2025-01-15,42350,1bed room+Hall,Dubai Investment Park Second
CNT2133962421,2025-12-15,34914,Studio,Al Raffa
CNT2130067831,2025-02-25,1197000,Room in labor Camp,Muhaisanah Second
CNT2129822952,2025-01-15,82000,2 bed rooms+hall,Dubai Investment Park First
CNT2132793629,2025-10-15,45300,1bed room+Hall,Hor Al Anz
CNT2133228038,2025-11-13,54000,2 bed rooms+hall,Al Nahda Second
CNT2132509122,2025-09-15,86000,2 bed rooms+hall,Al Raffa
CNT2133258401,2025-10-10,38999,2 bed rooms+hall,AL QUSAIS
CRT2131039976,2025-05-15,45000,Studio,Al Hebiah Third
CNT2132660218,2025-08-01,1800000,Room in labor Camp,Jabal Ali Industrial First
CNT2130877957,2025-02-21,100000,Warehouse,Ras Al Khor Industrial Second
CNT2132640556,2025-09-06,33900,Studio,Al Nahda First
CNT2132010855,2025-07-14,63000,2 bed rooms+hall,Al Goze Industrial Second
CNT2127811663,2025-01-11,195000,1bed room+Hall,Burj Khalifa
CNT2132089678,2025-09-01,53000,1bed room+Hall,Al Suq Al Kabeer
CNT2134131485,2026-01-20,56907,1bed room+Hall,Nad Al Hamar
CRT2130923766,2025-05-20,49000,Studio,Al Merkadh
CNT2133347975,2025-10-31,141750,2 bed rooms+hall,Business Bay
CNT2133442421,2025-11-01,604800,Room in labor Camp,Al Goze Industrial Second
CNT2132702129,2025-07-27,233617,Warehouse,Nadd Hessa
CNT2129614449,2025-02-13,15000,Office,Al Goze Industrial First
CNT2127566607,2025-01-01,1151810,,Al Garhoud
CNT2127580022,2025-01-01,72360,Shop,Al Suq Al Kabeer
CNT2129837545,2025-02-19,17000,Office,Saih Shuaib 2
CNT2132421720,2025-08-25,30000,Office,Al Rega
CNT2130676698,2025-03-12,49866,Studio,Al Barshaa South Third
CNT2132720940,2025-10-23,30429,1bed room+Hall,Muhaisanah Fourth
CNT2128294420,2025-01-01,173500,3 bed rooms+hall,Al Wasl
CNT2133003311,2025-10-15,118850,3 bed rooms+hall,Trade Center First
CRT2129887826,2025-01-05,47000,2 bed rooms+hall,Al Nahda Second
CNT2133907226,2025-12-18,20000,Office,Al Khabeesi
CNT2131389344,2025-06-15,227723,Shop,Mirdif
CNT2126830367,2025-01-01,26112,,Al Qusais Industrial Second
CNT2132288417,2025-06-20,55000,Office,Ras Al Khor Industrial First
CNT2130092779,2025-03-10,20000,Office,Trade Center First
CNT2134098206,2026-01-07,44000,Studio,Al Warsan First
CNT2130522843,2025-03-01,270000,Shop,Oud Metha
CNT2130176187,2025-04-01,44000,Room in labor Camp,Muhaisanah Second
CNT2132732216,2025-09-22,27000,Office,Port Saeed
CNT2130078969,2025-01-10,893913,Studio,Dubai Investment Park First
CNT2130364231,2025-03-16,42750,1bed room+Hall,Al Suq Al Kabeer
CNT2133489489,2025-08-01,3000000,Room in labor Camp,Jabal Ali Industrial First
CNT2128104602,2025-01-14,26500,Office,Al Mararr
CNT2132690245,2025-09-18,15000,Office,Al Karama
CRT2133809206,2025-12-14,125000,1bed room+Hall,Marsa Dubai
CNT2133903350,2026-01-03,67999,2 bed rooms+hall,Nad Al Hamar
CNT2133237828,2025-11-05,75000,1bed room+Hall,Oud Metha
CNT2131828239,2025-07-29,15000,Office,Port Saeed
CNT2131998167,2025-08-11,70000,2 bed rooms+hall,Al Karama
CNT2133842623,2025-05-01,70000,Labor Camp,Muhaisanah Second
CNT2132999182,2025-09-15,57897,2 bed rooms+hall,Al Warsan First
CRT2132138336,2025-08-25,69300,2 bed rooms+hall,Al Hebiah Second
CNT2132552431,2025-09-09,10000,Office,Al Garhoud
CNT2130437244,2025-04-09,15000,Office,Burj Khalifa
CNT2132987182,2025-10-11,78000,1bed room+Hall,Wadi Al Safa 3
CNT2130521437,2025-04-22,42000,2 bed rooms+hall,Al Karama
CNT2130766081,2025-02-15,32000,Studio,Madinat Al Mataar
CNT2134202258,2026-01-12,15000,Office,Mankhool
CNT2132298761,2025-08-19,12000,Office,Naif
CNT2132334029,2025-08-21,155000,1bed room+Hall,Burj Khalifa
CNT2130440001,2025-04-01,450000,Room in labor Camp,Muhaisanah Second
CNT2128575444,2025-01-28,15000,Office,Trade Center Second
CNT2133207177,2025-11-01,49657,1bed room+Hall,Al Raffa
CNT2130503264,2025-04-28,46200,1bed room+Hall,Nadd Hessa
CRT2129990646,2025-03-06,66000,1bed room+Hall,Al Thanyah Fifth
CNT2129365479,2025-02-12,38000,Studio,Al Hebiah Fourth
CRT2130165011,2025-03-15,85000,2 bed rooms+hall,Al Hebiah Third
CNT2132062048,2025-07-31,15000,Office,Al Qusais Industrial Third
CRT2131577193,2025-07-01,72600,1bed room+Hall,Al Barshaa South Third
CNT2130514003,2025-02-20,652649,1bed room+Hall,Al Warsan First
CRT2132791866,2025-09-30,315000,5 bed rooms+hall,Wadi Al Safa 5
CNT2130722341,2025-05-05,26000,Studio,Al Mararr
CRT2130445556,2025-05-01,152375,Office,Al Thanyah Fifth
CNT2133695059,2025-12-01,50000,2 bed rooms+hall,Al Nahda Second
CNT2134244387,2025-02-01,4406400,Room in labor Camp,Dubai Investment Park Second
CNT2132564470,2025-08-28,110000,1bed room+Hall,Marsa Dubai
CNT2128462088,2025-01-01,731175,Labor Camp,Jabal Ali Industrial First
CNT2131423450,2025-06-20,46000,1bed room+Hall,Wadi Al Safa 5
CNT2133661651,2025-09-01,249600,1bed room+Hall,Dubai Investment Park Second
CNT2130921210,2025-08-04,45465,Studio,Al Barsha South Fourth
CNT2130620911,2025-03-22,53000,2 bed rooms+hall,Al Warsan First
CNT2132142062,2025-09-01,231000,Office,Trade Center First
CNT2127776611,2025-01-24,36660,Studio,Jabal Ali First
CRT2133066956,2025-11-05,110000,1bed room+Hall,Burj Khalifa
CNT2130228007,2025-03-20,15000,Office,Al Qusais Industrial Third
CNT2132989771,2025-10-09,60000,Shop,Al Suq Al Kabeer
CNT2132244327,2025-08-10,148639,4 bed rooms+hall,Rega Al Buteen
CRT2133880886,2025-11-15,450000,3 bed rooms+hall,Hadaeq Sheikh Mohammed Bin Rashid
CNT2133993714,2025-11-10,39500,Studio,Dubai Investment Park First
CNT2132265087,2025-06-10,558000,Labor Camp,Al Goze Industrial Second
CRT2128506846,2025-01-28,198000,4 bed rooms+hall,Business Bay
CRT2131669556,2025-07-01,30000,Office,Business Bay
CNT2131770569,2025-02-17,137410,Shop,Al Barshaa South Third
CNT2134282977,2026-01-01,100050,Warehouse,Al Qusais Industrial Fourth
CNT2133097771,2025-10-20,20000,Office,Trade Center First
CNT2129973867,2025-02-15,432000,Room in labor Camp,Al Goze Industrial Fourth
CNT2130642170,2025-03-10,1181811,Office,Al Thanyah First
CNT2127802521,2025-01-20,53500,1bed room+Hall,AL TWAR FIFTH
CRT2132741016,2025-10-01,38000,Office,Al Ras
CNT2134294177,2026-01-01,85000,Shop,Al Dhagaya
CNT2131199168,2025-08-01,75000,1bed room+Hall,Al Barsha South Fifth
CRT2127157116,2025-01-01,32000,1bed room+Hall,Al Khawaneej Second
CNT2132371983,2025-09-01,4800000,Labor Camp,Jabal Ali Industrial First
CNT2133593934,2025-11-25,61500,1bed room+Hall,Al Murqabat
CNT2133624109,2025-11-25,20000,Office,Business Bay
CNT2131844416,2025-07-01,1800000,Room in labor Camp,Jabal Ali Industrial First
CNT2133887200,2025-12-01,352800,Room in labor Camp,Jabal Ali Industrial First
CNT2132468117,2025-09-01,15000,Office,Al Khabeesi
CNT2131232529,2025-06-01,36381,2 bed rooms+hall,Al Karama
CNT2134250216,2025-10-25,803088,1bed room+Hall,Dubai Investment Park Second
CNT2131039921,2025-02-16,189486,Room in labor Camp,Muhaisanah Second
CNT2130242015,2025-04-05,18500,Office,AL TWAR FIFTH
CRT2132230026,2025-06-14,1080000,Room in labor Camp,Jabal Ali Industrial First
CNT2127576773,2025-01-04,32000,Studio,Warsan Fourth
CNT2131370220,2025-05-01,135000,Shop,Al Sabkha
CNT2133964223,2025-12-23,8000,Room in labor Camp,Al Goze Third
CNT2131414951,2025-06-21,15000,Office,Al Goze Industrial Third
CNT2134090180,2026-01-05,72000,Office,Al Thanyah First
CNT2132185503,2025-08-10,135000,2 bed rooms+hall,Al Satwa
CNT2130171915,2025-03-01,32000,Shop,Al Mararr
CNT2133191381,2025-10-27,20000,Office,Ras Al Khor Industrial Second
CNT2131853912,2025-07-06,102445,Shop,Al Warsan First
CNT2130059261,2025-05-05,70000,1bed room+Hall,Hor Al Anz East
CNT2129973279,2025-01-10,36179,Studio,Al Barshaa South Third
CNT2133879967,2025-12-16,15000,Office,Al Karama
CNT2131696361,2025-06-21,45150,1bed room+Hall,Jabal Ali First
CNT2132021798,2025-08-02,200000,3 bed rooms+hall,Al Barsha South Fourth
CNT2134060368,2026-01-31,59425,2 bed rooms+hall,Nad Al Hamar
CNT2131399697,2025-07-16,346500,4 bed rooms+hall,Al Thanyah Third
CNT2133561563,2026-01-01,120000,3 bed rooms+hall,Al Garhoud
CRT2134133196,2025-07-01,115000,2 bed rooms+hall,Marsa Dubai
CNT2131232650,2025-06-09,15000,Office,Al Khabeesi
CNT2130549614,2025-03-20,29446,Studio,Dubai Investment Park Second
CNT2132281611,2025-08-18,20000,Office,Trade Center First
CNT2129775941,2025-02-01,558000,Room in labor Camp,Al Warsan Second
CNT2129801893,2025-02-24,58500,1bed room+Hall,Al Bada
CNT2127526589,2025-01-07,6500,Office,Al Hamriya
CNT2132119353,2025-04-12,240000,Shop,Al Sabkha
CNT2130461456,2025-01-01,45000,1bed room+Hall,Muhaisanah Fourth
CRT2128531876,2025-01-29,75500,3 bed rooms+hall,Al Yelayiss 2
CNT2131799245,2025-04-15,1360800,Room in labor Camp,Dubai Investment Park Second
CNT2130719277,2025-04-30,20500,Office,Al Muteena
CRT2131783976,2025-07-01,28000,Studio,Al Warsan First
CNT2132524958,2025-06-20,137504,Shop,Wadi Al Safa 3
CNT2131971627,2025-06-16,223850,Warehouse,Jabal Ali Industrial First
CNT2131204717,2025-06-01,89184,Office,Al Safouh Second
CNT2134225885,2025-11-11,76000,2 bed rooms+hall,Wadi Al Safa 3
CNT2133480581,2025-11-13,20000,Office,Al Karama
CNT2133719289,2025-12-04,17000,Office,Al Mararr
CNT2133252017,2025-11-01,225900,Office,Um Hurair Second
CNT2133603880,2025-12-01,53550,2 bed rooms+hall,Al Warqa First
CRT2133936246,2025-12-12,34000,1bed room+Hall,Al Muteena
CNT2126697680,2025-01-01,135000,2 bed rooms+hall,Rega Al Buteen
CRT2133294486,2025-12-10,109705,1bed room+Hall,Marsa Dubai
CNT2130577468,2025-04-20,85000,Office,Al Garhoud
CNT2130720300,2025-05-01,45000,Office,Hor Al Anz East
CNT2130687524,2025-01-01,285000,Labor Camp,Muhaisanah Second
CNT2130316736,2025-04-25,59000,2 bed rooms+hall,Ras Al Khor Industrial Third
CNT2130264706,2025-03-05,43200,Room in labor Camp,Jabal Ali Industrial First
CNT2132612422,2025-09-20,42000,Studio,Al Hebiah Third
CNT2131007184,2025-06-01,66445,2 bed rooms+hall,Nadd Hessa
CRT2131783756,2025-01-01,60000,Showroom,Al Rowaiyah Third
CNT2134237298,2026-01-16,70000,1bed room+Hall,Madinat Al Mataar
CRT2130648866,2025-01-01,125000,Shop,Al Suq Al Kabeer
CNT2130897473,2025-01-01,58000,Office,Al Sabkha
CNT2131016676,2025-05-10,34000,Studio,Dubai Investment Park First
CNT2132176095,2025-08-10,40000,1bed room+Hall,Al Mararr
CNT2132931763,2025-10-10,32000,Studio,Al Warsan First
CNT2133179812,2025-08-18,260400,Room in labor Camp,Al Goze Third
CNT2133733417,2025-12-01,38000,1bed room+Hall,Al Warsan First
CNT2131986437,2025-07-16,102618,Office,Al Thanyah Fifth
CNT2128112813,2025-02-01,19050,Shop,Al Rashidiya
CNT2128954427,2025-01-18,10000,Office,Business Bay
CNT2130783247,2025-05-09,218775,Office,Trade Center First
CRT2130024876,2025-03-01,89250,Office,Nadd Hessa
CNT2134124779,2025-06-01,3400000,Room in labor Camp,Dubai Investment Park Second
CNT2134225496,2026-01-13,12000,Room in labor Camp,Al Goze Third
CNT2133450206,2025-11-15,50000,Studio,Al Barsha First
CNT2133916766,2025-12-20,64000,Studio,Al Barsha South Fourth
CNT2129725262,2025-02-15,15000,Office,Dubai Investment Park First
CRT2133641826,2025-12-01,50000,Studio,Hadaeq Sheikh Mohammed Bin Rashid
CNT2126396375,2025-01-01,130000,Shop,Al Buteen
CNT2133812728,2026-01-03,264240,Office,Al Thanyah Fifth
CNT2134328309,2026-01-20,49000,Shop,Al Suq Al Kabeer
CRT2127566826,2025-01-12,43560,1bed room+Hall,Me'Aisem First
CNT2133722808,2025-12-01,1673906,Staff Accommodatoion,Al Goze Fourth
CNT2130263426,2025-03-12,9700000,Hotel,Al Jafliya
CNT2132337645,2025-08-21,15000,Office,Al Goze Industrial First
CNT2133438597,2025-11-01,1858570,Office,Jabal Ali First
CNT2133678793,2025-12-01,27000,Studio,Naif
CRT2132997066,2025-11-15,88000,Shop,Business Bay
CNT2132787933,2025-06-15,230000,Room in labor Camp,Al Warsan Third
CNT2131380667,2025-06-08,44000,2 bed rooms+hall,Al Qusais Industrial Fifth
CNT2134111661,2026-01-10,42000,Studio,Oud Metha
CNT2133698355,2025-05-15,8499998,Room in labor Camp,Al Goze Industrial Second
CNT2131863572,2025-07-16,17000,Office,Business Bay
CNT2132685027,2025-09-18,16000,Office,Al Goze Third
CNT2127406287,2025-01-01,49335,1bed room+Hall,Jabal Ali First
CNT2131736009,2025-07-01,43000,1bed room+Hall,Al Nahda First
CRT2134010136,2025-12-01,51111,Studio,Al Hebiah First
CNT2133651757,2025-11-27,20000,Office,Dubai Investment Park First
CNT2130561352,2025-04-15,1825200,Room,Dubai Investment Park First
CNT2132150096,2025-07-15,232515,Warehouse,Dubai Investment Park Second
CNT2131544963,2025-06-01,80850,Shop,Al Barsha First
CNT2134147713,2026-01-28,61740,1bed room+Hall,Al Murqabat
CNT2130818307,2025-06-01,141269,Office,Al Safouh Second
CNT2133095592,2025-11-01,40000,Office,Al Garhoud
CNT2132741895,2025-09-23,25000,Office,Muhaisanah Fourth
CNT2133800451,2025-11-15,2320851,Room in labor Camp,Muhaisanah Second
CNT2130158748,2025-01-29,65000,2 bed rooms+hall,Wadi Al Safa 5
CNT2130602389,2025-04-22,11000,Office,Al Goze First
CNT2127785949,2025-02-15,360000,5 bed rooms+hall,Wadi Al Safa 5
CRT2131350066,2025-06-11,150000,Shop,Al Merkadh
CNT2133466740,2025-08-01,139300,Shop,Dubai Investment Park First
CNT2129989831,2025-03-06,68000,1bed room+Hall,Al Barshaa South Third
CNT2132975017,2025-10-20,175753,Warehouse,Dubai Investment Park First
CNT2133469092,2025-08-15,1920000,Room in labor Camp,Al Goze Third
CNT2132910459,2025-10-10,63000,1bed room+Hall,Marsa Dubai
CNT2130274403,2025-02-20,46800,Room in labor Camp,Muhaisanah Second
CNT2132019437,2025-07-17,216061,2 bed rooms+hall,Jabal Ali First
CNT2133441856,2025-11-15,97163,Warehouse,Al Goze Industrial First
CNT2134209671,2025-12-23,27500,Studio,Al Warsan First
CRT2132637226,2025-09-15,236250,5 bed rooms+hall,Madinat Al Mataar
CNT2130528343,2025-05-01,75000,2 bed rooms+hall,AL QUSAIS
CNT2130648156,2025-05-01,88200,2 bed rooms+hall,Um Hurair First
CNT2131958552,2025-07-08,120000,Shop with a mezzanine,Al Bada
CNT2133094051,2025-10-22,90999,2 bed rooms+hall,Al Jafliya
CNT2132161756,2025-08-01,29095,Studio,Dubai Investment Park Second
CRT2131818006,2025-06-10,114500,2 bed rooms+hall,Hadaeq Sheikh Mohammed Bin Rashid
CNT2131821537,2025-09-01,50000,1bed room+Hall,Hor Al Anz
CNT2130847157,2025-04-08,21600,Room in labor Camp,Jabal Ali Industrial First
CRT2132478096,2025-09-05,42000,Studio,Al Barshaa South Second
CRT2133001806,2025-10-22,175000,3 bed rooms+hall,Marsa Dubai
CNT2133918739,2025-11-25,103257,2 bed rooms+hall,Al Khairan First
CNT2132329013,2025-05-20,5694000,Room in labor Camp,Muhaisanah Second
CNT2129124155,2025-02-01,36000,1bed room+Hall,Al Muteena
CRT2129992156,2025-02-15,187296,Office,Al Thanyah First
CNT2130501147,2025-02-10,94600,2 bed rooms+hall,Mankhool
CNT2130982187,2025-05-20,15000,Office,Al Khabeesi
CNT2132941875,2025-10-01,250000,Labor Camp,Jabal Ali Industrial First
CNT2132224846,2025-06-29,55650,2 bed rooms+hall,Al Warqa First
CNT2129901185,2025-02-24,20000,Office,Port Saeed
CNT2132819328,2025-09-15,58000,Shop,Al Warsan First
CNT2130936225,2025-02-17,831293,Shop,Hadaeq Sheikh Mohammed Bin Rashid
CNT2129842693,2025-01-01,134400,Room in labor Camp,Al Goze Industrial Second
CNT2130134417,2025-02-15,57000,1bed room+Hall,Mankhool
CRT2132271476,2025-08-24,50100,2 bed rooms+hall,Warsan Fourth
CNT2133986281,2025-12-20,43000,1bed room+Hall,Wadi Al Safa 3
CNT2130850365,2025-05-09,16000,Office,Burj Khalifa
CRT2131839146,2025-06-01,278933,5 bed rooms+hall,Um Suqaim Second
CNT2132199909,2025-08-11,15000,Office,Business Bay
CRT2133435836,2025-05-01,30000,2 bed rooms+hall,Wadi Al Safa 2
CNT2132933637,2025-10-14,71630,Shop,Al Karama
CNT2130453209,2025-04-10,16500,Office,Business Bay
CNT2131098115,2025-05-15,70000,2 bed rooms+hall,AL TWAR FIFTH
CRT2129186576,2025-02-07,55000,1bed room+Hall,Me'Aisem First
CNT2129952516,2025-02-27,15000,Office,Hor Al Anz
CNT2133219805,2025-10-15,200000,Shop,Jabal Ali Industrial First
CNT2132889475,2025-11-12,44000,1bed room+Hall,Al Warsan First
CNT2127460394,2025-01-08,86000,Office,Al Warsan First
CNT2134114509,2025-12-01,38720,Studio,Al Hudaiba
CNT2133412409,2025-11-02,750000,Shop,Wadi Al Safa 2
CNT2130146155,2025-04-01,40000,1bed room+Hall,Al Nahda Second
CNT2133987172,2025-11-26,2448000,Room in labor Camp,Jabal Ali Industrial First
CNT2131210638,2025-06-03,76000,2 bed rooms+hall,Al Barshaa South Third
CNT2131817246,2025-07-05,3564000,Room in labor Camp,Jabal Ali Industrial First
CNT2133928655,2025-12-20,15000,Office,Al Karama
CNT2134130861,2026-01-01,100000,Shop,Al Buteen
CNT2134180647,2026-01-05,70000,Shop,Al Warsan First
CNT2129047163,2025-02-01,99000,2 bed rooms+hall,Marsa Dubai
CNT2134280523,2026-01-01,680000,Shop with a mezzanine,Naif
CNT2133041954,2025-10-20,206500,Office,Al Goze Third
CNT2132239512,2025-08-25,60000,1bed room+Hall,Nadd Hessa
CNT2134091352,2026-02-03,157013,4 bed rooms+hall,Mirdif
CNT2133564218,2025-11-15,16500000,Room in labor Camp,Jabal Ali Industrial First
CNT2132081017,2025-07-01,300000,Labor Camp,Al Goze Industrial Third
CNT2132591981,2025-09-11,20000,Office,Dubai Investment Park First
CNT2133114825,2025-01-01,61196,,Al Qusais Industrial Fourth
CNT2129719097,2025-02-15,16000,Office,Al Karama
CNT2131230009,2025-06-05,30000,Shop,Hor Al Anz East
CRT2132469796,2025-09-03,235000,4 bed rooms+hall,Al Hebiah Third
CNT2130274363,2025-01-07,172200,Room in labor Camp,Jabal Ali Industrial First
CNT2132776445,2025-09-01,282000,Room in labor Camp,Muhaisanah Second
CNT2130185588,2025-03-01,1705000,Hotel,Al Sabkha
CNT2132236659,2025-08-01,65000,2 bed rooms+hall,Al Hamriya
CRT2132326112,2025-08-18,95743,Studio,Marsa Dubai
CNT2130831161,2025-03-22,42266,1bed room+Hall,Madinat Al Mataar
CNT2132429968,2025-06-10,4982400,Room in labor Camp,Dubai Investment Park Second
CNT2133220367,2025-09-19,80000,Shop,Al Goze Third
CNT2132307906,2025-06-05,60000,Office,Al Qusais Industrial Fourth
CNT2130164912,2025-03-14,15000,Office,Al Goze First
CNT2132121012,2025-07-31,58000,2 bed rooms+hall,Al Nahda First
CNT2132425867,2025-08-28,15000,Office,Hor Al Anz
CNT2131329374,2025-06-16,15000,Office,Business Bay
CNT2133198551,2025-05-01,37950,1bed room+Hall,Al Yelayiss 2
CNT2133983103,2026-01-01,39999,1bed room+Hall,Muhaisanah Fourth
CNT2132323028,2025-08-15,79410,1bed room+Hall,Al Barsha First
CRT2132138806,2025-08-09,147000,Office,Business Bay
CNT2133091068,2025-09-25,1100000,Room in labor Camp,Al Goze Industrial Second
CNT2133124621,2025-10-21,20000,Office,Jabal Ali Industrial First
CNT2134289197,2026-01-25,85000,1bed room+Hall,Al Barsha First
CNT2133293239,2025-11-03,20000,Office,Saih Shuaib 2
CRT2131172059,2025-06-30,119337,2 bed rooms+hall,Marsa Dubai
CNT2129921313,2025-03-15,54000,1bed room+Hall,Al Jadaf
CRT2127869976,2025-01-14,110000,1bed room+Hall,Marsa Dubai
CNT2131791057,2025-06-13,142000,3 bed rooms+hall,Al Safouh First
CNT2129931288,2025-01-01,62028,Office,Al Garhoud
CNT2132117520,2025-07-07,47000,2 bed rooms+hall,Al Nahda Second
CNT2131992507,2025-07-01,175000,Warehouse,Al Goze Industrial Fourth
CNT2134164356,2025-12-10,34000,1bed room+Hall,Al Warsan First
CNT2126922377,2025-01-01,55000,1bed room+Hall,Al Barshaa South Third
CNT2133033145,2025-09-14,72214,2 bed rooms+hall,Jabal Ali First
CNT2132355534,2025-08-21,35000,Studio,Al Barsha South Fourth
CNT2132549523,2025-09-06,35199,1bed room+Hall,Muhaisanah Fourth
CRT2132887176,2025-10-05,70000,Studio,Business Bay
CNT2130516668,2025-03-01,311220,Studio,Dubai Investment Park First
CNT2132942761,2025-10-15,1638000,Labor Camp,Muhaisanah Second
CNT2130471517,2025-04-12,15000,Office,Al Muteena
CNT2130949485,2025-03-05,70000,2 bed rooms+hall,Madinat Al Mataar
CNT2129596277,2025-02-13,20000,Office,Hor Al Anz
CNT2132294127,2025-05-20,1209600,Room in labor Camp,Muhaisanah Second
CRT2132175716,2025-08-01,121000,Office,Al Thanyah Fifth
CNT2134289052,2026-01-17,20000,Office,Dubai Investment Park First
CNT2132723506,2025-10-14,78000,1bed room+Hall,Oud Metha
CNT2132844782,2025-08-17,27600,Room in labor Camp,Al Goze Industrial Fourth
CNT2133338293,2025-11-02,35420,Studio,Jabal Ali Industrial First
CNT2130635872,2025-04-24,9894,Studio,Jabal Ali Industrial Second
CNT2128546421,2025-01-27,20000,Office,Al Thanyah First
CNT2134005078,2025-11-22,1428000,Room in labor Camp,Al Goze Industrial Second
CRT2129444136,2025-02-01,150000,3 bed rooms+hall,Wadi Al Safa 7
CNT2128955795,2025-02-03,66000,Studio,Al Hebiah Fourth
CNT2132739429,2025-09-23,95000,1bed room+Hall,Business Bay
CRT2134262726,2026-01-01,15000,Office,Saih Shuaib 4
CNT2133560277,2025-08-10,53000,1bed room+Hall,Wadi Al Safa 2
CNT2131696010,2025-07-03,15000,Office,Abu Hail
CRT2132081256,2025-07-31,72000,1bed room+Hall,Business Bay
CNT2132310359,2025-08-19,20000,Office,Al Murqabat
CNT2133207013,2025-08-20,132000,2 bed rooms+hall,Marsa Dubai
CNT2130169061,2025-02-05,70000,Office,Hor Al Anz East
CNT2131711303,2025-07-04,15000,Office,Al Muteena
CNT2132960991,2025-09-15,1680000,Labor Camp,Jabal Ali Industrial First
CNT2133780491,2025-12-01,60000,2 bed rooms+hall,Al Nahda First
CRT2133173426,2025-10-22,23000,Office,Al Mararr
CNT2133247266,2025-10-30,9000,Office,Hor Al Anz East
CRT2131727176,2025-07-07,143325,2 bed rooms+hall,Marsa Dubai
CRT2129446646,2025-02-14,75000,Office,Business Bay
CNT2130049303,2025-03-15,44000,1bed room+Hall,Dubai Investment Park Second
CNT2132239645,2025-08-16,53361,Studio,Business Bay
CNT2133180890,2025-10-01,64000,Room in labor Camp,Al Goze Industrial Second
CNT2131861343,2025-07-16,20000,Office,Hor Al Anz
CNT2126859261,2025-01-01,607200,Room in labor Camp,Jabal Ali Industrial First
CNT2132953271,2025-10-01,75500,3 bed rooms+hall,Warsan Fourth
CNT2133305789,2025-11-03,20000,Office,Saih Shuaib 2
CRT2133233576,2025-11-01,368550,Shop,Al Warsan First
CNT2130990934,2025-05-20,20000,Office,Al Khabeesi
CNT2131868755,2025-06-01,693000,Room in labor Camp,Jabal Ali Industrial First
CNT2130728777,2025-04-06,47500,1bed room+Hall,Al Nahda Second
CNT2131874005,2025-07-23,166032,4 bed rooms+hall,Nad Al Shiba Third
CNT2131221017,2025-06-11,48000,2 bed rooms+hall,Al Qusais Industrial Fifth
CRT2130198086,2025-03-01,55000,1bed room+Hall,Hor Al Anz
CRT2130282886,2025-04-01,140000,1bed room+Hall,Zaabeel Second
CNT2129183081,2025-01-22,68355,2 bed rooms+hall,Al Mamzer
CNT2131117758,2025-05-29,15000,Office,Hor Al Anz
CRT2130668556,2025-04-15,142000,2 bed rooms+hall,Business Bay
CRT2132353136,2025-08-28,40000,Studio,Madinat Al Mataar
CNT2133510254,2025-11-20,63000,2 bed rooms+hall,Al Mamzer
CRT2132908346,2025-10-01,74799,Studio,Business Bay
CNT2128921676,2025-02-01,15000,Office,Al Baraha
CNT2131368359,2025-08-01,150000,3 bed rooms+hall,Rega Al Buteen
CNT2132329013,2025-05-20,5694000,Labor Camp,Muhaisanah Second
CNT2132619418,2025-09-13,15000,Office,Al Goze Industrial First
CRT2129916326,2025-03-01,122000,2 bed rooms+hall,Marsa Dubai
CNT2132214535,2025-07-10,88000,2 bed rooms+hall,Al Jadaf
CNT2130442476,2025-03-17,82000,1bed room+Hall,Al Satwa
CNT2130191000,2025-05-01,30000,Shop,Al Goze First
CNT2127218360,2025-01-01,52800,Shop,Al Rega
CNT2131385478,2025-08-01,30000,Studio,Naif
CNT2131305972,2025-06-17,46691,2 bed rooms+hall,Al Warsan First
CNT2130611518,2025-05-01,55000,Shop,Al Warsan First
CNT2130805790,2025-05-18,100000,2 bed rooms+hall,Business Bay
CRT2130136977,2025-03-14,244343,3 bed rooms+hall,Jabal Ali First
CNT2130829197,2025-04-25,96000,2 bed rooms+hall,Al Barsha First
CNT2130006532,2025-02-07,15000,1bed room+Hall,Al Thanyah Fifth
CNT2131762115,2025-05-11,40800,Room in labor Camp,Muhaisanah Second
CNT2132673377,2025-10-10,266805,4 bed rooms+hall,Um Al Sheif
CNT2130111167,2025-01-15,110000,4 bed rooms+hall,Mirdif
CNT2128487557,2025-01-08,27500,Studio,Al Warsan First
CNT2132642403,2025-09-16,15000,Shop,Naif
CNT2132898872,2025-10-04,155000,2 bed rooms+hall,Marsa Dubai
CNT2130943967,2025-06-02,64000,2 bed rooms+hall,Ras Al Khor Industrial Third
CNT2132944165,2025-10-01,145000,Office,Port Saeed
CNT2128539781,2025-01-01,200000,Shop,Al Rega
CNT2131820859,2025-07-14,15000,Office,Al Hamriya
CNT2131537823,2025-04-12,125752,Shop,Hor Al Anz East
CRT2133641726,2025-10-27,570000,Office,Al Thanyah Fifth
CNT2130689214,2025-05-01,86400,Shop with a mezzanine,Al Suq Al Kabeer
CNT2133170873,2025-10-24,20000,Office,Jabal Ali Industrial First
CNT2130496715,2025-04-25,85701,Shop,Al Warsan First
CNT2131210231,2025-06-16,56000,1bed room+Hall,Al Hamriya
CRT2129908656,2025-01-23,20000,Shop,Hor Al Anz
CNT2133222909,2025-12-20,65000,2 bed rooms+hall,AL TWAR FIFTH
CNT2130695426,2025-03-22,54950,1bed room+Hall,Warsan Fourth
CNT2129721297,2025-02-15,15000,Office,Al Baraha
CNT2131823820,2025-07-01,48000,1bed room+Hall,Al Nahda Second
CNT2134099151,2025-08-15,1491429,Room in labor Camp,Jabal Ali Industrial First
CRT2133804366,2025-11-01,350000,2 bed rooms+hall,Hor Al Anz
CNT2132223114,2025-08-02,35200,Office,Port Saeed
CNT2129410775,2025-02-15,58000,Studio,Al Jadaf
CNT2133322662,2025-10-26,48400,1bed room+Hall,Wadi Al Safa 5
CNT2133607703,2025-11-24,20000,Office,Dubai Investment Park First
CNT2133320755,2025-11-20,525000,Shop,Al Mizhar First
CRT2127472106,2025-01-15,36500,Office,Al Mararr
CNT2128103290,2025-01-16,20000,Office,Port Saeed
CNT2130526261,2025-04-16,35700,Office,Business Bay
CNT2130232947,2025-02-23,152450,Room in labor Camp,Jabal Ali Industrial First
CNT2133937436,2026-01-01,95000,Shop,Al Dhagaya
CNT2134074626,2026-01-01,119912,Shop,Al Wasl
CNT2132031289,2025-01-01,4017600,Room in labor Camp,Muhaisanah Second
CNT2134257213,2026-01-29,41800,2 bed rooms+hall,Muhaisanah Fourth
CRT2134248267,2025-12-05,104000,2 bed rooms+hall,Muhaisanah First
CNT2130975134,2025-04-15,275995,Warehouse,Al Goze Industrial First
CRT2134020116,2025-11-22,250000,4 bed rooms+hall,Al Hebiah Fourth
CNT2131273614,2025-07-01,70000,1bed room+Hall,Al Murqabat
CRT2127681656,2025-01-10,600000,6 bed rooms+hall,Nad Al Shiba First
CNT2130404970,2025-04-10,32500,Studio,Al Suq Al Kabeer
CNT2132033542,2025-06-01,150000,Restaurant,Dubai Investment Park Second
CNT2134062329,2026-01-04,71661,1bed room+Hall,Business Bay
CNT2133042541,2025-10-15,70000,2 bed rooms+hall,Al Nahda Second
CRT2129820986,2025-02-18,15000,Office,Hor Al Anz
CNT2133797299,2025-09-25,120000,Warehouse,Ras Al Khor Industrial First
CNT2132585195,2025-03-05,50400,Labor Camp,Al Goze Industrial Second
CNT2130800351,2025-04-10,85800,2 bed rooms+hall,Al Satwa
CNT2132241255,2025-08-15,95000,7 bed rooms+hall,Abu Hail
CNT2133894786,2025-08-01,220000,3 bed rooms+hall,Al Thanyah Fifth
CNT2131092921,2025-06-01,90000,Office,Trade Center First
CNT2132268489,2025-09-15,55000,2 bed rooms+hall,Al Nahda First
CNT2130209570,2025-01-10,75000,Room in labor Camp,Muhaisanah Second
CNT2133178577,2025-11-03,36000,Studio,Al Barsha South Fifth
CNT2130197344,2025-03-18,14000,Office,Al Goze Third
CNT2129901727,2025-02-24,20000,Office,Hor Al Anz
CNT2132327094,2025-07-13,48000,2 bed rooms+hall,Al Goze Industrial Second
CNT2133550807,2025-10-21,85000,1bed room+Hall,Business Bay
CNT2132424553,2025-08-28,20000,Office,Al Mararr
CNT2132221893,2025-07-15,442800,Room in labor Camp,Dubai Investment Park Second
CNT2132271047,2025-08-30,70999,3 bed rooms+hall,Al Goze Fourth
CNT2132894796,2025-12-10,98000,1bed room+Hall,Al Thanyah Fifth
CNT2132849187,2025-10-01,50000,1bed room+Hall,Al Barsha South Fourth
CNT2134185954,2025-12-01,108900,Office,Al Garhoud
CNT2132800001,2025-10-01,68000,2 bed rooms+hall,Al Muteena
CNT2129447897,2025-01-20,1863000,Room in labor Camp,Dubai Investment Park First
CNT2129863185,2025-01-01,153000,Warehouse,Al Goze Industrial Third
CNT2133717975,2025-07-20,45000,1bed room+Hall,AL QUSAIS
CNT2130174799,2025-04-01,65000,2 bed rooms+hall,Dubai Investment Park First
CNT2133223029,2025-11-13,45000,Studio,Al Murqabat
CRT2134049796,2025-11-27,62500,Studio,Al Thanyah Fifth
CRT2131120956,2025-06-27,77175,3 bed rooms+hall,Madinat Hind 4
CNT2130638611,2025-05-18,46000,Shop,Naif
CNT2133618937,2025-12-01,46000,Studio,Jabal Ali First
CNT2128960238,2025-02-03,10000,Office,Trade Center First
CNT2133243238,2025-11-01,43890,2 bed rooms+hall,Muhaisanah Fourth
CNT2131537275,2025-05-15,48240,Room in labor Camp,Al Warsan Third
CNT2133997506,2026-01-28,27000,1bed room+Hall,Muhaisanah Fourth
CNT2133878569,2025-12-15,39000,Shop,Al Suq Al Kabeer
CNT2132754011,2025-09-24,16000,Office,Al Hamriya
CNT2132714454,2025-09-20,16000,Office,Al Hamriya
CNT2130994055,2025-05-20,15000,Office,Al Khabeesi
CNT2133935515,2026-01-01,193200,2 bed rooms+hall,Al Wasl
CNT2134085974,2026-01-01,24000,1bed room+Hall,Muhaisanah Fourth
CNT2132065699,2025-08-07,21000,Office,Al Garhoud
CNT2128291277,2025-01-17,78000,2 bed rooms+hall,Al Thanyah First
CNT2132560631,2025-09-15,55000,1bed room+Hall,Al Warqa First
CNT2134141279,2026-01-01,103788,Office,Al Barsha First
CRT2134086816,2026-01-01,40000,1bed room+Hall,Al Warsan First
CNT2131060457,2025-04-15,15199,Labor Camp,Muhaisanah Second
CRT2131531816,2025-07-01,240000,4 bed rooms+hall,Wadi Al Safa 5
CNT2132585837,2025-08-15,57660,2 bed rooms+hall,Nadd Hessa
CNT2134322889,2026-01-20,15000,Office,Mankhool
CNT2133441357,2025-11-25,70000,1bed room+Hall,Al Raffa
CNT2131999612,2025-07-21,310000,Warehouse,Ras Al Khor Industrial First
CNT2129827600,2025-02-18,15000,Office,Trade Center First
CNT2132665578,2025-09-21,37679,Studio,Jabal Ali First
CRT2133156156,2025-09-23,80000,Shop,Al Warsan First
CNT2127848484,2025-01-01,257105,Shop,Marsa Dubai
CNT2130024755,2025-03-01,131087,Office,Al Garhoud
CNT2132419980,2025-09-01,350000,3 bed rooms+hall,Marsa Dubai
CNT2131567897,2025-04-03,80000,,Jabal Ali Industrial First
CNT2132174758,2025-06-01,4781000,Studio,Madinat Hind 3
CNT2132725028,2025-10-10,68000,2 bed rooms+hall,Al Qusais Industrial Second
CRT2134144826,2026-01-10,55000,1bed room+Hall,Al Jadaf
CNT2133799225,2025-11-01,61250,Office,Naif
CNT2132399987,2025-06-05,294913,Office,Zaabeel Second
CNT2131963979,2025-07-20,2489000,Staff Accommodatoion,Al Warsan Third
CNT2129846937,2025-01-15,1650000,Room in labor Camp,Jabal Ali Industrial First
CNT2133654887,2025-11-27,20000,Office,Port Saeed
CNT2130238898,2025-03-21,2361600,Room in labor Camp,Al Goze Third
CNT2134064897,2026-01-10,49000,1bed room+Hall,Nadd Hessa
CNT2132970769,2025-10-20,145000,2 bed rooms+hall,Business Bay
CNT2132156434,2025-08-07,10000,Office,Naif
CNT2131243419,2025-06-10,15000,Office,Al Muteena
CNT2127055575,2025-01-15,260000,4 bed rooms+hall,Al Barsha First
CRT2134105366,2025-12-18,30000,Shop,Ras Al Khor Industrial Third
CNT2134236147,2025-12-01,2909500,Labor Camp,Muhaisanah Second
CNT2131312752,2025-07-15,43000,1bed room+Hall,Al Nahda Second
CNT2130584877,2025-04-28,120000,Office,Business Bay
CNT2131224494,2025-06-01,4910977,Room in labor Camp,Muhaisanah Second
CNT2129823010,2025-02-23,85000,1bed room+Hall,Al Barsha South Fourth
CNT2133949085,2025-12-25,86328,2 bed rooms+hall,Jabal Ali First
CNT2129612465,2025-01-01,600000,Showroom,Al Goze Industrial First
CNT2132300640,2025-05-15,563185,Showroom with mezzanine,Al Karama
CNT2131354175,2025-06-20,35000,Studio,Wadi Al Safa 5
CRT2132630173,2025-06-15,129600,3 bed rooms+hall,Wadi Al Safa 3
CNT2132327461,2025-08-01,331200,Room in labor Camp,Al Goze Industrial First
CNT2130219248,2025-03-19,15000,Office,Business Bay
CRT2132812226,2025-09-01,72000,Office,Al Khabeesi
CNT2132812240,2025-09-29,20000,Office,Al Raffa
CNT2132056960,2025-07-30,15000,Office,Port Saeed
CRT2127491216,2025-01-01,5000000,4 bed rooms+hall,Dubai Investment Park Second
CNT2132581659,2025-09-10,20000,Office,Al Muteena
CNT2133044317,2025-08-05,3603600,Room in labor Camp,Jabal Ali Industrial First
CNT2127831028,2025-01-10,26000,Studio,Al Mararr
CNT2132019159,2025-07-30,62831,1bed room+Hall,Mankhool
CNT2132199708,2025-08-12,95000,2 bed rooms+hall,Al Satwa
CNT2131904721,2025-05-29,44800,1bed room+Hall,Al Nahda Second
CNT2132046567,2025-08-09,60000,1bed room+Hall,Al Barsha South Fourth
CNT2133551301,2025-12-06,277695,Workshop,Jabal Ali First
CNT2131505351,2025-07-01,60000,2 bed rooms+hall,Al Nahda First
CNT2127275118,2025-01-01,35000,Studio,Al Satwa
CNT2131099360,2025-05-04,258000,Room in labor Camp,Al Goze Industrial Second
CNT2133295035,2025-11-03,20000,Office,Al Khabeesi
CNT2134329306,2026-01-28,15000,Office,Trade Center Second
CNT2131284359,2025-07-01,80000,2 bed rooms+hall,Wadi Al Safa 5
CNT2132423831,2025-08-15,70000,1bed room+Hall,Nad Al Shiba First
CNT2131309751,2025-06-13,15000,Office,Al Goze Industrial Third
CNT2134024210,2026-01-01,42000,1bed room+Hall,Al Dhagaya
CNT2132290426,2025-08-01,57750,1bed room+Hall,Oud Metha
CNT2131895718,2025-08-13,70557,Warehouse,Jabal Ali Industrial First
CRT2130256786,2025-04-01,40000,Studio,Al Barsha South Fourth
CNT2126949193,2025-03-08,66000,2 bed rooms+hall,Al Warqa First
CNT2133939561,2026-01-06,15000,Office,Al Garhoud
CNT2133724935,2025-11-11,44000,1bed room+Hall,Al Mararr
CRT2129987866,2025-03-02,150448,2 bed rooms+hall,Nad Al Shiba First
CRT2131681356,2025-07-04,90000,2 bed rooms+hall,Al Hebiah Fourth
CNT2131366162,2025-06-01,45000,1bed room+Hall,Al Raffa
CNT2130461744,2025-05-20,75600,2 bed rooms+hall,Madinat Al Mataar
CRT2132106646,2025-08-15,42000,Studio,Al Yelayiss 2
CNT2130221247,2025-03-20,44000,1bed room+Hall,Al Warqa First
CRT2128048626,2025-01-13,50000,Studio,Al Merkadh
CNT2133697607,2025-11-25,225000,3 bed rooms+hall,Trade Center First
CNT2130516690,2025-03-15,40700,1bed room+Hall,Hor Al Anz
CNT2133416730,2025-11-08,20000,Shop,Al Murqabat
CNT2132420311,2025-06-06,32000,Studio,Al Warsan First
CNT2133723756,2025-12-04,20000,Office,Port Saeed
CNT2132139422,2025-01-01,1184400,Studio,Al Goze Industrial Third
CNT2130797489,2025-01-01,270000,Shop,Al Mararr
CNT2131508093,2025-06-24,15000,Office,Al Khabeesi
CNT2133620895,2025-11-20,30800,Studio,Wadi Al Safa 5
CRT2131003366,2025-04-01,40000,1bed room+Hall,Wadi Al Safa 2
CNT2132626384,2025-08-16,50000,1bed room+Hall,Wadi Al Safa 2
CNT2133719563,2025-12-01,33000,Office,Hor Al Anz East
CNT2133864315,2025-12-10,90000,2 bed rooms+hall,Al Murqabat
CNT2134167792,2025-12-15,273600,Room in labor Camp,Al Goze Industrial Second
CNT2131712832,2025-06-29,37000,Studio,Nadd Hessa
CNT2127981017,2025-01-01,300000,Warehouse,Al Goze Industrial Third
CNT2131803503,2025-07-17,46000,1bed room+Hall,Nadd Hessa
CRT2133713606,2025-12-03,142500,1bed room+Hall,Burj Khalifa
CNT2132413191,2025-09-05,15000,Office,Al Khabeesi
CNT2132013375,2025-07-26,75000,Office,Hor Al Anz East
CNT2129943679,2025-02-01,54000,2 bed rooms+hall,Al Warqa First
CNT2132048094,2025-08-01,33000,Studio,Al Warsan First
CNT2133555946,2025-11-01,3387678,Room in labor Camp,Jabal Ali Industrial First
CNT2133037391,2025-10-17,90000,2 bed rooms+hall,Oud Metha
CNT2131859725,2025-01-01,3500000,Hotel,Al Suq Al Kabeer
CNT2132770432,2026-07-01,45000,Shop,Al Mararr
CRT2132869718,2025-10-25,43000,Studio,Al Merkadh
CNT2130763788,2025-05-03,15000,Office,Hor Al Anz
CNT2130873911,2025-05-25,109250,2 bed rooms+hall,Mirdif
CNT2130697220,2025-03-01,27000,Room in labor Camp,Al Goze Industrial First
CRT2132325216,2025-08-20,50000,1bed room+Hall,Al Hebiah Fifth
CRT2130308100,2025-04-02,250000,3 bed rooms+hall,Hadaeq Sheikh Mohammed Bin Rashid
CNT2130192559,2025-03-01,172800,Room in labor Camp,Jabal Ali Industrial First
CNT2129372911,2025-03-04,190000,2 bed rooms+hall,Palm Jumeirah
CNT2128801954,2025-01-01,70000,3 bed rooms+hall,Al Nahda Second
CNT2131490075,2025-06-23,10000,Office,Mankhool
CNT2130291676,2025-03-25,707128,Shop,Hor Al Anz
CNT2133701773,2026-01-01,85714,Office,Me'Aisem First
CNT2132134340,2025-08-10,53000,1bed room+Hall,Al Garhoud
CNT2132417452,2025-08-13,65340,2 bed rooms+hall,Al Karama
CNT2130396404,2025-04-07,13000,Office,Mankhool
CNT2130917545,2025-01-16,4248720,Room in labor Camp,Al Goze Third
CNT2132530925,2025-11-15,88000,3 bed rooms+hall,Al Goze Industrial Second
CRT2129603276,2025-02-13,14955,Office,Hor Al Anz
CNT2132367817,2025-08-26,45000,1bed room+Hall,Hor Al Anz East
CNT2131706611,2025-07-05,54853,1bed room+Hall,Madinat Hind 4
CNT2131939629,2025-07-25,70180,1bed room+Hall,Trade Center First
CRT2133687896,2025-10-31,72500,2 bed rooms+hall,AL QUSAIS
CRT2130467626,2025-03-31,80000,1bed room+Hall,Business Bay
CNT2129918052,2025-02-14,50820,1bed room+Hall,Mirdif
CNT2131032574,2025-05-01,825000,Room in labor Camp,Al Goze Third
CRT2127907386,2025-01-01,186000,Shop,Naif
CNT2131120017,2025-05-01,158400,Room in labor Camp,Al Goze Industrial First
CNT2129451437,2025-02-12,8000,2 bed rooms+hall,Al Hamriya
CNT2132134884,2025-08-01,48000,1bed room+Hall,Warsan Fourth
CNT2133815573,2025-12-11,41234,1bed room+Hall,Warsan Fourth
CNT2132157384,2025-08-10,168500,Shop,Al Nahda First
CNT2131893184,2025-07-15,44628,1bed room+Hall,Al Nahda Second
CNT2133743936,2025-12-05,20000,Office,Dubai Investment Park First
CNT2133875278,2026-01-01,36000,Studio,Al Dhagaya
CRT2132627226,2025-09-15,55000,Studio,Al Barsha South Fourth
CNT2133883411,2025-12-16,350000,Studio,Al Barsha First
CNT2132667265,2025-09-17,15000,Office,Al Khabeesi
CNT2131712869,2025-07-04,15000,Office,Hor Al Anz
CNT2133485595,2025-10-25,140000,Warehouse,Al Goze Third
CNT2130078599,2025-03-10,90000,1bed room+Hall,Business Bay
CNT2134169833,2026-01-17,95000,2 bed rooms+hall,Al Barsha First
CNT2127640921,2025-01-08,15000,Office,Al Nahda First
CNT2130658619,2025-04-25,15000,Office,Al Khabeesi
CNT2133090905,2025-10-20,15000,Office,Business Bay
CRT2133581116,2025-03-25,43890,1bed room+Hall,Al Hebiah Fifth
CNT2133107551,2025-12-02,27500,Studio,Al Warsan First
CRT2133788046,2025-12-11,73000,1bed room+Hall,Al Barsha South Fourth
CNT2132923004,2025-10-10,95000,1bed room+Hall,Mankhool
CNT2128968755,2025-02-06,48000,1bed room+Hall,Al Nahda First
CNT2126458855,2025-01-05,69600,2 bed rooms+hall,Al Barsha First
CRT2131834905,2025-07-20,145000,3 bed rooms+hall,Wadi Al Safa 5
CNT2132543780,2025-12-01,275000,4 bed rooms+hall,Jumeirah Second
CNT2133279863,2025-11-01,78000,2 bed rooms+hall,Al Nahda Second
CRT2134308856,2026-02-23,80000,Studio,Burj Khalifa
CNT2132912185,2025-07-25,4441500,Room in labor Camp,Jabal Ali Industrial First
CNT2132376782,2025-08-29,170000,3 bed rooms+hall,Marsa Dubai
CNT2128134557,2025-01-18,55000,Office,Dubai Investment Park Second
CNT2130782598,2025-05-15,58000,2 bed rooms+hall,Al Nahda Second
CNT2133781566,2025-12-09,20000,Office,Trade Center First
CNT2130610607,2025-05-01,38000,Shop,Wadi Al Safa 5
CNT2129611146,2025-01-29,34939,1bed room+Hall,Al Warsan First
CNT2131232673,2025-03-01,80000,Room in labor Camp,Muhaisanah Second
CNT2134065952,2025-12-16,80000,Office,Al Garhoud
CNT2127259133,2025-01-01,67000,2 bed rooms+hall,Al Nahda Second
CNT2133078004,2025-10-18,20000,Office,Al Raffa
CNT2131326684,2025-04-01,288000,Shop,Al Suq Al Kabeer
CNT2127579052,2025-01-01,45000,1bed room+Hall,Madinat Dubai Almelaheyah
CRT2130831176,2025-01-01,76800,Labor Camp,Ras Al Khor Industrial Third
CNT2128467453,2025-03-29,180000,1bed room+Hall,Palm Jumeirah
CRT2127871336,2025-01-01,49000,Hotel,Al Hebiah Third
CNT2131950087,2025-07-23,10000,Office,Al Baraha
CNT2131744507,2025-07-16,48500,2 bed rooms+hall,Al Qusais Industrial Fifth
CNT2130236892,2025-03-20,15000,Office,Business Bay
CNT2128486898,2025-01-01,20000,Office,Al Mararr
CNT2132677816,2025-10-28,31350,Studio,Al Goze Industrial Second
CNT2131798836,2025-07-10,72000,1bed room+Hall,Al Barshaa South Third
CNT2133179030,2025-10-01,36000,Studio,Al Warsan First
CNT2133956369,2025-07-20,270000,Shop,Al Warsan First
CNT2133710004,2025-12-03,20000,Office,Hor Al Anz
CNT2131998233,2025-07-26,15000,Office,Al Khabeesi
CNT2133028824,2025-10-15,33000,Office,Dubai International Airport
CNT2128449960,2025-01-01,604800,Room in labor Camp,Jabal Ali Industrial First
CNT2128124831,2025-01-01,396000,Room in labor Camp,Al Goze Third
CNT2132563215,2025-09-09,20000,Office,Ras Al Khor Industrial Second
CRT2127680546,2025-01-10,320000,4 bed rooms+hall,Wadi Al Safa 5
CNT2130419257,2025-04-18,1348992,Room in labor Camp,Saih Shuaib 3
CNT2133778190,2025-12-08,40000,Office,Trade Center First
CNT2130660357,2025-01-01,113000,Warehouse,Al Goze Industrial Third
CNT2128554169,2025-02-12,107399,3 bed rooms+hall,Al Hudaiba
CNT2129118193,2025-03-01,100000,Office,Al Karama
CNT2132401767,2025-08-27,15000,Office,Al Murqabat
CNT2133570129,2025-12-03,294298,Shop,Al Warsan First
CNT2129805407,2025-01-11,72000,Room in labor Camp,Muhaisanah Second
CNT2130531263,2025-04-05,155172,Shop,Jabal Ali Industrial First
CNT2133536747,2025-11-22,45000,1bed room+Hall,Al Warqa First
CNT2132863968,2025-09-22,156975,5 bed rooms+hall,Nadd Hessa
CNT2129368550,2025-02-04,37000,1bed room+Hall,Warsan Fourth
CNT2127870166,2025-01-13,80000,Studio,Al Baraha
CNT2131317283,2025-06-15,30000,Office,Business Bay
CRT2129269006,2025-02-05,40000,Studio,Al Barsha South Fourth
CRT2130832856,2025-06-01,200000,2 bed rooms+hall,Al Wasl
CNT2133306713,2025-11-18,77700,2 bed rooms+hall,Al Karama
CNT2133837084,2025-12-12,15000,Office,Al Mararr
CNT2133698355,2025-05-15,8499998,Room in labor Camp,Al Goze Industrial Second
CNT2129850085,2025-03-09,52500,1bed room+Hall,Madinat Dubai Almelaheyah
CRT2132813636,2025-09-24,350001,Shop,Al Muteena
CNT2124893369,2025-01-01,60000,2 bed rooms+hall,Al Nahda First
CNT2133622629,2025-11-25,15000,Office,Al Goze Industrial First
CNT2132118167,2025-08-01,44500,1bed room+Hall,Al Qusais Industrial Second
CNT2129792544,2025-02-22,82000,2 bed rooms+hall,Wadi Al Safa 2
CNT2134285673,2026-01-17,15000,Office,Al Garhoud
CNT2132923607,2025-12-01,97000,2 bed rooms+hall,Trade Center Second
CNT2129184508,2025-02-20,38000,1bed room+Hall,Al Warqa First
CNT2131986231,2025-08-10,130000,4 bed rooms+hall,Mirdif
CNT2132554243,2025-09-09,20000,Office,Naif
CRT2130188896,2025-03-14,74000,3 bed rooms+hall,Madinat Hind 4
CRT2133764846,2025-12-01,115500,3 bed rooms+hall,Al Twar First
CNT2132273808,2025-07-20,48000,1bed room+Hall,Al Warqa First
CNT2133578391,2025-05-20,378000,5 bed rooms+hall,Al Safouh First
CRT2131996846,2025-08-05,170000,3 bed rooms+hall,Al Yelayiss 1
CNT2132218124,2025-07-01,45000,Studio,Naif
CNT2132772101,2025-10-13,32005,Studio,Jabal Ali First
CNT2130111388,2025-03-11,10000,Office,Al Garhoud
CNT2131524318,2025-06-25,95000,Shop,Naif
CNT2130388710,2025-04-05,20000,Office,Hor Al Anz
CNT2133923038,2025-12-15,126788,3 bed rooms+hall,Al Murqabat
CNT2133154560,2025-10-13,2837211,Office,Al Safouh Second
CNT2132818470,2025-09-29,10000,Office,Al Khabeesi
CNT2130240144,2025-04-01,160000,2 bed rooms+hall,Marsa Dubai
CNT2127805092,2025-01-01,53740,Shop,Naif
CNT2131303183,2025-07-05,15000,Office,Muhaisanah Fourth
CRT2133961066,2026-01-01,40000,Office,Al Thanyah Fifth
CNT2130628610,2025-05-26,36000,Studio,Al Qusais Industrial First
CNT2132532156,2025-08-15,48542,1bed room+Hall,Nadd Hessa
CNT2134327456,2026-01-01,35000,Office,Al Khabeesi
CRT2133725536,2025-10-01,35000,1bed room+Hall,Al Warsan First
CRT2131704276,2025-07-05,120000,2 bed rooms+hall,Rega Al Buteen
CNT2131088982,2025-05-27,15000,Office,Business Bay
CNT2132359861,2025-09-01,48000,Shop,Hor Al Anz
CNT2133883411,2025-12-16,350000,Studio,Al Barsha First
CNT2130366222,2025-04-05,55000,1bed room+Hall,Nadd Hessa
CNT2134330842,2026-03-02,1296000,Room in labor Camp,Me'Aisem First
CNT2132658722,2025-09-10,40000,1bed room+Hall,Al Warsan First
CNT2132014737,2025-06-15,702000,Room in labor Camp,Muhaisanah Second
CNT2133647227,2025-10-15,471744,Studio,Al Goze Industrial Second
CNT2130224790,2025-01-18,160704,Room in labor Camp,Dubai Investment Park Second
CNT2132168732,2025-08-08,38000,Studio,Mirdif
CNT2130049152,2025-05-27,44000,Office,Burj Khalifa
CNT2133426690,2025-09-01,42000,Kiosk,Hor Al Anz East
CNT2131800564,2025-07-11,15000,Office,Al Suq Al Kabeer
CNT2132162147,2025-09-01,55800,Shop,Naif
CNT2131370317,2025-05-23,772684,Room in labor Camp,Muhaisanah Second
CRT2132284226,2025-09-01,142000,1bed room+Hall,Marsa Dubai
CNT2133496468,2025-09-01,48000,1bed room+Hall,Al Warsan First
CNT2134082913,2026-01-01,330330,Shop,Al Sabkha
CNT2132488784,2025-09-05,15000,Office,Jabal Ali First
CNT2133347349,2025-11-06,15000,Office,Business Bay
CNT2132638986,2025-08-01,80000,1bed room+Hall,Al Hebiah Third
CNT2128424248,2025-01-14,84482,1bed room+Hall,Burj Khalifa
CNT2131196760,2025-03-01,88800,Room in labor Camp,Muhaisanah Second
CNT2132408288,2025-08-27,15000,Office,Saih Shuaib 3
CRT2131088966,2025-05-28,50000,Studio,Al Thanyah Fifth
CNT2128476449,2025-01-22,10000,Office,Business Bay
CNT2134071552,2025-11-02,71500,1bed room+Hall,Nad Al Shiba First
CNT2128962234,2025-01-01,55000,3 bed rooms+hall,AL TWAR FIFTH
CNT2130974924,2025-05-15,54000,Office,Trade Center First
CNT2131198386,2025-07-25,55000,Shop,Hor Al Anz East
CNT2132143161,2025-01-01,3684096,Room in labor Camp,Jabal Ali Industrial First
CNT2130087597,2025-03-05,45000,1bed room+Hall,Wadi Al Safa 5
CNT2132619677,2025-09-27,60000,Hotel,Jabal Ali First
CNT2132407222,2025-09-01,54000,Studio,Al Barsha South Fourth
CNT2132607673,2025-09-23,30000,Studio,Al Warsan First
CNT2132626027,2025-09-10,55000,Shop,Al Raffa
CNT2132655691,2025-09-17,44000,1bed room+Hall,Al Goze Industrial Second
CRT2131814251,2025-07-18,280000,4 bed rooms+hall,Al Hebiah Fourth
CRT2133977866,2025-11-16,75000,2 bed rooms+hall,Wadi Al Safa 5
CNT2133279865,2025-11-20,90000,1bed room+Hall,Marsa Dubai
CNT2131326118,2025-06-16,15000,Office,Al Baraha
CNT2131263701,2025-06-11,15000,Office,Al Barsha First
CNT2131386097,2025-06-19,12000,Office,Al Raffa
CNT2133626065,2025-12-01,220000,Office,Al Thanyah First
CNT2130381319,2025-03-27,57200,1bed room+Hall,Jabal Ali First
CNT2127294231,2025-01-01,48000,2 bed rooms+hall,Al Nahda Second
CNT2134277403,2026-01-01,158400,Labor Camp,Al Goze Industrial Second
CNT2130452089,2025-03-01,24000,Room in labor Camp,Dubai Investment Park Second
CNT2130425368,2025-04-05,45000,Office,Trade Center First
CNT2133939812,2025-11-30,39000,Studio,Al Hebiah Third
CNT2133013011,2025-09-05,66000,Room in labor Camp,Muhaisanah Second
CNT2132281457,2025-08-18,15000,Office,Naif
CNT2125444247,2025-02-01,78750,2 bed rooms+hall,Al Garhoud
CNT2133444946,2025-11-11,20000,Office,Trade Center First
CRT2132627636,2025-09-05,120000,3 bed rooms+hall,Mirdif
CRT2132397616,2025-08-29,100000,2 bed rooms+hall,Business Bay
CNT2133761484,2025-11-29,201000,4 bed rooms+hall,Nadd Hessa
CNT2130703611,2025-04-29,15000,Office,Al Khabeesi
CNT2130448938,2025-04-10,15000,Office,Al Goze Industrial First
CNT2132847826,2025-09-29,316800,Room in labor Camp,Al Goze Industrial Fourth
CNT2130953851,2025-03-01,43200,Room in labor Camp,Al Goze Third
CRT2131184576,2025-02-22,100000,3 bed rooms+hall,Madinat Hind 4
CNT2133347860,2025-10-25,53000,2 bed rooms+hall,Warsan Fourth
CRT2133703766,2025-11-01,156600,2 bed rooms+hall,Burj Khalifa
CNT2132151078,2025-08-15,17976,Office,Nadd Hessa
CNT2132791053,2025-06-16,77400,Room in labor Camp,Al Goze Industrial Second
CNT2131422428,2025-07-01,57172,1bed room+Hall,Al Barsha First
CNT2130547570,2025-03-01,4067837,Office,Al Safouh Second
CRT2132313816,2025-07-04,50000,1bed room+Hall,Mankhool
CNT2130025609,2025-04-01,89544,3 bed rooms+hall,Mirdif
CNT2133188883,2025-11-15,67427,2 bed rooms+hall,Mirdif
CNT2131657239,2025-07-01,155000,2 bed rooms+hall,Nad Al Shiba First
CNT2130320681,2025-05-01,350000,Office,Al Thanyah Fifth
CNT2131316609,2025-06-20,38000,Studio,Mirdif
CNT2129883873,2025-02-25,45000,2 bed rooms+hall,Muhaisanah Fourth
CNT2132429812,2025-09-01,53361,1bed room+Hall,Jabal Ali First
CNT2130745431,2025-04-01,130000,Warehouse,Al Ttay
CRT2132872366,2025-11-21,55000,Shop,Zaabeel First
CNT2132856448,2025-10-01,80400,Studio,Al Barsha South Fourth
CNT2133641520,2025-11-26,15000,Studio,Al Mararr
CNT2130984873,2025-03-05,36209,Room in labor Camp,Al Goze Third
CRT2132593336,2025-08-28,78000,1bed room+Hall,Mirdif
CNT2133522633,2025-10-25,302250,Warehouse,Dubai Investment Park First
CNT2133191571,2025-10-27,20000,Office,Trade Center First
CNT2130887433,2025-02-28,143325,4 bed rooms+hall,Mirdif
CRT2134153306,2025-12-25,34000,1bed room+Hall,Me'Aisem First
CNT2130960343,2025-05-15,35565,1bed room+Hall,Al Warsan First
CNT2128120869,2025-01-17,20000,Office,Hor Al Anz
CRT2132271506,2025-08-20,40200,1bed room+Hall,Warsan Fourth
CNT2133895743,2025-08-01,60191,Office,Dubai Investment Park First
CNT2130001238,2025-03-02,29040,,Hessyan First
CNT2132470692,2025-09-01,20000,Office,Dubai Investment Park Second
CNT2131533821,2025-06-25,15000,Office,Al Khabeesi
CNT2127165987,2025-01-01,83557,Office,Al Wasl
CNT2129960884,2025-03-01,54574,2 bed rooms+hall,Al Nahda Second
CNT2133471852,2025-11-13,20000,Office,Trade Center First
CNT2133201337,2025-10-27,15000,Office,Al Khabeesi
CNT2132470086,2025-09-01,140000,Warehouse,Al Goze Industrial Third
CNT2132685272,2025-09-15,108000,1bed room+Hall,Business Bay
CNT2130168430,2025-02-25,63000,Shop,Al Bada
CNT2133579076,2025-11-10,105000,2 bed rooms+hall,Al Raffa
CNT2132224084,2025-08-05,42500,1bed room+Hall,Al Nahda Second
CNT2129047568,2025-05-01,46000,1bed room+Hall,Al Nahda Second
CNT2132487574,2025-09-02,15000,Office,Port Saeed
CNT2133059851,2025-10-16,15000,Office,Business Bay
CNT2131239144,2025-06-10,162000,Studio,Al Goze Industrial Second
CRT2130591226,2025-05-01,165000,3 bed rooms+hall,Al Yelayiss 2
CNT2134304748,2026-01-20,262635,,Jabal Ali Industrial First
CNT2131520499,2025-07-01,51000,1bed room+Hall,Mankhool
CNT2132769684,2025-09-15,230400,Room in labor Camp,Muhaisanah Second
CNT2131750800,2025-07-20,75000,Shop,Al Mararr
CNT2131751680,2025-03-14,173250,4 bed rooms+hall,Jumeirah Third
CNT2133281132,2025-09-15,76230,1bed room+Hall,Business Bay
CNT2133074282,2025-10-17,69575,1bed room+Hall,Marsa Dubai
CNT2132367079,2025-08-16,164571,3 bed rooms+hall,Marsa Dubai
CRT2134029516,2025-09-01,70114,1bed room+Hall,Business Bay
CNT2130930837,2025-05-16,48500,2 bed rooms+hall,Al Qusais Industrial Fifth
CNT2133729985,2025-11-25,40000,1bed room+Hall,Al Warqa First
CNT2132241341,2025-08-18,33000,Studio,Eyal Nasser
CNT2131872850,2025-07-17,12000,Office,Al Goze Third
CNT2133858431,2026-01-01,33000,Studio,Al Muteena
CRT2131872276,2025-07-10,42500,1bed room+Hall,Nadd Hessa
CNT2133625846,2025-12-01,47000,1bed room+Hall,Al Warsan First
CNT2130761681,2025-05-10,110000,2 bed rooms+hall,Al Merkadh
CRT2130682826,2025-04-23,42000,1bed room+Hall,Al Warsan First
CNT2132012707,2025-07-15,1449000,Room in labor Camp,Muhaisanah Second
CNT2130488579,2025-03-10,54285,2 bed rooms+hall,Hor Al Anz East
CNT2133010629,2025-09-01,3800053,2 bed rooms+hall,Mirdif
CNT2130551019,2025-04-17,20000,Office,Al Khabeesi
CRT2131724626,2025-02-01,210000,4 bed rooms+hall,Al Wasl
CNT2134031413,2025-12-05,1440000,Room in labor Camp,Jabal Ali Industrial First
CNT2130641737,2025-05-01,34195,Studio,Warsan Fourth
CNT2133489591,2025-04-01,900000,2 bed rooms+hall,Marsa Dubai
CNT2132840899,2025-10-01,135000,2 bed rooms+hall,Business Bay
CRT2132736021,2025-10-01,330000,2 bed rooms+hall,Palm Jumeirah
CNT2130044246,2025-03-05,240000,Room in labor Camp,Jabal Ali Industrial First
CRT2134335556,2026-01-16,24000,Studio,Al Warsan First
CNT2132211364,2025-08-16,44000,Studio,Al Barshaa South Third
CRT2132429176,2025-09-05,290000,4 bed rooms+hall,Marsa Dubai
CNT2130153561,2025-03-01,134400,Room in labor Camp,Muhaisanah Second
CNT2132953507,2025-09-01,145000,Warehouse,Dubai Investment Park Second
CNT2133443089,2025-12-01,47616,1bed room+Hall,Al Nahda Second
CNT2132946323,2025-09-01,97500,3 bed rooms+hall,Mirdif
CNT2132564471,2025-09-01,120750,4 bed rooms+hall,Mirdif
CRT2132938806,2025-10-08,60000,1bed room+Hall,Dubai Investment Park First
CNT2130240001,2025-03-22,52000,1bed room+Hall,Al Nahda Second
CNT2128323851,2025-01-27,34650,Studio,Al Nahda First
CNT2132636511,2025-09-15,20000,Office,Dubai Investment Park First
CNT2132328445,2025-08-25,48510,1bed room+Hall,Mirdif
CRT2131739566,2025-05-11,150000,2 bed rooms+hall,Al Khairan First
CNT2133081067,2025-10-18,20000,Office,Trade Center First
CNT2133157811,2025-10-23,17000,Office,Business Bay
CNT2131943970,2025-07-22,95000,3 bed rooms+hall,Al Karama
CNT2132280802,2025-08-18,15000,Office,Al Murqabat
CNT2131133549,2025-05-01,52800,Room in labor Camp,Dubai Investment Park Second
CNT2132280075,2025-08-18,15000,Office,Al Garhoud
CNT2127065451,2025-01-01,120000,2 bed rooms+hall,Al Rega
CNT2131353327,2025-06-17,15000,Office,Hor Al Anz
CNT2132077569,2025-05-01,35200,1bed room+Hall,Al Murqabat
CRT2132732776,2025-10-01,600000,4 bed rooms+hall,Al Merkadh
CNT2133789998,2025-12-13,57999,2 bed rooms+hall,Al Goze Fourth
CNT2131830213,2025-05-15,546000,Room in labor Camp,Dubai Investment Park First
CRT2133267896,2025-11-01,140000,2 bed rooms+hall,Al Khairan First
CRT2128945657,2025-02-10,148000,3 bed rooms+hall,Al Barsha South Fourth
CNT2131126333,2025-06-05,55000,1bed room+Hall,Hor Al Anz East
CNT2133912798,2025-09-01,2184228,Office,Business Bay
CNT2131023059,2025-05-19,1321920,Room in labor Camp,Jabal Ali Industrial First
CRT2133486888,2025-11-17,74300,2 bed rooms+hall,Nadd Hessa
CNT2133772065,2025-12-01,72765,2 bed rooms+hall,Al Jadaf
CRT2134130066,2025-12-02,135000,Shop,Mirdif
CNT2131097048,2025-05-28,15000,Office,Al Karama
CNT2132385679,2025-04-01,29000,Studio,Naif
CNT2127937229,2025-01-14,15000,Office,Hor Al Anz
CNT2133667582,2025-12-05,56000,1bed room+Hall,Al Warsan First
CNT2133610143,2025-10-28,339120,Room in labor Camp,Saih Shuaib 4
CNT2130267737,2025-04-01,53000,Office,Al Suq Al Kabeer
CNT2132591895,2025-10-01,2340000,Staff Accommodatoion,Al Warsan Third
CNT2132488742,2025-09-15,70000,2 bed rooms+hall,Madinat Al Mataar
CNT2131900523,2025-07-28,62000,1bed room+Hall,Nadd Hessa
CRT2130036536,2025-03-01,550000,3 bed rooms+hall,Marsa Dubai
CNT2127770536,2025-01-10,24000,Room in labor Camp,Jabal Ali Industrial First
CNT2128315153,2025-02-01,53500,Studio,Al Jafliya
CNT2133856639,2026-01-01,90956,2 bed rooms+hall,Oud Metha
CNT2132588822,2025-09-22,65000,1bed room+Hall,Mankhool
CNT2131253809,2025-05-31,33871,1bed room+Hall,Al Warsan First
CNT2129945761,2025-02-26,30000,Office,Rega Al Buteen
CNT2133157412,2025-10-15,10000000,Room in labor Camp,Al Warsan Second
CNT2129999898,2025-02-27,115000,Supermarket,Al Barsha First
CNT2132706896,2025-09-19,20000,Office,Dubai Investment Park First
CNT2128965125,2025-02-03,15000,Office,Hor Al Anz
CNT2133837454,2025-12-05,40500,Studio,Al Mararr
CNT2132742399,2025-09-01,56000,1bed room+Hall,Wadi Al Safa 3
CNT2133086946,2025-11-29,189000,4 bed rooms+hall,Nadd Hessa
CNT2132913627,2025-09-20,73000,1bed room+Hall,Business Bay
CRT2129957546,2025-02-06,50000,1bed room+Hall,Me'Aisem First
CRT2132554086,2025-09-05,75000,2 bed rooms+hall,Nadd Hessa
CRT2130337116,2025-04-02,220000,2 bed rooms+hall,Burj Khalifa
CNT2134099969,2026-01-08,55650,1bed room+Hall,Al Karama
CNT2129969921,2025-02-28,15000,Office,Hor Al Anz
CNT2131980755,2025-05-01,82800,Room in labor Camp,Al Goze Industrial First
CNT2132553178,2025-09-09,15000,Office,Business Bay
CNT2130842564,2025-04-01,46000,1bed room+Hall,Al Warsan First
CRT2126016766,2025-01-01,39000,Shop,Al Barsha Second
CNT2130373227,2025-02-03,95996,Office,Hadaeq Sheikh Mohammed Bin Rashid
CRT2131394826,2025-07-21,170000,Office,Business Bay
CNT2131999537,2025-07-15,175000,3 bed rooms+hall,Jabal Ali First
CNT2133428990,2025-11-10,98091,2 bed rooms+hall,Al-Cornich
CNT2133523090,2025-12-01,225000,4 bed rooms+hall,Marsa Dubai
CRT2131199026,2025-06-25,200000,2 bed rooms+hall,Jumeirah First
CRT2129976336,2025-02-25,42000,Studio,Ras Al Khor Industrial Second
CNT2132551901,2025-09-09,24000,Room in labor Camp,Jabal Ali Industrial First
CNT2133339729,2025-11-05,19000,Office,Al Mararr
CNT2131801897,2025-08-30,129765,2 bed rooms+hall,Um Al Sheif
CNT2130813114,2025-05-01,67000,Office,Um Hurair Second
CNT2133815079,2025-12-11,17000,Office,Al Mararr
CNT2133845245,2025-07-10,840000,Room in labor Camp,Jabal Ali Industrial First
CNT2131576452,2025-06-18,92000,2 bed rooms+hall,Al Raffa
CNT2133013084,2025-10-20,53000,1bed room+Hall,Madinat Al Mataar
CNT2132971655,2025-10-10,55650,2 bed rooms+hall,Wadi Al Safa 2
CNT2129462858,2025-03-01,115000,1bed room+Hall,Business Bay
CNT2134095199,2026-02-24,123740,Shop,Port Saeed
CNT2130841388,2025-01-01,300000,Warehouse,Ras Al Khor Industrial Second
CNT2126905846,2025-01-01,24000,1bed room+Hall,AL QUSAIS
CNT2131050001,2025-03-20,189000,2 bed rooms+hall,Al Nahda Second
CNT2130236767,2025-04-01,30319,2 bed rooms+hall,Muhaisanah Fourth
CNT2127937005,2025-02-01,125000,2 bed rooms+hall,Al Karama
CNT2132858370,2025-10-01,15000,Office,Al Mararr
CNT2130631907,2025-05-01,80999,3 bed rooms+hall,Muhaisanah Fourth
CRT2132357852,2025-08-15,145000,3 bed rooms+hall,Wadi Al Safa 5
CNT2131917567,2025-05-15,10000,Room in labor Camp,Dubai Investment Park Second
CNT2130852852,2025-05-15,110000,2 bed rooms+hall,Marsa Dubai
CNT2131808399,2025-08-12,57750,2 bed rooms+hall,AL QUSAIS
CNT2131854902,2025-07-25,95000,2 bed rooms+hall,Marsa Dubai
CNT2134179286,2026-01-12,18000,Office,Business Bay
CNT2133503469,2025-09-04,50820,2 bed rooms+hall,Al Nahda First
CNT2132410669,2025-09-01,125000,2 bed rooms+hall,Al Thanyah Fifth
CNT2128320558,2025-01-27,60000,2 bed rooms+hall,Al Goze Industrial Second
CNT2132617524,2025-09-15,50000,Shop,Al Karama
CNT2129871210,2025-02-25,57000,1bed room+Hall,Dubai Investment Park Second
CNT2130425407,2025-03-28,63800,2 bed rooms+hall,Al Hudaiba
CNT2132798541,2025-10-01,60000,Studio,Business Bay
CNT2132452974,2025-08-30,20000,Office,Al Murqabat
CRT2131786086,2025-07-10,15000,Office,Al Muteena
CNT2132423534,2025-08-01,62118,2 bed rooms+hall,Al Kheeran
CRT2133638956,2025-10-01,46000,1bed room+Hall,Al Hebiah Third
CNT2128576942,2025-01-10,1440000,2 bed rooms+hall,Al Murqabat
CNT2127342155,2025-01-01,117250,Shop,Naif
CRT2130082926,2025-01-01,80000,Warehouse,Al Khabeesi
CNT2131360616,2025-07-10,64000,1bed room+Hall,Al Barshaa South Third
CNT2130446179,2025-03-20,49610,1bed room+Hall,Nadd Hessa
CNT2133590948,2025-11-24,46000,Studio,Jabal Ali Industrial First
CNT2126169266,2025-02-15,170000,3 bed rooms+hall,Al Rega
CNT2125845173,2025-01-01,30000,Studio,Al Mararr
CNT2133607720,2025-11-24,15000,Office,Hor Al Anz East
CNT2130223114,2025-01-01,29400,Studio,Wadi Al Safa 3
CNT2130635781,2025-04-24,15000,Office,Al Muteena
CNT2130628616,2025-04-29,69371,1bed room+Hall,Al Barshaa South Third
CNT2130480595,2025-05-01,90000,2 bed rooms+hall,Rega Al Buteen
CNT2126036173,2025-01-07,61000,1bed room+Hall,Al Barshaa South Third
CNT2130462448,2025-04-01,116408,Office,Al Safouh Second
CNT2129825102,2025-02-26,40000,Studio,Nadd Hessa
CNT2127479173,2025-01-20,50936,1bed room+Hall,Al Jadaf
CNT2128523928,2025-01-24,875000,2 bed rooms+hall,Zaabeel First
CNT2132516052,2025-10-06,106965,1bed room+Hall,Al Warsan First
CNT2131546584,2025-07-26,39000,1bed room+Hall,Al Goze Industrial Second
CNT2130965124,2025-05-19,336000,Room in labor Camp,Muhaisanah Second
CNT2131489173,2025-04-16,46725,1bed room+Hall,Al Barsha South Fourth
CNT2132520403,2025-08-25,257256,Room in labor Camp,Saih Shuaib 2
CNT2129891740,2025-03-01,140000,1bed room+Hall,Jumeirah First
CNT2131274105,2025-06-11,16000,Office,Wadi Al Safa 2
CNT2131752228,2025-08-01,277020,Office,Al Safouh First
CNT2133083986,2025-08-16,115000,1bed room+Hall,Marsa Dubai
CNT2126900082,2025-02-01,38000,1bed room+Hall,Al Mamzer
CNT2133470918,2025-12-14,47000,2 bed rooms+hall,Al Qusais Industrial Fifth
CNT2133172716,2025-08-01,43000,Office,Naif
CNT2133318534,2025-08-24,1101600,Room in labor Camp,Al Goze Third
CRT2133698686,2025-12-04,95000,1bed room+Hall,Al Barsha South Fourth
CRT2132113616,2025-03-27,173000,3 bed rooms+hall,Marsa Dubai
CNT2133159330,2025-10-17,60137,Shop,Al Warsan First
CNT2127338653,2025-01-01,1800000,Room in labor Camp,Al Warsan Third
CNT2130722911,2025-05-01,55000,1bed room+Hall,Nadd Hessa
CNT2132574383,2025-09-15,111997,2 bed rooms+hall,Al Karama
CRT2129625236,2025-02-14,45000,Studio,Al Merkadh
CNT2134285880,2025-12-31,214241,Warehouse,Al Goze Industrial Fourth
CNT2133095222,2025-09-05,52000,Shop,Hor Al Anz East
CNT2133551087,2025-10-14,70000,Warehouse,Al Ttay
CNT2132908194,2025-05-01,3700000,,Al Nahda Second
CNT2130741133,2025-05-01,15000,Office,Jabal Ali Industrial First
CNT2133000348,2025-10-01,105000,2 bed rooms+hall,Business Bay
CNT2130900947,2025-06-15,236250,4 bed rooms+hall,Jumeirah Third
CNT2130326857,2025-03-01,756000,Room in labor Camp,Jabal Ali Industrial First
CNT2132135397,2025-07-01,2409375,1bed room+Hall,Ras Al Khor Industrial Third
CNT2132948160,2025-10-10,31000,Studio,Al Warsan First
CNT2130396777,2025-04-07,20000,Office,Hor Al Anz
CNT2132035632,2025-05-15,3330036,1bed room+Hall,Jabal Ali First
CRT2132127886,2025-06-10,188241,Warehouse,Nad Al Hamar
CNT2128735104,2025-01-01,21600,Office,Al Rega
CNT2127583663,2025-03-13,200000,5 bed rooms+hall,Al Murqabat
CNT2129880083,2025-02-10,231000,Shop,Al Goze Third
CNT2129878703,2025-02-16,43000,1bed room+Hall,AL QUSAIS
CNT2130659858,2025-05-01,46500,Studio,Me'Aisem First
CNT2133135955,2025-10-01,990000,Room in labor Camp,Al Goze Third
CRT2132535546,2025-09-06,140000,2 bed rooms+hall,Marsa Dubai
CNT2130912365,2025-04-11,30000,Room in labor Camp,Dubai Investment Park Second
CNT2132305168,2025-08-15,82000,2 bed rooms+hall,Al Barsha First
CNT2133094257,2025-11-09,32005,Studio,Jabal Ali First
CRT2129957376,2025-01-01,105000,3 bed rooms+hall,Madinat Hind 4
CRT2134309676,2026-01-01,60000,1bed room+Hall,Al Muteena
CNT2128498029,2025-01-01,191207,Shop,Al Hebiah First
CNT2132375949,2025-08-19,28000,Studio,Al Warsan First
CNT2130217234,2025-03-12,65000,1bed room+Hall,Al Barsha First
CNT2132727158,2025-11-25,36000,1bed room+Hall,Al Rega
CNT2133789348,2025-12-09,15000,Office,Business Bay
CNT2131786667,2025-07-28,54450,2 bed rooms+hall,AL QUSAIS
CNT2131014902,2025-05-18,75000,1bed room+Hall,Al Barsha South Fourth
CNT2130495287,2025-05-01,110000,2 bed rooms+hall,Al Satwa
CNT2131187291,2025-06-05,130000,4 bed rooms+hall,Mankhool
CRT2127742846,2025-01-12,42350,Hotel,Jabal Ali First
CNT2132710627,2025-09-20,15000,Office,Rega Al Buteen
CNT2128117760,2025-01-01,40000,Shop,Saih Shuaib 4
CNT2130256184,2025-02-01,686400,Room in labor Camp,Dubai Investment Park Second
CNT2128113419,2025-01-17,80000,1bed room+Hall,Al Barsha First
CNT2130503547,2025-03-20,79000,Warehouse,Jabal Ali Industrial First
CNT2132463882,2025-09-01,15000,Office,Hor Al Anz
CNT2131694138,2025-07-03,17699,Office,Al Suq Al Kabeer
CNT2132463858,2025-09-18,35000,Studio,Nadd Hessa
CNT2130687524,2025-01-01,285000,Labor Camp,Muhaisanah Second
CNT2134104747,2026-02-01,110000,3 bed rooms+hall,AL TWAR FIFTH
CNT2131155889,2025-06-18,56900,2 bed rooms+hall,Al Nahda Second
CRT2132581266,2025-09-10,320000,3 bed rooms+hall,Marsa Dubai
CNT2130062071,2025-02-21,44000,1bed room+Hall,Warsan Fourth
CNT2134104386,2026-01-17,5000000,Studio,Oud Metha
CNT2130797548,2025-02-01,52000,2 bed rooms+hall,Al Rega
CRT2131046956,2025-06-01,135000,2 bed rooms+hall,Muhaisanah First
CRT2127447146,2025-01-14,40000,Studio,Wadi Al Safa 7
CRT2131767146,2025-07-09,350000,2 bed rooms+hall,Marsa Dubai
CNT2134067834,2026-01-02,25000,Studio,Al Warsan First
CNT2126901799,2025-01-11,62000,2 bed rooms+hall,Ras Al Khor Industrial Third
CNT2132506905,2025-09-01,33000,Office,Al Garhoud
CNT2131084707,2025-03-30,64050,2 bed rooms+hall,AL QUSAIS
CNT2133523223,2025-11-24,180000,3 bed rooms+hall,Mirdif
CNT2129952203,2025-03-10,48000,1bed room+Hall,Muhaisanah Fourth
CRT2131305756,2025-06-14,1000000,2 bed rooms+hall,Madinat Al Mataar
CNT2131943540,2025-07-22,15000,Office,Hor Al Anz
CNT2132073634,2025-08-15,85000,2 bed rooms+hall,Al Jadaf
CNT2132942486,2025-09-01,288000,1bed room+Hall,Dubai Investment Park Second
CNT2125144937,2025-01-01,24000,2 bed rooms+hall,Al Nahda Second
CRT2133746516,2025-12-04,100000,2 bed rooms+hall,Business Bay
CNT2132778123,2025-09-25,30000,Office,Al Murqabat
CNT2128520737,2025-01-01,386400,Room in labor Camp,Al Goze Third
CNT2134279098,2026-01-15,91877,Shop,Oud Metha
CNT2132572895,2025-09-10,15000,Office,Hor Al Anz
CNT2131832264,2025-07-01,2997000,Room in labor Camp,Muhaisanah Second
CNT2132894283,2025-08-30,35000,Studio,Al Dhagaya
CNT2130546300,2025-04-01,50000,1bed room+Hall,Al Karama
CNT2132490435,2025-08-13,56925,1bed room+Hall,Al Jadaf
CNT2133433080,2025-11-12,50000,1bed room+Hall,Nad Al Hamar
CRT2133123726,2025-10-01,75000,2 bed rooms+hall,Al Barsha First
CNT2133866518,2025-12-01,50000,1bed room+Hall,Al Warsan First
CNT2133818381,2025-12-05,58000,2 bed rooms+hall,Al Nahda Second
CNT2133001286,2025-10-13,15000,Office,Al Mararr
CNT2132279217,2025-08-01,3412800,Room in labor Camp,Al Goze Industrial Second
CNT2131765161,2025-04-01,46000,2 bed rooms+hall,Al Qusais Industrial Fourth
CNT2126476507,2025-01-01,32000,2 bed rooms+hall,Muhaisanah Fourth
CRT2129928914,2025-02-25,122500,1bed room+Hall,Marsa Dubai
CNT2130714602,2025-04-30,10000,Office,Mankhool
CNT2128728386,2025-01-29,15000,Office,Burj Khalifa
CNT2130676547,2025-05-14,31500,2 bed rooms+hall,Hor Al Anz
CNT2130103947,2025-03-17,40000,1bed room+Hall,Al Qusais Industrial Fifth
CNT2130906012,2025-05-14,15000,Office,Al Muteena
CNT2134101916,2026-01-01,45000,1bed room+Hall,Al Hudaiba
CNT2132879737,2025-06-14,83500,1bed room+Hall,Al Raffa
CNT2132097904,2025-09-01,340000,5 bed rooms+hall,Jumeirah First
CNT2132138345,2025-07-05,57750,2 bed rooms+hall,Al Warqa First
CNT2130597199,2025-04-30,70000,1bed room+Hall,Mankhool
CNT2130814197,2025-02-18,194250,Room in labor Camp,Al Goze Industrial Second
CNT2134102864,2026-01-25,30000,Studio,Al Raffa
CNT2130399775,2025-01-01,4000000,Office,Al Goze Industrial Third
CRT2130598476,2025-04-22,15000,Studio,Hor Al Anz
CRT2125882166,2025-01-01,46000,1bed room+Hall,Jabal Ali First
CNT2126954501,2025-01-05,49995,Studio,Al Barsha South Fifth
CNT2131848559,2025-07-15,48000,Studio,Mankhool
CNT2132143161,2025-01-01,3684096,Room in labor Camp,Jabal Ali Industrial First
CNT2127782835,2025-01-01,9000000,Hotel,Dubai Investment Park First
CNT2132779785,2025-10-31,40000,Studio,Al Mararr
CNT2132520380,2025-09-03,669600,Room in labor Camp,Jabal Ali Industrial First
CNT2130973603,2025-05-15,55000,1bed room+Hall,Al Bada
CRT2134292616,2026-01-20,150000,2 bed rooms+hall,Al Khairan First
CNT2133489489,2025-08-01,3000000,Room in labor Camp,Jabal Ali Industrial First
CRT2129371586,2025-02-12,180000,2 bed rooms+hall,Palm Jumeirah
CNT2129651884,2025-02-16,36336,Studio,Jabal Ali First
CNT2130928717,2025-06-01,63945,2 bed rooms+hall,Nadd Hessa
CNT2131156769,2025-06-01,28000,Office,Al Muteena
CNT2134074307,2026-01-01,4989600,Room in labor Camp,Jabal Ali Industrial First
CNT2127162127,2025-01-13,170000,3 bed rooms+hall,Al Safouh Second
CNT2132635146,2025-10-01,43500,1bed room+Hall,Hor Al Anz East
CRT2130446606,2025-05-01,679386,Warehouse,Al Warsan First
CNT2132473502,2025-09-03,58000,Studio,Al Barsha South Fourth
CNT2132703253,2025-05-16,825000,Studio,Al Dhagaya
CNT2133426871,2025-07-01,300000,Shop,Al Goze Industrial Second
CNT2131422097,2025-07-01,44000,2 bed rooms+hall,Al Qusais Industrial Fifth
CNT2128817748,2025-02-01,32000,Studio,Al Mararr
CRT2130494176,2025-03-01,60000,1bed room+Hall,Al Barsha South Fourth
CRT2131882086,2025-07-18,70000,1bed room+Hall,Al Khairan First
CNT2130286125,2025-02-01,275370,1bed room+Hall,Al Nahda First
CNT2132752792,2025-10-02,40425,1bed room+Hall,Nad Al Hamar
CNT2132054878,2025-07-26,57129,2 bed rooms+hall,Wadi Al Safa 2
CNT2132329715,2025-08-29,130000,2 bed rooms+hall,Al-Cornich
CNT2133561859,2025-11-01,321120,Office,Dubai Investment Park First
CNT2133035305,2025-10-10,612000,Warehouse,Al Goze Industrial Third
CNT2134110447,2026-01-06,15000,Office,Business Bay
CNT2129890975,2025-02-15,72000,2 bed rooms+hall,AL TWAR FIFTH
CNT2132725934,2025-09-18,132000,Office,Dubai Investment Park First
CNT2133571465,2025-11-23,73000,2 bed rooms+hall,Al Murqabat
CNT2131900854,2025-07-25,80000,1bed room+Hall,Al Barsha South Fourth
CNT2133444587,2025-10-15,240000,Shop,Al Dhagaya
CNT2134208385,2026-01-14,51500,2 bed rooms+hall,Al Qusais Industrial Fifth
CNT2133877641,2025-12-16,15000,Office,Burj Khalifa
CNT2134080833,2025-11-11,55000,1bed room+Hall,Warsan Fourth
CNT2131676295,2025-06-21,3000000,Labor Camp,Jabal Ali Industrial First
CNT2133693430,2025-11-15,72000,1bed room+Hall,Al Barsha South Fifth
CNT2130051130,2025-01-15,180000,Room in labor Camp,Muhaisanah Second
CNT2133647595,2025-12-04,66569,2 bed rooms+hall,Al Karama
CNT2133543922,2025-03-01,386232,Labor Camp,Al Goze Industrial Second
CNT2132137630,2025-08-11,204328,Office,Al Safouh Second
CNT2132346952,2025-09-01,44400,1bed room+Hall,AL QUSAIS
CNT2130822392,2025-05-06,38000,Studio,Eyal Nasser
CNT2129118297,2025-01-28,40000,,Al Goze Industrial Fourth
CNT2134086634,2026-01-02,60000,Studio,Al Karama
CNT2132459927,2025-09-01,20000,Office,Saih Shuaib 2
CNT2131530387,2025-09-06,480480,Room in labor Camp,Saih Shuaib 3
CNT2132122904,2025-08-05,15000,Office,Al Garhoud
CNT2131307039,2025-06-17,154516,Office,Port Saeed
CNT2134187829,2026-01-28,73500,2 bed rooms+hall,Al Murqabat
CNT2130357112,2025-04-05,52000,1bed room+Hall,AL QUSAIS
CNT2130460119,2025-04-17,57000,2 bed rooms+hall,Al Goze Industrial Second
CNT2130986082,2025-05-01,32000,Studio,Naif
CNT2132012993,2025-07-28,15000,Office,Al Mararr
CRT2132907306,2025-10-05,63000,1bed room+Hall,Al Goze Fourth
CNT2132858501,2025-10-01,150000,2 bed rooms+hall,Dubai Investment Park First
CNT2130712103,2025-04-29,60000,1bed room+Hall,Al Barsha South Fourth
CNT2131262913,2025-06-11,15000,Office,Al Karama
CRT2129819656,2025-03-01,27000,1bed room+Hall,Hor Al Anz
CNT2132572228,2025-09-10,20000,Office,Naif
CRT2130171636,2025-02-05,40000,Studio,Mankhool
CNT2133243291,2025-11-01,10368000,Room in labor Camp,Jabal Ali Industrial First
CNT2131294331,2025-06-12,15000,Office,Al Baraha
CNT2133206060,2025-10-28,16000,Office,Al Raffa
CRT2134197326,2025-12-31,200000,Shop,Al Ras
CNT2132263239,2025-08-15,56000,1bed room+Hall,Al Barsha South Fourth
CNT2132752937,2025-08-01,129180,Workshop,Dubai Investment Park Second
CRT2131803696,2025-06-20,100000,Hotel,Al Rowaiyah First
CNT2133853881,2026-01-01,94413,3 bed rooms+hall,Al Hudaiba
CNT2127904732,2025-01-13,145000,1bed room+Hall,Marsa Dubai
CNT2131876194,2025-05-20,260618,Shop,Jabal Ali First
CNT2133889517,2025-09-02,45000,1bed room+Hall,Al Dhagaya
CNT2131802095,2025-07-11,15000,Office,Business Bay
CNT2132682483,2025-07-07,48000,1bed room+Hall,Al Mararr
CNT2131918286,2025-07-07,72135,2 bed rooms+hall,Dubai Investment Park First
CNT2133416300,2025-11-01,561600,Room in labor Camp,Madinat Dubai Almelaheyah
CNT2131568235,2025-06-01,241500,5 bed rooms+hall,Um Suqaim Third
CNT2131878247,2025-08-01,230662,Office,Al Safouh Second
CNT2131818200,2025-07-15,46000,Studio,Me'Aisem First
CNT2131976304,2025-07-24,44100,1bed room+Hall,Dubai Investment Park First
CNT2131507666,2025-07-14,1600000,Studio,Naif
CNT2128916987,2025-01-17,32500,Office,Al Muteena
CNT2133992517,2025-12-25,10000,Office,Al Wasl
CNT2134147765,2026-01-08,12000,Office,Dubai Investment Park First
CNT2130051808,2025-03-06,15000,Office,Hor Al Anz
CNT2133021019,2025-10-18,72000,1bed room+Hall,Al Barsha South Fourth
CNT2130702360,2025-04-29,65000,1bed room+Hall,Me'Aisem First
CNT2131105005,2025-07-15,66500,1bed room+Hall,Madinat Al Mataar
CNT2133953096,2025-11-15,2609296,Studio,Al Goze Industrial Second
CRT2132874676,2025-09-15,1300000,5 bed rooms+hall,Hadaeq Sheikh Mohammed Bin Rashid
CRT2132038526,2025-07-27,60000,Studio,Business Bay
CNT2129195807,2025-02-07,50000,1bed room+Hall,Saih Shuaib 2
CNT2131740655,2025-07-07,70000,1bed room+Hall,Saih Shuaib 2
CNT2130586745,2025-04-15,39000,Studio,Madinat Al Mataar
CNT2130648393,2025-03-05,34650,Studio,Naif
CNT2131984235,2025-02-25,134400,Room in labor Camp,Jabal Ali Industrial First
CNT2132024477,2025-09-10,65000,1bed room+Hall,Jabal Ali First
CRT2134081616,2026-01-01,136000,3 bed rooms+hall,Al Yelayiss 1
CNT2134192288,2026-01-12,20000,Office,Al Khabeesi
CNT2133034799,2025-10-01,326400,,Ras Al Khor Industrial Second
CNT2128807804,2025-01-01,450000,Shop with a mezzanine,Naif
CNT2132851173,2025-09-10,281700,Office,Trade Center First
CRT2131665426,2025-07-04,96000,1bed room+Hall,Hadaeq Sheikh Mohammed Bin Rashid
CNT2133471481,2025-11-01,1152000,Room in labor Camp,Jabal Ali Industrial First
CNT2131843521,2025-07-15,15000,Office,Al Hamriya
CNT2130351198,2025-04-02,38000,Office,Business Bay
CNT2133090673,2025-04-01,650000,Studio,Al Mararr
CNT2117181564,2025-07-01,28935000,2 bed rooms+hall,Business Bay
CRT2132026314,2025-08-05,150000,1bed room+Hall,Marsa Dubai
CNT2133615007,2025-10-15,85000,3 bed rooms+hall,Al Buteen
CNT2133076144,2025-10-18,20000,Studio,Al Warsan First
CNT2127427497,2025-01-01,30000,Studio,Al Warsan First
CNT2132231935,2025-08-14,38000,Studio,Al Karama
CNT2132106595,2025-08-01,600000,Room in labor Camp,Al Ttay
CNT2132627043,2025-03-15,1054400,1bed room+Hall,Al Warsan First
CNT2132505162,2025-09-01,750000,Room in labor Camp,Jabal Ali Industrial First
CRT2130509296,2025-04-19,108000,3 bed rooms+hall,Madinat Hind 4
CNT2130782441,2025-05-05,69300,2 bed rooms+hall,Al Mamzer
CRT2131130766,2025-02-15,80000,2 bed rooms+hall,Al Goze Fourth
CNT2133549745,2025-11-10,58250,2 bed rooms+hall,Al Nahda Second
CNT2130158810,2025-01-25,110400,Room in labor Camp,Jabal Ali Industrial First
CNT2132776527,2025-09-25,15000,Office,Al Khabeesi
CNT2133198409,2025-10-27,58000,1bed room+Hall,Al Barsha South Fifth
CNT2132979774,2025-09-19,469440,Room in labor Camp,Jabal Ali Industrial First
CRT2131366426,2025-06-01,100200,5 bed rooms+hall,Abu Hail
CNT2129052442,2025-01-15,41000,1bed room+Hall,Wadi Al Safa 2
CNT2131280468,2025-06-13,85000,1bed room+Hall,Al Hebiah Third
CNT2130928349,2025-05-15,32000,Office,Al Khabeesi
CNT2133752074,2025-12-06,8000,Room in labor Camp,Al Goze Third
CNT2134307075,2026-01-01,38400,Room in labor Camp,Jabal Ali Industrial First
CNT2131738121,2025-07-15,53000,Studio,Al Merkadh
CNT2132897021,2025-09-25,46000,2 bed rooms+hall,Al Nahda Second
CNT2130435857,2025-05-01,71400,2 bed rooms+hall,Al Raffa
CNT2131564773,2025-07-01,64000,1bed room+Hall,Al Barsha South Fourth
CNT2129119874,2025-02-05,15000,Office,Dubai Investment Park First
CNT2133968159,2026-01-01,480000,Office,Al Goze Third
CNT2132024927,2025-08-05,33020,Studio,Jabal Ali First
CRT2130060286,2025-02-28,125000,3 bed rooms+hall,Al Barshaa South First
CNT2133745703,2025-12-06,140000,2 bed rooms+hall,Business Bay
CNT2130921545,2025-08-15,66000,1bed room+Hall,Al Garhoud
CNT2132825936,2025-09-15,113925,3 bed rooms+hall,Al Thanyah Fifth
CNT2131880947,2025-07-20,50000,Shop,Al Bada
CRT2130319095,2025-04-09,32000,Studio,Wadi Al Safa 5
CRT2133738786,2025-12-06,10028,Office,Hor Al Anz
CNT2131751400,2025-07-08,46000,Studio,Al Barshaa South Third
CNT2128120658,2025-01-30,12000,Office,Trade Center Second
CNT2133663245,2025-11-28,59290,2 bed rooms+hall,Al Karama
CNT2128944123,2025-02-01,56000,1bed room+Hall,Nadd Hessa
CRT2134266226,2026-01-10,43000,1bed room+Hall,Al Warsan First
CNT2132658751,2025-09-01,40000,Shop,Al Mararr
CNT2130688598,2025-05-05,91000,2 bed rooms+hall,Mankhool
CNT2133753436,2025-12-06,20000,Office,Al Mizhar First
CNT2132803593,2025-09-27,20000,Office,Al Mararr
CNT2127401195,2025-01-05,184750,Shop,Al Karama
CNT2131210530,2025-06-04,20000,Office,Al Hamriya
CNT2130055061,2025-03-05,240000,Room in labor Camp,Jabal Ali Industrial First
CNT2132138962,2025-08-06,15000,Office,Al Nahda First
CNT2129768755,2025-01-25,29040,Studio,Wadi Al Safa 2
CRT2131120476,2025-06-01,264000,4 bed rooms+hall,Marsa Dubai
CNT2130904251,2025-05-14,15000,Office,Al Muteena
CNT2133626720,2025-11-01,55000,1bed room+Hall,Al Barsha South Fourth
CNT2133162436,2025-10-28,63500,1bed room+Hall,Wadi Al Safa 5
CNT2132915726,2025-10-17,47000,Studio,Al Warqa First
CNT2130027010,2025-03-04,15000,Office,Al Khabeesi
CNT2130956877,2025-06-05,98000,3 bed rooms+hall,Hor Al Anz East
CRT2130164126,2025-03-20,50000,1bed room+Hall,Al Hebiah Fourth
CNT2131891318,2025-07-23,47610,1bed room+Hall,Jabal Ali First
CNT2132280549,2025-08-18,15000,Office,Dubai Investment Park Second
CNT2133985258,2026-01-01,33495,Studio,Al Goze Fourth
CRT2128809926,2025-02-10,170000,2 bed rooms+hall,Business Bay
CNT2128714416,2025-01-01,42000,3 bed rooms+hall,Muhaisanah Fourth
CRT2127997212,2025-01-16,120000,2 bed rooms+hall,Marsa Dubai
CNT2125312994,2025-02-01,28350,Studio,AL QUSAIS
CNT2131079231,2025-06-01,53000,Studio,Al Barsha South Fourth
CRT2134315586,2025-12-01,72000,Shop,Al Jafliya
CNT2132158393,2025-08-11,57600,1bed room+Hall,Saih Shuaib 2
CNT2132942761,2025-10-15,1638000,Labor Camp,Muhaisanah Second
CRT2130859356,2025-05-12,135000,2 bed rooms+hall,Al Barsha South Fourth
CNT2132365845,2025-09-01,106000,2 bed rooms+hall,Jabal Ali First
CNT2130371858,2025-04-05,42000,Studio,Al Hebiah Third
CNT2130206977,2025-03-15,105000,Warehouse,Al Qusais Industrial First
CNT2130158043,2025-03-20,54100,1bed room+Hall,Al Muteena
CNT2132047456,2025-07-25,40001,1bed room+Hall,Al Warsan First
CNT2133428468,2025-11-01,17500,Office,Naif
CNT2130514003,2025-02-20,652649,Studio,Al Warsan First
CNT2132152512,2025-07-15,160000,3 bed rooms+hall,Al Khairan First
CNT2127319317,2025-01-01,105000,3 bed rooms+hall,Al Rashidiya
CRT2127895726,2025-01-20,1133000,Office,Business Bay
CNT2131129212,2025-04-01,40000,Studio,Al Barshaa South Third
CRT2132263986,2025-08-15,40000,2 bed rooms+hall,Hor Al Anz
CNT2130072395,2025-02-15,35750,Studio,Dubai Investment Park First
CNT2131756776,2025-07-05,32452,Office,Port Saeed
CNT2129904624,2025-02-13,86400,Room in labor Camp,Al Goze Industrial First
CNT2133197700,2025-10-27,20000,Office,Trade Center First
CNT2133962159,2025-12-23,25000,Office,Trade Center First
CNT2130232841,2025-03-10,216000,Room in labor Camp,Muhaisanah Second
CNT2131086290,2025-06-01,37000,Studio,Madinat Al Mataar
CNT2128803170,2025-02-01,115000,1bed room+Hall,Burj Khalifa
CNT2132443119,2025-09-01,82500,1bed room+Hall,Marsa Dubai
CNT2132360725,2025-08-23,20000,Office,Al Khabeesi
CNT2127449276,2025-01-07,48000,1bed room+Hall,AL QUSAIS
CNT2130577102,2025-02-10,80000,2 bed rooms+hall,Saih Shuaib 2
CNT2128732263,2025-01-29,10000,Office,Al Raffa
CNT2128535845,2025-01-01,483000,Shop,Al Buteen
CNT2132753003,2025-07-01,65000,1bed room+Hall,Al Barsha South Fourth
CNT2132884669,2025-10-01,39160,Office,Port Saeed
CNT2133156462,2025-11-01,107000,1bed room+Hall,Al Merkadh
CNT2127804172,2025-01-27,90000,3 bed rooms+hall,Al Murqabat
CNT2131565242,2025-07-14,115000,Shop,Al Hebiah First
CNT2133467796,2025-11-12,15000,Office,Al Goze Industrial First
CNT2131729160,2025-05-01,99000,Room in labor Camp,Al Goze Industrial Second
CNT2129820888,2025-02-15,173579,4 bed rooms+hall,Jabal Ali First
CRT2130427756,2025-04-15,110000,3 bed rooms+hall,Madinat Al Mataar
CNT2129957905,2025-03-08,47000,1bed room+Hall,Nadd Hessa
CNT2130600742,2025-04-22,15000,Office,Al Muteena
CNT2127980723,2025-01-15,549195,Office,Al Thanyah Fifth
CNT2131257111,2025-01-06,2842800,1bed room+Hall,Saih Shuaib 4
CNT2132512469,2025-07-29,51882,1bed room+Hall,Al Raffa
CNT2134276498,2026-01-01,97300,Warehouse,Ras Al Khor Industrial Second
CRT2130973116,2025-05-20,140000,2 bed rooms+hall,Jabal Ali First
CNT2132188223,2025-08-11,10000,Office,Port Saeed
CNT2130151170,2025-03-27,65275,Studio,Jabal Ali First
CNT2131893250,2025-07-18,16000,Office,Al Garhoud
CNT2131778631,2025-07-10,225000,3 bed rooms+hall,Jabal Ali First
CNT2131750992,2025-05-02,76091,2 bed rooms+hall,Jabal Ali First
CNT2131715266,2025-09-01,51000,1bed room+Hall,Al Qusais Industrial Fifth
CNT2131399442,2025-06-20,15000,Office,Al Khabeesi
CRT2131760342,2025-06-05,54000,1bed room+Hall,Jabal Ali First
CNT2130686727,2025-04-15,220596,Room in labor Camp,Muhaisanah Second
CRT2130707224,2025-05-01,120000,1bed room+Hall,Al Kifaf
CNT2133637842,2025-11-24,26600,Studio,Business Bay
CNT2130406290,2025-04-01,80000,2 bed rooms+hall,Al Barsha South Fourth
CNT2129986678,2025-03-01,120000,3 bed rooms+hall,Al Thanyah Fifth
CRT2130981886,2025-05-20,175000,2 bed rooms+hall,Marsa Dubai
CRT2133625376,2025-11-25,40000,1bed room+Hall,Abu Hail
CNT2133775428,2025-12-10,68000,2 bed rooms+hall,Al Warqa First
CNT2131543392,2025-07-15,77000,2 bed rooms+hall,Oud Metha
CNT2128497506,2025-01-25,84000,1bed room+Hall,Al Barsha South Fourth
CNT2131043457,2025-05-23,15000,Office,Hor Al Anz
CNT2134015527,2026-01-01,50000,Studio,Oud Metha
CRT2130764606,2025-04-14,35000,Studio,Al Goze Fourth
CNT2132338338,2025-08-20,13000,Office,AL TWAR FIFTH
CNT2133862172,2025-12-15,15000,Office,Burj Khalifa
CNT2131252341,2025-05-15,72000,Shop,Al Khabeesi
CNT2133678827,2025-12-17,93000,2 bed rooms+hall,Mirdif
CNT2131407722,2025-06-20,15000,Office,Al Baraha
CNT2133581347,2025-12-01,80000,1bed room+Hall,Wadi Al Safa 2
CNT2134288512,2025-09-27,39603,Studio,Al Barsha South Fifth
CNT2130836512,2025-02-01,800040,Clinic,Al Saffa Second
CNT2128824203,2025-02-01,25955,Studio,Al Warsan First
CNT2130238898,2025-03-21,2361600,Room in labor Camp,Al Goze Third
CNT2127683009,2025-01-01,252000,Office,Trade Center Second
CRT2130225716,2025-04-04,85000,Office,Al Thanyah Fifth
CNT2130067126,2025-03-06,50000,1bed room+Hall,Al Suq Al Kabeer
CNT2133624878,2025-11-21,475200,Shop,Al Karama
CNT2130722181,2025-05-01,39900,1bed room+Hall,Al Warqa First
CNT2130975618,2025-05-19,20000,Office,Dubai Investment Park First
CNT2131933840,2025-06-01,99750,3 bed rooms+hall,Port Saeed
CNT2132033081,2025-07-01,1762200,Room in labor Camp,Al Goze Industrial Second
CNT2131852103,2025-08-20,37000,Studio,Wadi Al Safa 5
CNT2130740754,2025-05-01,15000,Office,Al Mararr
CNT2132037002,2025-08-01,70000,Office,Al Rega
CNT2130930575,2025-05-15,15000,Office,Hor Al Anz
CNT2129819628,2025-03-05,161000,Office,Al Thanyah First
CNT2130381741,2025-05-01,4552921,Warehouse,Al Warsan Third
CRT2133910796,2025-12-18,165000,1bed room+Hall,Marsa Dubai
CNT2132262635,2025-08-01,768000,Room in labor Camp,Al Goze Third
CRT2130437636,2025-04-17,235000,2 bed rooms+hall,Al Thanyah Fifth
CRT2132817606,2025-10-01,85000,1bed room+Hall,Al Merkadh
CRT2132570806,2025-09-01,184000,4 bed rooms+hall,Wadi Al Safa 5
CNT2133401030,2025-11-05,35000,Studio,Naif
CNT2132746950,2025-10-25,92000,2 bed rooms+hall,Oud Metha
CRT2133595216,2025-11-27,240000,2 bed rooms+hall,Al Thanayah Fourth
CNT2133071637,2025-10-15,2050000,Studio,Al Muteena
CRT2132183636,2025-08-10,82000,1bed room+Hall,Al Jadaf
CNT2133921893,2025-12-19,15000,Office,Al Khabeesi
CRT2128107186,2025-01-01,3105763,Studio,Al Mararr
CNT2134165198,2025-11-20,100000,2 bed rooms+hall,Um Hurair Second
CNT2130399672,2025-04-01,180400,Office,Trade Center First
CNT2134064942,2026-01-01,22000,Studio,Hor Al Anz
CNT2129926586,2025-02-01,60000,1bed room+Hall,Naif
CNT2133604191,2025-11-05,42000,Shop,Al Suq Al Kabeer
CNT2131087462,2025-05-15,55000,1bed room+Hall,Mankhool
CNT2132958551,2025-11-01,76000,2 bed rooms+hall,Al Suq Al Kabeer
CNT2133301202,2025-11-03,16000,Office,Business Bay
CNT2131969010,2025-07-25,42000,2 bed rooms+hall,Al Qusais Industrial Fourth
CNT2133961377,2025-11-15,121000,Warehouse,Dubai Investment Park First
CNT2130187794,2025-03-15,73618,2 bed rooms+hall,Jabal Ali First
CNT2131345060,2025-06-17,15000,Office,Al Barsha First
CNT2129256320,2025-01-01,41250,Studio,Al Suq Al Kabeer
CNT2133506332,2025-11-16,51000,2 bed rooms+hall,Muhaisanah Fourth
CNT2134047213,2026-01-05,65000,1bed room+Hall,Al Barsha First
CNT2132876139,2025-11-20,70000,Office,AL QUSAIS
CRT2131495656,2025-06-23,30000,Studio,Me'Aisem First
CNT2128055233,2025-01-15,15000,Office,Naif
CNT2131519507,2025-04-20,54000,Room in labor Camp,Muhaisanah Second
CNT2133186617,2025-10-27,41500,1bed room+Hall,Al Qusais Industrial Fifth
CNT2133886631,2025-12-16,200000,3 bed rooms+hall,Al Khairan First
CNT2131868587,2025-06-10,175350,Warehouse,Dubai Investment Park Second
CNT2131541687,2025-06-25,53000,1bed room+Hall,Al Karama
CRT2130522646,2025-04-12,59895,1bed room+Hall,Dubai Investment Park First
CNT2129641487,2025-02-24,99750,2 bed rooms+hall,Wadi Al Safa 7
CRT2132414535,2025-08-28,85000,Studio,Palm Jumeirah
CNT2133205508,2025-10-28,13000,Office,Al Raffa
CNT2129638105,2025-02-13,38000,Studio,Nadd Hessa
CNT2133658688,2025-12-10,51000,1bed room+Hall,Al Warsan First
CNT2131666293,2025-07-01,89490,Supermarket,Al Garhoud
CRT2133021836,2025-07-30,70400,2 bed rooms+hall,Al Barsha South Fifth
CNT2132211257,2025-08-15,75000,1bed room+Hall,Al Thanyah Fifth
CNT2130403594,2025-05-01,14286,Studio,Naif
CRT2132506716,2025-09-05,170000,2 bed rooms+hall,Burj Khalifa
CNT2132671407,2025-09-19,320000,3 bed rooms+hall,Al Thanayah Fourth
CNT2132633800,2025-09-15,20000,Office,Al Muteena
CNT2134194119,2026-01-17,68250,1bed room+Hall,Jabal Ali First
CNT2129191871,2025-02-01,220000,3 bed rooms+hall,Al Thanayah Fourth
CNT2132615922,2025-07-16,54575,1bed room+Hall,Al Barshaa South Third
CNT2127873863,2025-01-10,9005559,Room in labor Camp,Jabal Ali Industrial First
CNT2134137917,2025-12-01,44384,1bed room+Hall,Hor Al Anz East
CNT2129903827,2025-02-01,540288,Room in labor Camp,Um Ramool
CNT2129953012,2025-03-01,144065,Shop,Al Warsan First
CRT2133166886,2025-10-24,764000,Shop,Madinat Hind 4
CNT2132703253,2025-05-16,825000,Food court,Al Dhagaya
CNT2133418507,2025-11-10,70000,2 bed rooms+hall,Al Nahda First
CNT2131813205,2025-06-15,126000,2 bed rooms+hall,Al Nahda Second
CNT2133100486,2025-10-20,30000,1bed room+Hall,Naif
CNT2134011787,2025-12-27,12000,Office,Business Bay
CNT2132290536,2025-08-01,205879,4 bed rooms+hall,Um Suqaim Second
CNT2132121420,2025-08-01,1104000,Studio,Dubai Investment Park Second
CNT2133499670,2025-11-15,20000,Office,Al Baraha
CNT2132502784,2025-09-01,27500,Office,Al Raffa
CNT2132759814,2025-09-25,68000,1bed room+Hall,Business Bay
CNT2132910228,2025-10-15,75000,1bed room+Hall,Warsan Fourth
CNT2131542835,2025-06-26,16000,Office,Al Garhoud
CNT2131558453,2025-06-28,20000,Office,Dubai Investment Park First
CRT2133614626,2026-01-01,48000,1bed room+Hall,Jabal Ali First
CNT2132319240,2025-07-05,38000,Studio,Dubai Investment Park Second
CNT2133445018,2025-09-15,466833,Shop,Al Nahda First
CNT2127829979,2025-01-15,71400,2 bed rooms+hall,Al Karama
CNT2127019360,2025-01-09,31448,Studio,Jabal Ali First
CNT2130988145,2025-05-20,15000,Office,Business Bay
CNT2128934264,2025-02-01,15000,Office,Dubai Investment Park First
CNT2131888185,2025-06-26,115200,Room in labor Camp,Al Goze Third
CNT2130001782,2025-03-05,46000,1bed room+Hall,Al Warqa First
CNT2133980766,2025-12-27,32000,Studio,Al Qusais Industrial Fifth
CNT2129368066,2025-02-10,12000,Office,Port Saeed
CRT2129367986,2025-01-01,22000,2 bed rooms+hall,Eyal Nasser
CNT2129028208,2025-01-25,146300,Office,Al Ras
CNT2126944657,2025-01-19,57330,2 bed rooms+hall,Al Goze Industrial Second
CNT2133813421,2025-11-01,600000,Warehouse,Al Goze Industrial Fourth
CNT2133961178,2025-12-10,252000,Warehouse,Al Goze Industrial First
CNT2129053389,2025-02-04,16000,Office,Dubai Investment Park Second
CNT2129890753,2025-04-01,43000,Studio,Al Satwa
CRT2132480516,2025-05-25,1083780,Shop,Al Saffa Second
CNT2133488371,2025-11-01,213690,Warehouse,Al Qusais Industrial Third
CNT2130362560,2025-04-01,386875,Office,Um Hurair Second
CNT2130118804,2025-03-11,15000,Office,Al Khabeesi
CNT2127069146,2025-01-07,48000,2 bed rooms+hall,Al Goze Industrial Second
CNT2131256057,2025-06-01,27336,Room in labor Camp,Al Goze Industrial Fourth
CNT2128494737,2025-01-21,49000,Studio,Jabal Ali First
CNT2132238918,2025-08-13,15000,Office,Al Goze Industrial First
CNT2133006145,2025-10-13,15000,Office,Al Mararr
CRT2129928736,2025-02-16,45000,1bed room+Hall,Al Yelayiss 2
CNT2129197553,2025-02-10,32000,Studio,Me'Aisem First
CRT2126136636,2025-01-03,400000,6 bed rooms+hall,Nad Al Shiba Third
CRT2134017536,2026-01-01,54000,Studio,Al Merkadh
CNT2130481140,2025-03-28,50000,1bed room+Hall,Nadd Hessa
CNT2133551869,2025-11-19,20000,Office,Al Murqabat
CNT2130204575,2025-03-18,20000,Office,Naif
CNT2134277202,2026-01-30,55000,1bed room+Hall,Al Nahda First
CNT2133525603,2025-10-01,252000,Shop,Al Mamzer
CNT2132986869,2025-10-01,30240,1bed room+Hall,Al Warqa First
CNT2131159552,2025-06-02,15000,Office,Al Wasl
CNT2132533945,2025-09-08,135000,2 bed rooms+hall,Al Barsha South Fourth
CNT2132571654,2025-09-10,20000,Office,Dubai Investment Park First
CNT2131573907,2025-05-25,84500,Warehouse,Al Goze Industrial Fourth
CNT2131776885,2026-10-01,3996556,Room in labor Camp,Jabal Ali Industrial First
CNT2129816545,2025-02-01,140000,Office,Al Dhagaya
CNT2127345586,2025-01-15,65000,1bed room+Hall,Al Murqabat
CRT2131683206,2025-07-01,90000,1bed room+Hall,Al Merkadh
CNT2130811689,2025-03-01,974769,Labor Camp,Jabal Ali Industrial First
CNT2133880796,2025-12-27,600000,Room in labor Camp,Jabal Ali Industrial First
CRT2132321706,2025-08-21,110000,1bed room+Hall,Burj Khalifa
CNT2131027259,2025-04-24,143000,2 bed rooms+hall,Al Ras
CRT2130361386,2025-04-15,50000,1bed room+Hall,Al Hebiah Fourth
CNT2131370837,2025-04-01,245700,Room in labor Camp,Dubai Investment Park Second
CNT2130547058,2025-05-01,33810,1bed room+Hall,Warsan Fourth
CNT2133036754,2025-10-15,90000,Studio,Business Bay
CRT2130752302,2025-05-01,700000,4 bed rooms+hall,Burj Khalifa
CNT2132322939,2025-08-20,20000,Office,Dubai Investment Park First
CNT2127474557,2025-01-01,36850,1bed room+Hall,Abu Hail
CNT2133791366,2025-11-30,86360,Office,Al Buteen
CNT2131842862,2025-02-20,50000,2 bed rooms+hall,Al Nahda First
CNT2133156864,2025-10-23,20000,Office,Jabal Ali Industrial First
CNT2132605366,2025-09-15,2667100,Room in labor Camp,Jabal Ali Industrial First
CNT2132541108,2025-09-01,42735,1bed room+Hall,Nadd Hessa
CRT2131494156,2025-06-28,39675,1bed room+Hall,Me'Aisem First
CRT2132718894,2025-11-01,38000,Studio,Madinat Al Mataar
CNT2133320664,2025-11-04,30000,Office,Ras Al Khor Industrial Third
CNT2128035594,2025-02-01,80000,Shop,Al Mamzer
CNT2132785332,2025-09-27,30188,1bed room+Hall,Muhaisanah Fourth
CNT2132827902,2025-09-25,13330000,Hotel,Port Saeed
CNT2130847517,2025-01-01,80000,Warehouse,Ras Al Khor Industrial Second
CNT2128559999,2025-01-27,55000,Office,Trade Center First
CNT2132058515,2025-08-25,90000,2 bed rooms+hall,Al Murqabat
CNT2131503949,2025-07-01,51500,2 bed rooms+hall,Al Warqa First
CNT2132657197,2025-11-08,155000,3 bed rooms+hall,Al Yelayiss 2
CNT2129928080,2025-02-25,30000,Office,Al Khabeesi
CNT2130729591,2025-04-01,518400,Room in labor Camp,Al Goze Third
CNT2133656220,2025-12-05,61300,2 bed rooms+hall,Al Mararr
CRT2128568896,2025-02-01,45000,Studio,Jabal Ali First
CNT2130978983,2025-06-01,80000,Studio,Business Bay
CNT2129819974,2025-02-10,90000,1bed room+Hall,Business Bay
CNT2131873545,2025-07-11,26500,Studio,Naif
CNT2131779009,2025-04-01,1152000,Room in labor Camp,Madinat Dubai Almelaheyah
CNT2132137831,2025-08-06,15000,Office,Trade Center Second
CNT2127783326,2025-01-15,78000,2 bed rooms+hall,Al Barsha South Fourth
CRT2132541226,2025-09-15,80000,Studio,Business Bay
CRT2133726396,2025-11-29,350000,5 bed rooms+hall,Um Suqaim Second
CNT2134311773,2026-01-19,20000,Office,Al Mararr
CNT2127446017,2025-01-01,58700,3 bed rooms+hall,Al Qusais Industrial Fifth
CNT2131243502,2025-06-15,185000,2 bed rooms+hall,Burj Khalifa
CNT2131999209,2025-07-21,28000,Office,Al Mararr
CNT2130130662,2025-02-01,256800,Labor Camp,Al Goze Industrial Third
CNT2128575622,2025-02-03,140000,1bed room+Hall,Marsa Dubai
CRT2130557586,2025-04-17,15000,Office,Hor Al Anz
CNT2130034346,2025-03-01,100000,Shop,Marsa Dubai
CRT2132366746,2025-08-19,340000,3 bed rooms+hall,Al Thanyah Fifth
CNT2131100046,2025-05-28,11000,Office,Port Saeed
CNT2131844416,2025-07-01,1800000,Room in labor Camp,Jabal Ali Industrial First
CRT2130801816,2025-05-08,225000,Office,Business Bay
CNT2130127360,2025-06-01,68250,1bed room+Hall,Jumeirah First
CNT2134000657,2025-12-26,20000,Office,Hor Al Anz
CNT2133858222,2025-12-25,370000,Warehouse,Dubai Investment Park Second
CNT2130085386,2025-02-01,995000,2 bed rooms+hall,Al Thanyah First
CNT2134242183,2026-01-15,220000,2 bed rooms+hall,Al Hamriya
CNT2131724979,2025-04-15,600000,Room in labor Camp,Al Goze Industrial Second
CNT2132801623,2025-10-01,69000,1bed room+Hall,Al Barshaa South Third
CNT2128116221,2025-01-08,18000,Studio,Lehbab Second
CNT2129919220,2025-02-20,55000,1bed room+Hall,Al Dhagaya
CNT2133951395,2025-11-01,101354,Open Land,Al Goze Industrial Second
CRT2132594016,2025-09-13,73000,1bed room+Hall,Al Merkadh
CNT2129876422,2025-03-01,48000,1bed room+Hall,Al Nahda Second
CNT2130361051,2025-04-01,60000,2 bed rooms+hall,Al Hamriya
CNT2133841950,2025-12-12,15000,Office,Al Khabeesi
CNT2131418989,2025-05-30,127050,4 bed rooms+hall,Mankhool
CNT2129267017,2025-01-10,19200,Labor Camp,Al Goze Industrial First
CNT2132498341,2025-09-03,20000,Office,Jabal Ali Industrial First
CRT2130336256,2025-03-15,42735,1bed room+Hall,Nadd Hessa
CNT2134065286,2026-01-01,275000,Shop,Al Jafliya
CNT2134150259,2026-01-08,20000,Office,Al Murqabat
CNT2132352096,2025-08-20,48000,Studio,Al Barsha South Fourth
CNT2131788335,2025-07-10,15000,Office,Business Bay
CNT2131750512,2025-07-05,105000,2 bed rooms+hall,Oud Metha
CNT2132942761,2025-10-15,1638000,Labor Camp,Muhaisanah Second
CNT2132292941,2025-03-04,154000,3 bed rooms+hall,Dubai Investment Park First
CNT2132039799,2025-07-29,20000,Office,Ras Al Khor Industrial Second
CNT2133218065,2025-10-29,60000,1bed room+Hall,Nadd Hessa
CNT2133745240,2026-01-30,151883,Restaurant,Al Barsha First
CNT2130650280,2025-05-01,58000,Shop,Hor Al Anz
CNT2130581453,2025-04-15,69000,2 bed rooms+hall,Oud Metha
CNT2130272920,2025-03-01,50000,2 bed rooms+hall,Warsan Fourth
CRT2132658976,2025-09-30,50000,Studio,Al Barsha South Fourth
CNT2128543145,2025-01-27,16000,Office,AL TWAR FIFTH
CRT2130808106,2025-05-07,165000,2 bed rooms+hall,Al Thanayah Fourth
CRT2133807836,2025-12-07,255000,2 bed rooms+hall,Burj Khalifa
CNT2130760594,2025-04-30,37000,Studio,Al Mararr
CRT2132858336,2025-10-15,48000,Studio,Al Barshaa South Third
CNT2130354632,2025-04-01,206158,Shop,Jumeirah First
CNT2131070077,2025-06-04,5000000,Studio,Rega Al Buteen
CNT2132941868,2025-10-16,30999,1bed room+Hall,AL QUSAIS
CNT2131817410,2025-07-10,97020,2 bed rooms+hall,Trade Center First
CNT2130607684,2025-05-01,200000,2 bed rooms+hall,Al Khairan First
CNT2132874355,2025-10-02,15000,Office,Mankhool
CRT2134292076,2025-12-03,28000,Studio,Naif
CNT2130492541,2025-04-18,76000,3 bed rooms+hall,Al Nahda First
CNT2134111705,2025-10-23,28800,Office,Al Goze Industrial Second
CNT2132976020,2025-09-20,78278,2 bed rooms+hall,Al Barsha First
CNT2130843878,2025-05-09,20000,Office,Trade Center First
CNT2129943780,2025-02-26,16000,Office,Al Goze First
CRT2130781636,2025-04-07,32000,Office,Al Buteen
CNT2128546933,2025-01-05,1787900,Room in labor Camp,Jabal Ali Industrial First
CRT2133115896,2025-11-01,85000,3 bed rooms+hall,Madinat Hind 4
CNT2131510689,2025-06-15,56700,1bed room+Hall,Jabal Ali First
CRT2130151985,2025-03-15,200000,2 bed rooms+hall,Marsa Dubai
CNT2133307439,2025-09-01,504000,Room in labor Camp,Jabal Ali Industrial First
CRT2134269966,2025-12-01,360000,2 bed rooms+hall,Palm Jumeirah
CNT2130437019,2025-03-15,216000,2 bed rooms+hall,Al Raffa
CNT2132029206,2025-09-20,144240,Shop,Al Hebiah First
CNT2131245062,2025-06-10,21000,Office,Port Saeed
CNT2130339983,2025-01-01,21000,Room in labor Camp,Muhaisanah Second
CNT2127550144,2025-01-01,47500,1bed room+Hall,Al Muteena
CRT2127545336,2025-01-01,42885,Studio,Al Merkadh
CRT2131028356,2025-06-02,79200,1bed room+Hall,Al Barsha South Fourth
CNT2131577689,2025-05-01,40000,Shop,Muhaisanah Second
CNT2131302029,2025-06-13,15000,Office,Al Murqabat
CNT2127623516,2025-02-17,47250,2 bed rooms+hall,Al Nahda First
CNT2132587929,2025-08-10,619835,Warehouse,Al Goze Industrial Second
CNT2133621671,2025-11-24,308700,2 bed rooms+hall,Al Goze Industrial Second
CNT2127868935,2025-02-15,110000,2 bed rooms+hall,Business Bay
CNT2129913089,2025-04-01,100000,3 bed rooms+hall,Mirdif
CNT2131395405,2025-06-19,15000,Office,Al Baraha
CNT2133935854,2025-12-10,60000,1bed room+Hall,Al Karama
CNT2132392021,2025-08-26,15000,Office,Al Khabeesi
CNT2134149905,2026-01-08,15000,Office,Al Khabeesi
CNT2132012707,2025-07-15,1449000,Room in labor Camp,Muhaisanah Second
CNT2133243176,2025-10-08,89460,3 bed rooms+hall,Trade Center First
CNT2131107902,2025-06-05,36000,1bed room+Hall,Hor Al Anz
CNT2133557804,2025-11-19,15000,Office,Al Muteena
CNT2132834707,2025-08-14,658800,Room in labor Camp,Dubai Investment Park Second
CRT2133409066,2025-11-01,57000,Studio,Al Barshaa South Third
CNT2132787831,2025-09-10,45000,1bed room+Hall,Al Nahda First
CRT2133469576,2025-11-15,95000,1bed room+Hall,Al Merkadh
CNT2132370839,2025-09-05,82000,2 bed rooms+hall,Mankhool
CNT2132038807,2025-08-12,50000,2 bed rooms+hall,Al Qusais Industrial Fifth
CNT2130591466,2025-07-09,20000,Office,Business Bay
CRT2129574386,2025-02-12,200000,2 bed rooms+hall,Business Bay
CNT2132479805,2025-09-02,92250,Office,Business Bay
CNT2133969581,2026-01-01,141800,Warehouse,Al Goze Industrial First
CNT2131965837,2025-06-30,41500,1bed room+Hall,Madinat Al Mataar
CRT2133312846,2025-11-01,135000,2 bed rooms+hall,Marsa Dubai
CNT2130297558,2025-03-26,15000,Office,Al Khabeesi
CNT2129711123,2025-01-28,28800,Room in labor Camp,Jabal Ali Industrial First
CNT2131767930,2025-07-09,15000,Office,Al Murqabat
CNT2131582417,2025-07-01,55000,1bed room+Hall,Al Karama
CNT2130414957,2025-03-25,290000,4 bed rooms+hall,Mankhool
CNT2133534884,2025-11-01,25000,Shop,Muhaisanah Second
CNT2132374227,2025-08-23,48300,2 bed rooms+hall,Al Karama
CNT2131648045,2025-07-01,15000,Office,Saih Shuaib 2
CNT2133537194,2025-11-15,42720,Room in labor Camp,Saih Shuaib 3
CNT2132035898,2025-05-01,152716,Office,Al Thanyah Fifth
CNT2130698867,2025-04-29,15000,Office,Wadi Al Safa 2
CNT2128510610,2025-02-01,511200,Office,Um Hurair Second
CRT2132805246,2025-09-26,55650,1bed room+Hall,Nadd Hessa
CRT2132696115,2025-09-20,140000,2 bed rooms+hall,Jabal Ali First
CNT2132429968,2025-06-10,4982400,Room in labor Camp,Dubai Investment Park Second
CNT2132367932,2025-09-01,50000,1bed room+Hall,Al Warsan First
CNT2130816807,2025-05-07,15000,Office,Al Hebiah Fourth
CNT2130286956,2025-03-01,2100000,Room in labor Camp,Jabal Ali Industrial First
CNT2130076697,2025-02-20,40200,Room in labor Camp,Jabal Ali Industrial First
CRT2133108466,2025-07-01,8400000,2 bed rooms+hall,Al Barsha South Fourth
CNT2133303846,2025-09-10,4665600,Room in labor Camp,Jabal Ali Industrial First
CNT2129724192,2025-02-20,35000,Studio,Al Nahda First
CNT2134072166,2025-11-30,44630,1bed room+Hall,Jabal Ali Industrial First
CNT2133005553,2025-01-15,35075,1bed room+Hall,Al Warqa First
CNT2132882496,2025-10-03,15000,Office,Al Khabeesi
CRT2131406516,2025-09-02,94800,3 bed rooms+hall,Madinat Hind 4
CNT2131356050,2025-06-22,47000,1bed room+Hall,Al Nahda Second
CNT2133279398,2025-11-08,50200,1bed room+Hall,Al Nahda First
CRT2133028706,2025-10-17,40000,Studio,Al Hebiah Fourth
CNT2131072455,2025-05-31,45000,Studio,Jabal Ali Industrial Second
CNT2133187265,2025-11-05,42000,1bed room+Hall,Hor Al Anz East
CNT2131784035,2025-06-11,75000,2 bed rooms+hall,Mankhool
CNT2132149736,2025-08-15,139063,Warehouse,Al Goze Industrial Second
CNT2130952173,2025-07-01,54000,2 bed rooms+hall,AL QUSAIS
CNT2130004685,2025-03-05,78000,2 bed rooms+hall,Al Thanyah First
CNT2133917247,2026-01-01,47000,2 bed rooms+hall,Al Qusais Industrial Fifth
CRT2132386386,2025-08-25,140000,2 bed rooms+hall,Al Barsha South Fourth
CRT2133521876,2025-07-01,210000,Office,Al Thanyah Fifth
CNT2128541989,2025-01-27,20000,Office,Business Bay
CNT2130902768,2025-05-15,204750,2 bed rooms+hall,Palm Jumeirah
CNT2133233119,2025-10-10,42592,1bed room+Hall,Al Nahda First
CNT2133162713,2025-10-23,15000,Office,Al Mararr
CRT2132391856,2025-08-25,95000,1bed room+Hall,Al Barsha South Fourth
CNT2131001639,2025-05-05,64803,1bed room+Hall,Business Bay
CRT2134259996,2025-03-20,33000,Studio,Dubai Investment Park First
CNT2127136371,2025-01-01,60000,1bed room+Hall,Al Karama
CNT2134112744,2025-12-03,44528,Shop,Madinat Dubai Almelaheyah
CNT2130680203,2025-05-01,72000,2 bed rooms+hall,Al Karama
CNT2132760670,2025-09-24,20000,Office,Saih Shuaib 2
CNT2130108901,2025-03-12,96000,1bed room+Hall,Al Barsha South Fourth
CNT2130111658,2025-03-11,15000,Office,Al Khabeesi
CNT2130719325,2025-04-30,15000,Office,Al Khabeesi
CNT2128735597,2025-02-02,50000,1bed room+Hall,Al Murqabat
CNT2132314881,2025-08-15,48200,Shop,AL TWAR FIFTH
CNT2131418139,2025-07-01,71500,2 bed rooms+hall,Al Satwa
CRT2132120766,2025-09-02,100000,2 bed rooms+hall,Hadaeq Sheikh Mohammed Bin Rashid
CNT2132358972,2025-07-15,1850000,Room in labor Camp,Jabal Ali Industrial First
CNT2131701706,2025-07-10,80800,2 bed rooms+hall,Um Hurair Second
CRT2131742276,2025-02-15,50000,Office,Business Bay
CNT2133471640,2025-11-15,48600,1bed room+Hall,Al Murqabat
CRT2133977126,2025-12-27,200900,Warehouse,Al Goze Industrial First
CRT2130067256,2025-04-02,45000,1bed room+Hall,Al Warsan First
CNT2132935679,2025-07-10,48000,Room in labor Camp,Muhaisanah Second
CNT2131205317,2025-05-29,120750,3 bed rooms+hall,Al Barsha First
CNT2128108000,2025-01-16,15000,Office,Al Garhoud
CNT2130451219,2025-04-10,15000,Office,Hor Al Anz
CRT2133747696,2025-11-18,65400,1bed room+Hall,Al Thanyah Fifth
CNT2131952818,2025-07-07,60000,1bed room+Hall,Al Karama
CNT2134193683,2025-12-11,294368,Office,Al Garhoud
CNT2132958665,2025-10-06,43918,1bed room+Hall,Warsan Fourth
CNT2131509280,2025-03-01,2034000,Room,Dubai Investment Park First
CNT2133810637,2025-12-01,45600,Room in labor Camp,Jabal Ali Industrial First
CNT2133601842,2025-11-24,44000,1bed room+Hall,Ras Al Khor Industrial Third
CRT2132242746,2025-08-31,45000,Studio,Al Yelayiss 2
CNT2132116133,2025-08-04,380000,3 bed rooms+hall,Al Jadaf
CRT2133069028,2025-08-14,75000,1bed room+Hall,Al Jadaf
CNT2133812099,2025-05-15,55000,Studio,Al Raffa
CNT2133824560,2025-11-15,105000,2 bed rooms+hall,Al Thanyah Fifth
CNT2132044460,2025-08-02,40000,1bed room+Hall,Warsan Fourth
CNT2133404856,2025-11-01,36750,Studio,Warsan Fourth
CNT2132080517,2025-07-01,1267200,Room in labor Camp,Muhaisanah Second
CNT2131246103,2025-06-10,15000,Office,Al Muteena
CNT2130183925,2025-01-26,235000,Shop,Al Suq Al Kabeer
CNT2132845809,2025-10-01,125000,1bed room+Hall,Business Bay
CNT2133741659,2025-05-01,524753,Room in labor Camp,Jabal Ali Industrial First
CNT2130545200,2025-04-15,163000,Office,Jumeirah First
CNT2132711187,2025-09-16,62000,Shop,Al Mararr
CNT2132473167,2025-09-01,2751000,Staff Accommodatoion,Al Warsan Third
CNT2129845324,2025-02-10,1431000,Room in labor Camp,Muhaisanah Second
CNT2130899340,2025-01-01,30000,Room in labor Camp,Al Goze Industrial First
CNT2133868803,2025-12-15,20000,Office,Al Mararr
CNT2132938965,2025-10-08,75000,Studio,Al Thanyah Third
CNT2131035426,2025-05-20,41000,Office,Dubai Investment Park First
CNT2130235380,2025-03-14,70000,Office,Mankhool
CNT2128507449,2025-02-20,285660,Office,Al Thanyah First
CNT2126303486,2025-01-10,78000,2 bed rooms+hall,Al Barsha South Fourth
CNT2132395480,2025-08-20,688800,Room in labor Camp,Jabal Ali Industrial First
CNT2132716057,2025-07-08,31697,1bed room+Hall,Muhaisanah Fourth
CNT2130591182,2025-03-31,112750,2 bed rooms+hall,Al Karama
CNT2128120665,2025-01-17,15000,Office,Dubai Investment Park First
CNT2133867559,2026-01-01,78000,1bed room+Hall,Al Barshaa South Third
CNT2130076706,2025-03-01,44000,1bed room+Hall,AL QUSAIS
CNT2129815684,2025-02-01,5231523,Office,Zaabeel Second
CNT2130181515,2025-03-17,10000,Office,Al Garhoud
CNT2131289215,2025-04-29,1586400,Room in labor Camp,Muhaisanah Second
CNT2128323436,2025-02-01,145000,2 bed rooms+hall,Al Thanyah First
CNT2131495510,2025-06-01,33000,1bed room+Hall,Al Nahda Second
CNT2134069019,2026-01-13,11316,Room in labor Camp,Al Goze Industrial Second
CNT2130662947,2025-04-18,99000,1bed room+Hall,Marsa Dubai
CNT2130729767,2025-05-01,270000,Shop,Al Suq Al Kabeer
CRT2133652066,2025-12-08,110000,1bed room+Hall,Burj Khalifa
CNT2125110659,2025-01-01,38000,1bed room+Hall,Al Ras
CNT2132326213,2025-07-25,50000,Shop,Naif
CNT2133436351,2025-11-08,64786,Office,Business Bay
CNT2130683236,2025-04-01,1728000,Room in labor Camp,Al Goze Third
CNT2133815121,2025-12-24,140000,Shop,Muhaisanah Fourth
CNT2131678998,2025-04-22,416000,Shop,Al Warsan First
CNT2130047721,2025-03-06,20000,Office,Business Bay
CNT2132139107,2025-01-01,46000,Warehouse,Ras Al Khor Industrial First
CNT2133752225,2025-11-25,26450,Studio,Me'Aisem First
CRT2129877546,2025-01-01,152000,Room in labor Camp,Ras Al Khor Industrial Third
CNT2128296898,2025-01-18,42000,Studio,Jabal Ali First
CNT2132753375,2025-10-10,54632,2 bed rooms+hall,Al Nahda First
CNT2131558158,2025-08-01,120000,3 bed rooms+hall,Madinat Hind 4
CNT2130381887,2025-04-01,46000,1bed room+Hall,Al Barsha First
CRT2132115341,2025-08-07,170000,2 bed rooms+hall,Burj Khalifa
CNT2132180607,2025-08-08,250000,Showroom,Nad Al Hamar
CNT2130909181,2025-01-10,9005559,Room in labor Camp,Jabal Ali Industrial First
CNT2132137708,2025-08-06,21000,Office,Dubai Investment Park First
CNT2134091363,2026-01-01,60000,2 bed rooms+hall,Mirdif
CNT2130136734,2025-02-24,34593,Studio,Jabal Ali First
CRT2132121496,2025-08-15,399000,3 bed rooms+hall,Marsa Dubai
CNT2132878266,2025-08-01,1344000,Room in labor Camp,Jabal Ali Industrial First
CNT2130342713,2025-04-02,15000,Office,Business Bay
CNT2129922065,2025-02-25,20000,Office,Ras Al Khor Industrial Second
CNT2132060216,2025-07-31,105000,3 bed rooms+hall,Madinat Hind 4
CNT2133997227,2025-06-22,38000,1bed room+Hall,Al Qusais Industrial Fifth
CNT2132419049,2025-08-28,20000,Office,Al Garhoud
CNT2132510045,2025-09-04,10000,Office,Al Wasl
CNT2133918532,2025-11-16,1500000,Room,Naif
CNT2130765362,2025-05-05,31500,Studio,Al Warsan First
CNT2130935082,2025-05-15,15000,Office,Al Khabeesi
CNT2129582673,2025-02-15,112991,Office,Port Saeed
CNT2134123258,2026-01-03,131624,Shop,Al Warsan First
CNT2132066205,2025-08-01,2436923,Room in labor Camp,Jabal Ali Industrial First
CNT2133327720,2025-11-16,93500,2 bed rooms+hall,Jabal Ali First
CNT2134129155,2026-01-15,99925,2 bed rooms+hall,Al Karama
CNT2130200807,2025-04-24,44100,1bed room+Hall,Al Suq Al Kabeer
CNT2133534343,2025-08-29,57794,2 bed rooms+hall,Al Yelayiss 2
CRT2133472176,2025-11-01,220000,Office,Trade Center First
CNT2130678166,2025-03-08,500000,Shop,Dubai Investment Park First
CNT2134089497,2026-01-01,48620,Kiosk,Nadd Hessa
CNT2126451060,2025-01-01,37000,1bed room+Hall,Al Qusais Industrial Fifth
CNT2131868751,2025-07-01,1351947,Room in labor Camp,Jabal Ali Industrial First
CNT2132805263,2025-04-01,3013368,2 bed rooms+hall,Al Barshaa South Third
CNT2133895805,2025-12-25,73000,2 bed rooms+hall,Al Murqabat
CNT2132496171,2025-09-03,15000,Office,Business Bay
CNT2132472546,2025-09-04,60000,Shop,Naif
CNT2132795654,2025-09-19,126999,1bed room+Hall,Jumeirah First
CNT2132692250,2025-09-01,143000,3 bed rooms+hall,Al Murqabat
CNT2130613476,2025-05-01,1397760,Room in labor Camp,Al Warsan Third
CRT2133090346,2025-10-25,85000,1bed room+Hall,Al Merkadh
CRT2128827106,2025-02-01,180000,5 bed rooms+hall,Al Barshaa South Second
CNT2129266983,2025-02-12,60000,Studio,Mankhool
CNT2132234397,2025-08-15,62000,1bed room+Hall,Al Raffa
CNT2133640650,2025-12-05,65000,Shop,Naif
CNT2133952897,2025-11-12,1185192,Room in labor Camp,Dubai Investment Park Second
CNT2127032373,2025-01-01,1376400,Room in labor Camp,Dubai Investment Park Second
CNT2131851877,2025-07-07,67000,3 bed rooms+hall,Muhaisanah Fourth
CNT2132690092,2025-08-01,80000,Shop,Hor Al Anz East
CNT2133553624,2025-02-25,75600,Room in labor Camp,Al Goze Industrial Second
CNT2134193425,2026-01-12,20000,Office,Port Saeed
CNT2132584790,2025-08-06,120000,Shop,Naif
CNT2128474429,2025-01-22,700000,3 bed rooms+hall,Jumeirah First
CRT2130762676,2025-05-04,72000,Studio,Business Bay
CNT2134157675,2025-04-21,154144,2 bed rooms+hall,Al Khairan First
CNT2127135145,2025-01-01,60000,1bed room+Hall,Jabal Ali First
CNT2134311384,2026-01-19,20000,Office,Abu Hail
CNT2128292860,2025-01-20,15000,Office,Wadi Al Safa 2
CNT2129364238,2025-02-11,36750,1bed room+Hall,AL QUSAIS
CNT2133692780,2025-12-14,54000,2 bed rooms+hall,Al Nahda Second
CNT2130820107,2025-01-25,38500,1bed room+Hall,Al Warsan First
CNT2130683236,2025-04-01,1728000,Room in labor Camp,Al Goze Third
CRT2133459676,2025-11-08,30000,Office,Port Saeed
CNT2132727603,2025-09-22,15000,Office,Al Goze Third
CNT2132978659,2025-08-25,118000,1bed room+Hall,Um Suqaim Third
CNT2127966433,2025-01-15,35075,1bed room+Hall,Warsan Fourth
CRT2130280056,2025-02-25,30000,Studio,Jabal Ali First
CNT2132429968,2025-06-10,4982400,Room in labor Camp,Dubai Investment Park Second
CNT2132427328,2025-08-28,20000,Office,Hor Al Anz
CNT2132646641,2025-09-16,10000,Office,Al Barsha First
CNT2128571585,2025-01-01,26136000,3 bed rooms+hall,Al Qusais Industrial First
CRT2132420386,2025-09-01,38000,Shop,Al Suq Al Kabeer
CRT2130102811,2025-01-02,55000,1bed room+Hall,Madinat Al Mataar
CNT2130871506,2025-05-15,40000,Studio,Warsan Fourth
CNT2134330950,2026-01-20,20000,Studio,Al Suq Al Kabeer
CRT2133247546,2025-09-25,35000,Studio,Al Warsan First
CNT2132301567,2025-07-01,270000,Labor Camp,Muhaisanah Second
CNT2132186545,2025-08-15,42000,Studio,Al Hebiah Third
CNT2132590934,2025-09-11,10000,Office,Al Khabeesi
CNT2132368138,2025-09-01,32000,1bed room+Hall,Warsan Fourth
CNT2127813570,2025-01-11,20000,Office,Saih Shuaib 2
CNT2132713682,2025-10-01,56000,2 bed rooms+hall,Al Nahda Second
CNT2133555283,2025-11-22,110000,1bed room+Hall,Marsa Dubai
CNT2132719939,2025-09-15,89250,Office,Oud Metha
CNT2132440436,2025-08-29,23500,Office,Oud Metha
CNT2133550465,2025-11-15,202125,3 bed rooms+hall,Um Suqaim First
CNT2134133583,2026-01-01,48000,1bed room+Hall,Al Nahda First
CNT2130796751,2025-05-05,235000,2 bed rooms+hall,Hadaeq Sheikh Mohammed Bin Rashid
CNT2131846169,2025-07-15,15000,Office,Business Bay
CNT2133172490,2025-10-25,68000,2 bed rooms+hall,Al Qusais Industrial First
CNT2133109145,2025-10-17,3500000,Room in labor Camp,Jabal Ali Industrial First
CNT2131873492,2025-05-13,116594,2 bed rooms+hall,Jabal Ali First
CNT2133462999,2025-11-12,15000,Office,Al Khabeesi
CNT2132217779,2025-08-12,10000,Office,AL TWAR FIFTH
CNT2133451409,2025-01-15,144000,Room in labor Camp,Al Goze Industrial Second
CRT2131708706,2025-08-15,360000,3 bed rooms+hall,Wadi Al Safa 6
CNT2131926415,2025-07-16,42350,2 bed rooms+hall,AL QUSAIS
CNT2132275963,2025-06-05,29000,Studio,Al Barsha South Fourth
CNT2132351177,2025-08-01,47904,Labor Camp,Al Goze Industrial Fourth
CNT2134175679,2025-10-01,28000,Studio,Al Warsan First
CNT2134265868,2025-11-15,633600,Room in labor Camp,Al Goze Industrial Third
CRT2124258565,2025-01-15,200000,2 bed rooms+hall,Hadaeq Sheikh Mohammed Bin Rashid
CNT2128961378,2025-02-03,55000,1bed room+Hall,Al Hebiah Fourth
CNT2131725744,2025-06-01,420000,Room in labor Camp,Al Goze Third
CNT2130300734,2025-03-26,56700,2 bed rooms+hall,Al Goze Industrial Second
CRT2132234306,2025-08-15,98000,1bed room+Hall,Hadaeq Sheikh Mohammed Bin Rashid
CNT2129890598,2025-02-12,157794,Shop,Al Kheeran
CNT2131954673,2025-10-27,152250,4 bed rooms+hall,Mirdif
CNT2127636052,2025-01-08,20000,Office,Port Saeed
CNT2130560983,2025-04-01,58000,2 bed rooms+hall,Al Buteen
CNT2130042365,2025-02-26,172800,Room in labor Camp,Al Goze Industrial Fourth
CNT2129932275,2025-01-30,20000,Office,Rega Al Buteen
CNT2132875627,2025-10-02,21000,Office,Dubai Investment Park First
CNT2127827982,2025-01-06,65000,1bed room+Hall,Nadd Hessa
CNT2130714785,2025-04-30,20000,Office,Business Bay
CNT2134242661,2025-12-25,31000,Studio,Eyal Nasser
CNT2133305345,2025-06-01,88550,Warehouse,Al Goze Industrial First
CNT2127191525,2025-01-01,157500,Shop,Naif
CNT2127981350,2025-01-18,49982,1bed room+Hall,Warsan Fourth
CNT2132997762,2025-10-01,378000,Room in labor Camp,Al Goze Industrial First
CRT2133095836,2025-10-20,78000,Studio,Al Barsha South Fourth
CNT2129913740,2025-02-01,68400,2 bed rooms+hall,Nadd Hessa
CNT2130052052,2025-03-25,29500,Studio,Wadi Al Safa 3
CNT2133718062,2025-12-01,81000,2 bed rooms+hall,Al Barsha First
CNT2134255632,2026-01-01,6787200,Room in labor Camp,Jabal Ali Industrial First
CRT2131775396,2025-07-15,200000,3 bed rooms+hall,Al Hebiah Sixth
CNT2134038127,2026-01-12,102000,2 bed rooms+hall,Madinat Al Mataar
CNT2127955029,2025-01-17,47000,2 bed rooms+hall,Al Qusais Industrial Fifth
CNT2130166728,2025-01-01,64000,Shop,Naif
CNT2132636868,2025-10-01,175000,Shop,Naif
CNT2133069320,2025-11-01,106000,2 bed rooms+hall,Marsa Dubai
CNT2131133996,2025-05-30,16000,Office,Business Bay
CNT2130630143,2025-04-23,15000,Office,Al Khabeesi
CNT2132953175,2025-10-08,20000,Office,Hor Al Anz East
CNT2127928363,2025-01-14,280000,2 bed rooms+hall,Al Warsan First
CNT2127564424,2025-01-01,45000,Shop,Al Suq Al Kabeer
CNT2131031304,2025-05-01,44500,Studio,Al Barshaa South Third
CNT2130755545,2025-02-01,68000,1bed room+Hall,Al Hamriya
CNT2130193675,2025-02-01,85000,Warehouse,Ras Al Khor Industrial Second
CNT2131791773,2025-07-15,77000,2 bed rooms+hall,Um Ramool
CNT2128495673,2025-01-01,138000,Room in labor Camp,Al Goze Third
CRT2131195556,2025-06-15,40000,1bed room+Hall,Al Warsan First
CRT2130387996,2025-03-01,80000,Clinic,Naif
CNT2133505144,2025-11-10,20400,Room in labor Camp,Al Goze Third
CNT2129977426,2025-02-28,20000,Office,Port Saeed
CNT2128803604,2025-01-01,65829,Shop,Oud Metha
CNT2130912810,2025-05-25,826176,Room in labor Camp,Muhaisanah Second
CNT2134056491,2026-01-06,51000,1bed room+Hall,AL QUSAIS
CNT2130983753,2025-06-01,90000,Shop,Eyal Nasser
CRT2130769326,2025-04-01,199500,2 bed rooms+hall,Marsa Dubai
CNT2128549826,2025-01-01,50000,Warehouse,Al Qusais Industrial First
CNT2129464403,2025-02-12,20000,Office,Hor Al Anz
CRT2131740186,2025-07-15,40000,Studio,Jabal Ali Industrial Second
CNT2130688311,2025-05-01,61000,2 bed rooms+hall,Al Warsan First
CRT2127689036,2025-03-05,75000,1bed room+Hall,Al Barsha South Fourth
CNT2130503793,2025-04-01,140040,Office,Al Garhoud
CRT2130291036,2025-03-25,175000,3 bed rooms+hall,Al Yelayiss 1
CRT2131142176,2025-06-09,2250000,4 bed rooms+hall,Burj Khalifa
CNT2133471471,2025-11-13,20000,Office,Dubai Investment Park First
CRT2132063686,2025-08-15,360000,2 bed rooms+hall,Marsa Dubai
CNT2131066830,2025-05-26,20000,Office,Business Bay
CNT2132978632,2025-10-12,32603,1bed room+Hall,Muhaisanah Fourth
CNT2133886787,2026-01-10,40000,Studio,Nadd Hessa
CNT2131580524,2025-07-01,199070,Room in labor Camp,Jabal Ali Industrial First
CNT2131136058,2025-05-30,30000,Office,Al Garhoud
CNT2134053833,2026-01-01,1545600,Room in labor Camp,Jabal Ali Industrial First
CNT2128309582,2025-01-20,51040,1bed room+Hall,Nadd Hessa
CNT2131767213,2025-09-01,30000,Office,Cornich Deira
CNT2132587798,2025-09-15,197400,Office,Al Wasl
CRT2132373446,2025-08-25,550000,4 bed rooms+hall,Me'Aisem First
CNT2134033191,2025-12-15,240000,3 bed rooms+hall,Marsa Dubai
CNT2133294033,2025-10-08,1440000,Room in labor Camp,Jabal Ali Industrial First
CNT2130885649,2025-03-01,130000,Shop,Eyal Nasser
CNT2132048117,2025-07-30,72000,1bed room+Hall,Al Barsha South Fourth
CNT2130648919,2025-04-24,15000,Office,Al Khabeesi
CNT2128113029,2025-01-15,70000,1bed room+Hall,Jabal Ali First
CNT2134114437,2026-01-01,63500,Shop,Al Karama
CNT2131339812,2025-06-17,15000,Office,Business Bay
CNT2133666182,2026-02-01,53000,1bed room+Hall,Al Murqabat
CRT2133550226,2025-08-02,27000,Studio,Al Warsan First
CNT2134201352,2025-12-01,68000,1bed room+Hall,Jabal Ali First
CRT2130321116,2025-03-27,50000,Studio,Al Hebiah Second
CNT2132238957,2025-08-01,1915200,Room in labor Camp,Muhaisanah Second
CNT2133806396,2025-11-22,56000,1bed room+Hall,Jabal Ali First
CNT2131577330,2025-06-15,705600,Room in labor Camp,Dubai Investment Park Second
CNT2130014560,2025-03-01,60500,2 bed rooms+hall,Al Raffa
CNT2128016919,2025-01-01,373800,Room in labor Camp,Muhaisanah Second
CNT2132096875,2025-08-04,30000,2 bed rooms+hall,Jabal Ali Industrial First
CNT2131327357,2025-06-16,15000,Office,Al Mararr
CNT2129940752,2025-02-26,15000,Office,Al Mararr
CNT2129836882,2025-02-01,20000,Studio,Al Mararr
CNT2132409902,2025-08-31,74490,Room in labor Camp,Saih Shuaib 2
CNT2131231849,2025-06-09,15000,Office,Hor Al Anz
CNT2130788254,2025-06-01,56000,1bed room+Hall,Al Murqabat
CNT2132360696,2025-07-25,345000,3 bed rooms+hall,Hadaeq Sheikh Mohammed Bin Rashid
CRT2132138566,2025-09-05,42000,Studio,Al Barsha South Fourth
CNT2130135183,2025-03-05,55000,3 bed rooms+hall,AL QUSAIS
CNT2133209090,2025-11-01,892476,Office,Um Al Sheif
CNT2132881776,2025-10-03,15000,Office,Al Goze First
CNT2134082778,2026-01-04,350000,4 bed rooms+hall,Al Thanyah Fifth
CNT2132737824,2025-10-24,500000,Hotel,Al Thanyah First
CNT2132440160,2025-09-05,45000,2 bed rooms+hall,Al Qusais Industrial Fifth
CNT2130446187,2025-04-15,110000,2 bed rooms+hall,Mankhool
CNT2130194170,2025-03-01,31000,Studio,Al Bada
CRT2130696606,2025-05-01,2400000,Room in labor Camp,Jabal Ali Industrial First
CNT2134242349,2026-01-15,45000,1bed room+Hall,AL QUSAIS
CNT2133303846,2025-09-10,4665600,Room in labor Camp,Jabal Ali Industrial First
CNT2134267475,2026-01-15,40000,1bed room+Hall,Wadi Al Safa 2
CNT2134206821,2025-12-20,50094,1bed room+Hall,Jabal Ali First
CNT2132088205,2025-08-01,5000,Kiosk,Al Raffa
CNT2131192078,2025-05-25,70000,2 bed rooms+hall,Al Karama
CRT2130955256,2025-06-01,65000,1bed room+Hall,Al Barsha South Fourth
CNT2134166606,2025-12-15,33120000,Room in labor Camp,Jabal Ali Industrial First
CNT2133572424,2025-12-16,60500,3 bed rooms+hall,Al Qusais Industrial Fifth
CNT2130862360,2025-05-25,43560,1bed room+Hall,Wadi Al Safa 5
CNT2128955041,2025-01-31,52000,Studio,Al Barsha South Fourth
CNT2134134113,2025-11-21,60400,Office,Business Bay
CNT2133934880,2025-12-24,25955,Studio,Al Warsan First
CNT2128116757,2025-01-15,64900,2 bed rooms+hall,Al Hudaiba
CNT2130337348,2025-04-03,75000,1bed room+Hall,Al Merkadh
CNT2131885652,2025-07-18,33506,Studio,Al Hebiah Fourth
CNT2131069008,2025-05-26,15000,Office,Hor Al Anz
CNT2131534017,2025-06-25,15000,Office,Al Mararr
CNT2128529418,2025-02-01,47500,1bed room+Hall,Nadd Hessa
CNT2130857443,2025-04-10,65000,3 bed rooms+hall,Port Saeed
CNT2130411675,2025-02-05,60000,2 bed rooms+hall,Al Muteena
CRT2132863896,2025-10-01,75000,1bed room+Hall,Al Hebiah Third
CNT2130026109,2025-03-01,846000,Room in labor Camp,Jabal Ali Industrial First
CNT2133588110,2025-12-07,34650,1bed room+Hall,Muhaisanah Fourth
CRT2132666646,2025-09-18,260000,2 bed rooms+hall,Burj Khalifa
CRT2133955056,2025-12-30,85000,1bed room+Hall,Jabal Ali First
CNT2130658869,2025-04-21,24000,Studio,Al Baraha
CNT2130965066,2025-05-19,15000,Office,Hor Al Anz
CNT2132416876,2025-08-28,20000,Office,Al Murqabat
CNT2134208525,2026-01-01,125488,Warehouse,Al Goze Industrial Third
CNT2133194612,2025-10-29,39999,1bed room+Hall,Muhaisanah Fourth
CRT2131867116,2025-06-15,82110,2 bed rooms+hall,Madinat Al Mataar
CNT2131339613,2025-06-10,28000,Studio,Al Mararr
CNT2128730631,2025-01-15,49594,1bed room+Hall,Jabal Ali First
CRT2131992556,2025-07-15,160000,3 bed rooms+hall,Business Bay
CNT2127446845,2025-01-20,60000,2 bed rooms+hall,AL QUSAIS
CNT2130197014,2025-02-01,6562500,Studio,Al Murqabat
CNT2129871011,2025-02-26,110000,3 bed rooms+hall,Madinat Hind 4
CNT2129863739,2025-02-20,20000,Office,Hor Al Anz
CNT2133739104,2025-12-05,15000,Office,Um Hurair Second
CNT2129973157,2025-01-01,40500,1bed room+Hall,Naif
CRT2129728996,2025-02-28,80000,1bed room+Hall,Business Bay
CNT2130329743,2025-04-01,68000,1bed room+Hall,Al Thanyah First
CNT2126847112,2025-01-15,60000,1bed room+Hall,Al Warqa First
CNT2132469369,2025-09-01,82404,2 bed rooms+hall,Mirdif
CNT2131684222,2025-07-08,40000,Studio,Jabal Ali First
CNT2131765499,2025-05-25,232000,Room in labor Camp,Al Goze Industrial First
CNT2133485749,2025-10-01,113244,Room in labor Camp,Al Goze Third
CNT2129377216,2025-03-01,136500,Shop,Hor Al Anz
CNT2133668515,2025-11-27,78000,Labor Camp,Muhaisanah Second
CNT2131301737,2025-06-30,41580,1bed room+Hall,Nadd Hessa
CNT2134034794,2025-01-21,1969100,1bed room+Hall,Jabal Ali First
CRT2132350662,2025-09-03,108000,3 bed rooms+hall,Al Yelayiss 2
CNT2131333608,2025-06-14,36200,1bed room+Hall,Warsan Fourth
CNT2129936663,2025-02-26,15500,Office,Um Hurair Second
CNT2133214058,2025-11-20,50000,1bed room+Hall,Al Barsha South Fourth
CNT2131522630,2025-02-01,44000,Studio,Al Bada
CRT2132580126,2025-09-01,300000,7 bed rooms+hall,Ghadeer Al tair
CNT2130571081,2025-02-01,136598,Room in labor Camp,Al Goze Industrial Fourth
CNT2133889825,2025-11-15,3614816,Office,Zaabeel Second
CNT2134219483,2026-03-09,21000,Studio,Muhaisanah Fourth
CNT2133147983,2025-09-15,2700000,Office,Al Goze Industrial Fourth
CNT2132737824,2025-10-24,500000,Hotel,Al Thanyah First
CRT2131869336,2025-07-15,26200,Studio,Al Warsan First
CNT2130853632,2025-05-14,70339,2 bed rooms+hall,Al Barsha South Fourth
CNT2130616703,2025-05-01,38000,Office,Al Goze Third
CRT2128925386,2025-03-01,95000,3 bed rooms+hall,Madinat Al Mataar
CNT2132165581,2025-08-15,42000,Studio,Jabal Ali First
CNT2132884483,2025-10-03,15000,Office,Saih Shuaib 3
CRT2132284656,2025-08-22,82000,1bed room+Hall,Business Bay
CRT2131308056,2025-06-15,45000,Hotel,Al Barsha South Fourth
CNT2132422197,2025-09-01,100000,Hotel,Al Barsha South Fourth
CNT2127001167,2025-01-01,97279,Office,Trade Center First
CNT2133311197,2025-11-01,537625,Warehouse,Al Goze Industrial First
CNT2129859591,2025-02-01,57600,Room in labor Camp,Jabal Ali Industrial First
CNT2134108849,2026-01-06,20000,Office,Al Khabeesi
CNT2132323087,2025-06-15,2200000,Studio,Al Ras
CNT2132103467,2025-08-10,27000,Office,Port Saeed
CRT2133058736,2025-10-17,275000,1bed room+Hall,Wadi Al Safa 3
CNT2132119274,2025-08-01,180649,Warehouse,Al Kheeran
CNT2132555751,2025-09-10,1538462,Room in labor Camp,Al Goze Third
CNT2134028056,2025-12-20,87000,2 bed rooms+hall,Mankhool
CNT2132430136,2025-09-01,76000,1bed room+Hall,Marsa Dubai
CNT2131785905,2025-07-15,97500,2 bed rooms+hall,Al Satwa
CNT2132024990,2025-08-01,1008000,Studio,Dubai Investment Park Second
CNT2132170627,2025-06-20,712500,Warehouse,Al Goze Industrial First
CNT2132237518,2025-10-04,32400,Studio,Al Goze Industrial Second
CRT2130116726,2025-03-08,155000,1bed room+Hall,Al Wasl
CNT2132145173,2025-08-03,104569,Warehouse,Dubai Investment Park First
CNT2132596586,2025-09-01,100000,Studio,Business Bay
CNT2128521840,2025-01-24,10000,Office,Dubai Investment Park First
CNT2132789427,2025-07-01,60000,Workshop,Ras Al Khor Industrial Second
CRT2132471466,2025-10-26,45000,Shop,Al Mararr
CNT2133585103,2025-11-21,20000,Shop,Naif
CNT2133493507,2025-11-20,80000,2 bed rooms+hall,Wadi Al Safa 5
CRT2134030326,2026-01-01,24000,Office,Business Bay
CNT2130147639,2025-03-13,20000,Office,Ras Al Khor Industrial Second
CNT2131688540,2025-02-15,5610000,2 bed rooms+hall,Oud Metha
CNT2133447446,2025-09-15,94380,Warehouse,Al Qusais Industrial First
CNT2130616023,2025-03-01,308000,Warehouse,Dubai Investment Park First
CRT2132621336,2025-09-05,80000,1bed room+Hall,Al Thanyah Third
CNT2130011217,2025-04-21,48000,1bed room+Hall,Mankhool
CNT2130820843,2025-01-26,329980,Shop,Al Warsan First
CNT2127958569,2025-01-01,1000,Room in labor Camp,Dubai Investment Park Second
CNT2131134224,2025-04-01,125100,Room in labor Camp,Jabal Ali Industrial First
CNT2133872040,2025-12-01,66500,Shop with a mezzanine,Port Saeed
CNT2128136485,2025-01-25,54000,2 bed rooms+hall,Al Nahda Second
CNT2134211818,2026-01-13,18000,Office,Al Rega
CNT2132022588,2025-08-01,85000,1bed room+Hall,Al Thanyah Fifth
CNT2131540221,2025-07-01,45000,2 bed rooms+hall,Hor Al Anz
CNT2132292513,2025-06-19,66000,1bed room+Hall,Nadd Hessa
CNT2133135669,2025-04-15,80000,2 bed rooms+hall,Al Barsha First
CNT2131329068,2025-06-16,15000,Office,Business Bay
CNT2131820886,2025-09-01,20000000,Hotel,Al Hamriya
CRT2130556229,2025-04-17,400000,3 bed rooms+hall,Burj Khalifa
CNT2133148240,2025-10-23,11000,Office,Al Goze First
CNT2133908940,2025-11-01,2151960,Room in labor Camp,Muhaisanah Second
CNT2134254965,2025-02-01,62000,2 bed rooms+hall,Al Hebiah Fourth
CNT2130210518,2025-01-03,287199,Shop,Al Warsan First
CRT2131761776,2025-07-08,180000,2 bed rooms+hall,Al Merkadh
CNT2133970299,2025-12-25,50000,1bed room+Hall,Al Qusais Industrial Fifth
CNT2133739238,2025-12-11,69000,2 bed rooms+hall,Al Karama
CNT2132200475,2025-08-20,84000,3 bed rooms+hall,Nad Al Hamar
CNT2132573598,2025-08-03,25704,Studio,Me'Aisem First
CNT2131519018,2025-07-08,24000,1bed room+Hall,Muhaisanah Fourth
CNT2131354549,2025-05-01,117600,Room in labor Camp,Al Goze Third
CNT2132724947,2025-09-22,15000,Office,Al Goze First
CNT2131094319,2025-02-13,125000,Shop,Nad Al Hamar
CNT2132089817,2025-08-07,100000,2 bed rooms+hall,Al Barshaa South Third
CNT2127215940,2025-01-03,51216,2 bed rooms+hall,Al Goze Industrial Second
CNT2133003873,2025-10-20,40000,Office,Um Hurair Second
CNT2134089869,2026-01-05,17000,Office,Al Mararr
CNT2127442991,2025-01-01,930000,Shop with a mezzanine,Al Sabkha
CNT2132290760,2025-08-19,94000,2 bed rooms+hall,Mirdif
CNT2133549273,2025-11-19,12000,Office,Port Saeed
CNT2134100053,2026-01-01,43659,1bed room+Hall,Dubai Investment Park First
CNT2132171831,2025-05-16,135000,4 bed rooms+hall,Al Bada
CNT2130894614,2025-02-13,12000,Room in labor Camp,Al Goze Third
CNT2130860617,2025-05-11,52000,2 bed rooms+hall,Muhaisanah Fourth
CNT2130033505,2025-03-05,15000,Office,Al Goze Industrial Third
CRT2131093646,2025-05-30,50000,Studio,Al Barsha South Fifth
CNT2133193014,2025-10-25,63000,2 bed rooms+hall,Al Jafliya
CNT2133110957,2025-11-28,180900,,Al Qusais Industrial Second
CRT2134289546,2025-06-01,28000,Studio,Al Warsan First
CNT2129361493,2025-02-01,172500,Office,Al Karama
CNT2133300690,2025-11-03,20000,Office,Trade Center First
CNT2133975203,2025-12-01,300000,2 bed rooms+hall,Al Wasl
CNT2131218362,2025-06-05,18000,Office,Al Garhoud
CNT2131818132,2025-07-01,44000,2 bed rooms+hall,AL TWAR FIFTH
CNT2132769743,2025-09-01,378510,Shop,Dubai Investment Park First
CNT2131226264,2025-06-15,65000,1bed room+Hall,Jabal Ali First
CNT2132906853,2025-09-10,70000,1bed room+Hall,Al Barshaa South Third
CNT2133556299,2025-12-05,110000,3 bed rooms+hall,Al Nahda First
CNT2131676717,2025-02-01,15000,Shop,Muhaisanah Second
CNT2132378631,2025-10-27,225000,4 bed rooms+hall,Nad Al Shiba Third
CNT2129588331,2025-02-01,880886,Office,Al Safouh Second
CRT2131540466,2025-07-01,125000,2 bed rooms+hall,Al Barsha South Fourth
CNT2131313230,2025-02-24,3036000,Room in labor Camp,Saih Shuaib 4
CNT2132172617,2025-07-30,62000,1bed room+Hall,Al Barsha South Fifth
CNT2130150106,2025-03-13,15000,Office,Al Qusais Industrial Third
CNT2133493316,2025-11-14,20800,Office,Dubai Investment Park First
CNT2128042297,2025-01-15,15000,Office,Al Mararr
CRT2132825416,2025-10-03,73920,1bed room+Hall,Al Thanyah Third
CNT2134332559,2026-01-21,95000,2 bed rooms+hall,Al Rega
CNT2131709315,2025-07-04,15000,Office,Al Goze Industrial Third
CNT2132228407,2025-08-13,158550,Shop,Ras Al Khor Industrial Third
CNT2130124806,2025-05-19,50000,1bed room+Hall,Al Muteena
CNT2128957802,2025-02-01,55000,Studio,Hadaeq Sheikh Mohammed Bin Rashid
CNT2131828349,2025-07-10,44000,Office,Al Qusais Industrial Second
CNT2133409870,2025-07-09,123600,Room in labor Camp,Al Goze Industrial Second
CNT2132191068,2025-08-10,59000,2 bed rooms+hall,Wadi Al Safa 5
CNT2132939682,2025-11-07,86822,3 bed rooms+hall,Al Nahda First
CNT2130941127,2025-06-06,50820,2 bed rooms+hall,Al Nahda Second
CNT2132121420,2025-08-01,1104000,Studio,Dubai Investment Park Second
CNT2132298997,2025-08-24,56700,2 bed rooms+hall,Al Goze Industrial Second
CNT2131739594,2025-07-01,120000,2 bed rooms+hall,Trade Center First
CNT2132089014,2025-08-01,492000,Room in labor Camp,Jabal Ali Industrial First
CRT2131957286,2025-06-05,270000,2 bed rooms+hall,Burj Khalifa
CNT2133817167,2025-12-09,74000,2 bed rooms+hall,Port Saeed
CNT2133957969,2025-12-23,20000,Shop,Abu Hail
CRT2132942986,2025-10-20,650000,Office,Al Thanyah Fifth
CNT2132160745,2025-08-12,102520,2 bed rooms+hall,Me'Aisem First
CNT2129942857,2025-03-15,94000,2 bed rooms+hall,Madinat Al Mataar
CNT2131762145,2025-06-05,50000,2 bed rooms+hall,Warsan Fourth
CNT2130771908,2025-06-01,70000,2 bed rooms+hall,Al Murqabat
CRT2128577336,2025-01-29,170000,2 bed rooms+hall,Burj Khalifa
CRT2132861316,2025-09-03,72194,Shop,Jumeirah First
CNT2132737672,2025-09-28,57750,1bed room+Hall,Al Barsha First
CNT2131643608,2025-06-30,6000,Room in labor Camp,Jabal Ali Industrial First
CNT2130946035,2025-05-20,288000,Room in labor Camp,Muhaisanah Second
CNT2128534193,2025-01-25,79000,2 bed rooms+hall,Al Jadaf
CRT2129187166,2025-02-08,195000,2 bed rooms+hall,Hadaeq Sheikh Mohammed Bin Rashid
CRT2133951086,2025-12-02,110000,1bed room+Hall,Burj Khalifa
CNT2130126701,2025-02-10,361800,Room in labor Camp,Saih Shuaib 2
CNT2132376021,2025-08-20,72450,2 bed rooms+hall,Al Karama
CNT2131906003,2025-07-01,18000,Shop,Al Warsan First
CNT2133319163,2025-09-12,6000000,Hotel,Al Baraha
CNT2132871891,2025-09-19,1475000,Room in labor Camp,Al Goze Industrial Second
CNT2130876168,2025-04-01,338338,Shop,Al Garhoud
CNT2132172767,2025-09-02,88900,3 bed rooms+hall,Al Nahda First
CNT2130004678,2025-02-20,52877,Studio,Marsa Dubai
CRT2130852036,2025-05-01,175000,3 bed rooms+hall,Al Barsha Third
CNT2132706270,2025-09-15,55000,1bed room+Hall,Nadd Hessa
CNT2131868289,2025-07-15,70000,1bed room+Hall,Al Barsha First
CRT2132091916,2025-08-02,56000,Studio,Business Bay
CNT2131406726,2025-07-06,55000,1bed room+Hall,Nad Al Hamar
CNT2133351887,2025-12-01,34000,Office,Al Mararr
CNT2131329481,2025-06-20,48000,1bed room+Hall,Al Qusais Industrial Fifth
CNT2126679679,2025-01-01,85000,4 bed rooms+hall,AL MIZHAR FOURTH
CNT2132044905,2025-07-30,15000,Office,Saih Shuaib 3
CNT2133350898,2025-07-01,350000,Studio,Al Warsan First
CRT2130013476,2025-03-14,31200,Room in labor Camp,Jabal Ali Industrial First
CNT2131031987,2025-06-01,5000000,Room,Palm Jumeirah
CNT2132542324,2025-09-08,15000,Office,Al Wasl
CNT2130874181,2025-05-12,15000,Office,Business Bay
CNT2131576687,2025-04-08,147600,Room in labor Camp,Muhaisanah Second
CNT2133751794,2026-01-07,360000,Room in labor Camp,Jabal Ali Industrial First
CNT2130337713,2025-03-09,240000,3 bed rooms+hall,Jabal Ali First
CNT2130454936,2025-03-15,252000,Room in labor Camp,Al Goze Industrial Second
CNT2132307787,2025-09-16,107935,2 bed rooms+hall,Business Bay
CNT2132429968,2025-06-10,4982400,Room in labor Camp,Dubai Investment Park Second
CNT2134017683,2025-10-15,173071,Shop,Al Thanyah Fifth
CNT2129709760,2025-02-01,30000,Room in labor Camp,Jabal Ali Industrial First
CNT2128096890,2025-01-20,145000,3 bed rooms+hall,Business Bay
CRT2130552596,2025-02-15,20900,Studio,Al Baraha
CNT2133489489,2025-08-01,3000000,Room in labor Camp,Jabal Ali Industrial First
CNT2133887200,2025-12-01,352800,Room in labor Camp,Jabal Ali Industrial First
CNT2131190935,2025-08-20,49000,1bed room+Hall,Al Nahda Second
CNT2128956061,2025-01-01,125400,Room in labor Camp,Al Goze Industrial Second
CNT2134206226,2026-01-12,25000,Office,Al Ttay
CNT2134330735,2026-01-20,65100,1bed room+Hall,Al Murqabat
CNT2132237827,2025-08-15,68000,1bed room+Hall,Marsa Dubai
CNT2133242952,2025-10-27,85000,3 bed rooms+hall,Al Nahda First
CNT2133424551,2025-11-30,46585,1bed room+Hall,Al Nahda Second
CNT2127670423,2025-04-01,48000,Studio,Al Thanyah Fifth
CNT2127752150,2025-01-10,15000,Office,Al Goze First
CNT2133516696,2025-11-24,70000,2 bed rooms+hall,Al Qusais Industrial First
CNT2130874418,2025-05-10,130000,2 bed rooms+hall,Marsa Dubai
CNT2131727350,2025-06-24,27656,Studio,Warsan Fourth
CNT2133768479,2025-11-29,42550,1bed room+Hall,Al Murqabat
CNT2132847786,2025-06-30,43000,1bed room+Hall,Warsan Fourth
CNT2130698782,2025-08-01,86000,1bed room+Hall,Al Khairan First
CNT2130130087,2025-01-01,73800,Labor Camp,Al Goze Industrial Fourth
CNT2130984971,2025-05-15,842400,Room in labor Camp,Al Goze Third
CNT2131962973,2025-07-01,1020000,Room in labor Camp,Jabal Ali Industrial First
CNT2133520495,2025-10-22,3144000,Staff Accommodatoion,Al Warsan Third
CNT2132975431,2025-10-01,58000,Shop,Al Buteen
CNT2130127653,2025-03-15,30000,Shop,Al Mararr
CNT2133670840,2025-08-16,73200,2 bed rooms+hall,Rega Al Buteen
CRT2128320186,2025-01-01,841750,Office,Al Thanyah Fifth
CNT2130697316,2025-05-01,77000,1bed room+Hall,Al Barsha South Fourth
CNT2132472215,2025-09-15,110000,2 bed rooms+hall,Jabal Ali First
CNT2129932961,2025-02-26,20000,Office,Hor Al Anz
CNT2130176433,2025-03-17,2246980,5 bed rooms+hall,Palm Jumeirah
CNT2130196886,2025-03-22,124000,Office,Madinat Al Mataar
CNT2130752808,2025-05-02,15500,Office,Wadi Al Safa 2
CRT2130686096,2025-04-20,50000,Studio,Nadd Hessa
CNT2131069689,2025-02-01,61500,Shop,Al Dhagaya
CNT2127406273,2025-01-01,45000,Shop,Al Suq Al Kabeer
CNT2130625748,2025-05-01,331335,Studio,Al Warsan First
CNT2130030355,2025-03-01,1451613,Office,Business Bay
CNT2131274178,2025-06-11,15000,Office,Al Barsha First
CNT2127004517,2025-01-01,997920,2 bed rooms+hall,Al Goze Industrial Second
CNT2133486672,2025-06-09,357480,Labor Camp,Muhaisanah Second
CNT2131396989,2025-08-01,73163,Office,Trade Center First
CNT2132772807,2025-09-10,56000,2 bed rooms+hall,Al Warsan First
CNT2133417175,2025-11-10,76000,2 bed rooms+hall,Al Nahda First
CRT2133466993,2025-11-05,27500,Studio,Al Warsan First
CNT2133293754,2025-08-01,52920,1bed room+Hall,Al Suq Al Kabeer
CNT2127617220,2025-02-01,25000,Shop,Al Suq Al Kabeer
CNT2133779314,2025-11-20,50500,1bed room+Hall,Jabal Ali First
CNT2132263922,2025-08-07,2620000,Staff Accommodatoion,Al Warsan Third
CNT2132399562,2025-08-26,130000,2 bed rooms+hall,Al Thanyah Fifth
CNT2127854365,2025-01-01,90000,2 bed rooms+hall,Al Sabkha
CNT2132555121,2025-09-10,1569231,Room in labor Camp,Al Goze Third
CNT2133833202,2025-10-15,30284,Studio,Jabal Ali First
CRT2132360006,2025-08-10,46300,Shop,Al Warsan First
CNT2130309004,2025-03-10,141480,Labor Camp,Muhaisanah Second
CRT2131272656,2025-05-01,400000,5 bed rooms+hall,Al Satwa
CNT2131965681,2025-07-23,20000,Office,Trade Center First
CNT2131047912,2025-05-24,15000,Office,Business Bay
CRT2133220826,2025-10-27,170000,2 bed rooms+hall,Al Thanayah Fourth
CNT2130830458,2025-04-10,554400,Room in labor Camp,Muhaisanah Second
CNT2134005691,2026-01-01,33033,Studio,Warsan Fourth
CNT2131546552,2025-07-01,55125,2 bed rooms+hall,Al Nahda First
CNT2132250077,2025-08-17,48792,Shop,Al Suq Al Kabeer
CNT2133699455,2025-12-01,49000,1bed room+Hall,Al Raffa
CNT2130448931,2025-03-26,46725,1bed room+Hall,Nadd Hessa
CNT2130215849,2025-03-15,38808,1bed room+Hall,Saih Shuaib 2
CNT2133001907,2025-07-01,365615,Room in labor Camp,Muhaisanah Second
CNT2130375650,2025-03-01,44100,2 bed rooms+hall,AL QUSAIS
CNT2133994888,2025-10-05,480000,Room in labor Camp,Jabal Ali Industrial First
CNT2134310792,2026-01-01,582120,1bed room+Hall,Saih Shuaib 4
CNT2133636636,2025-11-25,410000,5 bed rooms+hall,Al Barshaa South Second
CNT2131157946,2025-05-24,40000,Shop with a mezzanine,Al Twar First
CNT2133775920,2026-01-05,85000,2 bed rooms+hall,Al Satwa
CRT2131845016,2025-01-05,56000,2 bed rooms+hall,Al Nahda Second
CNT2134022439,2025-12-13,1048638,Warehouse,Saih Shuaib 4
CNT2130526691,2025-03-01,386100,Room in labor Camp,Dubai Investment Park First
CNT2133171349,2025-11-01,350173,Shop,Al-Cornich
CRT2134077086,2025-12-01,260000,Shop,Al Ras
CRT2132141306,2025-08-05,60000,4 bed rooms+hall,Wadi Al Safa 7
CNT2133409099,2025-12-10,25000,Shop,Naif
CNT2131304499,2025-06-15,55000,1bed room+Hall,Warsan Fourth
CRT2131044606,2025-05-23,145000,Office,Business Bay
CRT2131997286,2025-07-28,65000,Studio,Burj Khalifa
CNT2133749240,2025-12-06,90000,2 bed rooms+hall,Al Hebiah Fourth
CRT2129886856,2025-03-05,37000,Studio,Madinat Al Mataar
CNT2133623045,2026-02-05,180000,Office,Oud Metha
CNT2133993401,2025-12-25,20000,Office,Dubai Investment Park First
CRT2130373116,2025-04-07,67000,1bed room+Hall,Al Barsha South Fourth
CRT2131383376,2025-04-01,82500,3 bed rooms+hall,Mirdif
CNT2132329013,2025-05-20,5694000,Room in labor Camp,Muhaisanah Second
CRT2131850006,2025-08-02,30000,1bed room+Hall,Al Murqabat
CNT2132718441,2025-09-05,66700,2 bed rooms+hall,Al Barsha South Fourth
CNT2129779562,2025-02-01,57000,1bed room+Hall,Al Garhoud
CRT2130418666,2025-01-17,27000,Studio,Al Warsan First
CNT2128821906,2025-02-10,44000,Studio,Warsan Fourth
CNT2134195871,2026-01-12,24000,1bed room+Hall,Al Murqabat
CRT2133330142,2025-04-14,180000,3 bed rooms+hall,Hadaeq Sheikh Mohammed Bin Rashid
CNT2128577030,2025-04-01,73000,2 bed rooms+hall,Al Murqabat
CNT2130613476,2025-05-01,1397760,Room in labor Camp,Al Warsan Third
CRT2132818996,2025-10-03,130000,2 bed rooms+hall,Marsa Dubai
CNT2130102643,2025-03-15,40000,Shop,Naif
CNT2133245252,2025-10-27,28000,Office,Oud Metha
CNT2133614639,2025-11-25,40000,Room in labor Camp,Jabal Ali Industrial First
CRT2133831836,2025-12-12,78000,Studio,Hadaeq Sheikh Mohammed Bin Rashid
CNT2133089547,2025-10-22,72000,1bed room+Hall,Al Satwa
CNT2131510287,2025-06-01,695021,Office,Madinat Dubai Almelaheyah
CNT2132500628,2025-11-01,250000,4 bed rooms+hall,Hadaeq Sheikh Mohammed Bin Rashid
CRT2134272176,2026-01-16,10000,Office,Hor Al Anz
CNT2130289718,2025-03-25,20000,Office,Al Khabeesi
CNT2130006039,2025-03-04,80000,Studio,Business Bay
CNT2131866979,2025-07-16,69000,Shop,Al Garhoud
CRT2132862186,2025-10-04,71000,Studio,Business Bay
CNT2132677801,2025-09-22,245000,2 bed rooms+hall,Hadaeq Sheikh Mohammed Bin Rashid
CNT2130561561,2025-04-18,15000,Office,Burj Khalifa
CNT2130743599,2025-05-01,107768,3 bed rooms+hall,Al Barsha South Fourth
CNT2128963927,2025-02-03,20000,Office,Port Saeed
CNT2134016641,2025-12-21,1321578,Shop,Nadd Hessa
CNT2132078723,2025-08-01,24000,1bed room+Hall,Hor Al Anz
CRT2126478386,2025-01-01,320000,Shop,Naif
CNT2131873605,2025-07-15,63525,1bed room+Hall,Nadd Hessa
CNT2133729406,2025-12-15,66990,2 bed rooms+hall,Mirdif
CNT2133909580,2025-11-01,41000,1bed room+Hall,Al Warsan First
CNT2131156287,2025-03-01,95000,2 bed rooms+hall,Marsa Dubai
CNT2132644993,2025-09-01,121968,Labor Camp,Muhaisanah Second
CNT2133470020,2025-04-01,75000,Shop,Al Mararr
CNT2133336776,2025-12-01,34000,1bed room+Hall,Hor Al Anz
CRT2129922514,2025-02-25,180000,3 bed rooms+hall,Al Yelayiss 1
CNT2134148266,2026-03-03,96600,2 bed rooms+hall,Al Barsha South Fourth
CNT2133255548,2025-11-01,683042,Office,Al Thanyah First
CNT2132322593,2025-08-15,330000,Warehouse,Ras Al Khor Industrial First
CNT2133187955,2025-10-01,140000,Room in labor Camp,Al Goze Industrial Third
CNT2132570808,2025-09-10,15000,Office,Al Khabeesi
CNT2130592974,2025-04-21,15000,Office,Business Bay
CNT2133439704,2025-10-17,55000,Office,Al Murqabat
CNT2133001705,2025-10-01,43000,Studio,Al Barshaa South Third
CNT2130974895,2025-07-01,77000,1bed room+Hall,Oud Metha
CNT2133348271,2025-11-11,57750,2 bed rooms+hall,Muhaisanah Fourth
CNT2133925561,2025-11-16,52000,Office,Al Thanyah First
CNT2133841425,2025-12-12,15000,Office,Al Karama
CRT2127229897,2025-01-01,63000,1bed room+Hall,Jabal Ali First
CNT2130790919,2025-05-10,40000,1bed room+Hall,Al Warsan First
CNT2131021152,2025-05-25,215000,2 bed rooms+hall,Burj Khalifa
CNT2130741577,2025-04-07,84491,Office,Jumeirah First
CNT2134246545,2025-11-27,68000,Hotel,Jabal Ali First
CNT2128465804,2025-10-01,8085000,Studio,Al Karama
CNT2133431291,2025-10-05,151200,Room in labor Camp,Al Goze Industrial First
CNT2129915351,2025-03-01,75000,1bed room+Hall,Al Thanyah Fifth
CNT2132013190,2025-09-01,4129125,1bed room+Hall,Al Warqa First
CRT2127914246,2025-01-24,200000,2 bed rooms+hall,Burj Khalifa
CNT2131370115,2025-07-01,58450,2 bed rooms+hall,Al Nahda First
CNT2131988061,2025-08-02,20000,Office,Um Hurair Second
CNT2129997572,2025-02-02,41000,1bed room+Hall,Al Nahda Second
CNT2131544779,2025-06-26,20000,Office,Dubai Investment Park First
CRT2130997919,2025-05-15,68250,1bed room+Hall,Business Bay
CNT2127529240,2025-01-01,25000,Studio,Al Thanyah Fifth
CNT2128537467,2025-01-15,269441,Office,Al Safouh Second
CRT2130696606,2025-05-01,2400000,Room in labor Camp,Jabal Ali Industrial First
CNT2128101923,2025-01-16,14000,Office,Port Saeed
CNT2133394417,2025-10-31,39000,1bed room+Hall,Al Warsan First
CNT2132246967,2025-08-20,110000,3 bed rooms+hall,Wadi Al Safa 5
CNT2129890718,2025-01-15,178848,Room in labor Camp,Dubai Investment Park First
CNT2132473526,2025-10-02,43890,2 bed rooms+hall,Ras Al Khor Industrial Third
CNT2130776767,2025-05-05,18000,Office,Al Karama
CNT2132865983,2025-09-10,65000,1bed room+Hall,Me'Aisem First
CNT2132921065,2025-07-01,25500,Studio,Al Warsan First
CNT2129843393,2025-02-10,576000,Room in labor Camp,Al Goze Industrial Fourth
CNT2130500725,2025-04-15,300450,1bed room+Hall,Hor Al Anz
CRT2130495336,2025-03-15,72000,1bed room+Hall,Business Bay
CNT2133275454,2025-11-01,230000,3 bed rooms+hall,Al Hebiah Fourth
CNT2130157176,2025-02-01,40000,Room in labor Camp,Muhaisanah Second
CNT2131962067,2025-07-10,30000,Studio,Al Warsan First
CNT2133463683,2025-11-12,180000,Room in labor Camp,Jabal Ali Industrial First
CNT2131363755,2025-06-18,20000,Office,Trade Center First
CNT2128067441,2025-02-15,53845,Office,Al Nahda First
CRT2131327506,2025-06-16,15000,Office,Al Muteena
CNT2129905781,2025-02-06,180000,Room in labor Camp,Madinat Dubai Almelaheyah
CNT2131762520,2025-06-10,57750,2 bed rooms+hall,Al Nahda First
CNT2133059168,2025-10-20,130000,Office,Al Goze First
CRT2130345216,2025-04-01,7113600,Room in labor Camp,Jabal Ali Industrial First
CNT2130683262,2025-04-28,110000,3 bed rooms+hall,Madinat Hind 4
CNT2131098247,2025-03-01,132000,Warehouse,Ras Al Khor Industrial First
CNT2132442918,2025-08-29,25000,Warehouse,Dubai Investment Park Second
CRT2133612476,2025-11-14,100000,1bed room+Hall,Hadaeq Sheikh Mohammed Bin Rashid
CNT2134307607,2025-12-31,46076,1bed room+Hall,Al Murqabat
CNT2131031987,2025-06-01,5000000,Room,Palm Jumeirah
CNT2133172355,2025-09-01,50015,,Al Ttay
CNT2131754316,2025-04-10,31000,Studio,Eyal Nasser
CNT2134210609,2025-12-01,150000,Room in labor Camp,Muhaisanah Second
CNT2132818614,2025-10-06,73000,1bed room+Hall,Al Jadaf
CNT2131770836,2025-07-15,300000,Showroom,Al Khabeesi
CNT2130052208,2025-03-06,11000,Office,Al Raffa
CNT2129056764,2025-02-04,15000,Office,Al Muteena
CNT2131291098,2026-09-01,819650,Office,Al Goze Industrial Third
CNT2129365769,2025-02-10,15000,Office,Al Barsha First
CNT2129433390,2025-02-16,75600,Studio,Al Goze Industrial Second
CNT2134141725,2025-12-15,1837034,Room in labor Camp,Jabal Ali Industrial First
CNT2134260064,2025-09-15,100000,Office,Al Garhoud
CNT2131728518,2025-02-26,600000,Room in labor Camp,Al Goze Industrial Second
CNT2128791360,2025-03-01,36432,Shop,Mankhool
CRT2132211396,2025-09-08,162000,2 bed rooms+hall,Wadi Al Safa 6
CNT2133592057,2025-10-01,20000,Studio,Naif
CNT2131011417,2025-01-03,2397488,Warehouse,Saih Shuaib 2
CRT2129122700,2025-02-10,175000,3 bed rooms+hall,Al Khairan First
CNT2134231539,2026-01-19,45000,1bed room+Hall,Hor Al Anz East
CNT2129440962,2025-02-11,15000,Office,Al Goze Industrial First
CRT2130663748,2025-07-07,90000,3 bed rooms+hall,Wadi Al Safa 2
CNT2130688879,2025-04-21,46000,1bed room+Hall,Al Warsan First
CNT2131971683,2025-07-01,357972,Showroom,Al Saffa Second
CNT2134017930,2026-02-01,43659,1bed room+Hall,Dubai Investment Park First
CNT2131323215,2025-08-08,134400,3 bed rooms+hall,Jabal Ali First
CNT2129592040,2025-01-19,69000,1bed room+Hall,Al Barsha South Fourth
CNT2133581200,2025-10-01,35000,Office,Al Garhoud
CNT2133977364,2025-12-10,364800,Room in labor Camp,Al Goze Third
CNT2131094653,2025-04-23,90000,2 bed rooms+hall,Al Raffa
CNT2131024606,2025-05-22,15000,Office,Al Muteena
CRT2132519086,2025-09-15,165000,3 bed rooms+hall,Marsa Dubai
CNT2133036690,2025-10-15,17000,Office,Port Saeed
CRT2129272556,2025-02-15,80000,1bed room+Hall,Al Barsha South Fourth
CNT2132739303,2025-09-22,65000,1bed room+Hall,Al Barsha South Fourth
CNT2130963747,2025-04-20,38000,1bed room+Hall,Al Hebiah Fourth
CNT2132011675,2025-08-05,40000,1bed room+Hall,AL QUSAIS
CNT2133974750,2025-12-23,102000,2 bed rooms+hall,Al Karama
CNT2132599015,2025-09-14,85000,1bed room+Hall,Al Barsha South Fourth
CNT2134298222,2026-01-23,119999,3 bed rooms+hall,Nad Al Hamar
CNT2131011950,2025-06-08,325000,Office,Business Bay
CNT2133540071,2025-11-20,60000,2 bed rooms+hall,Al Nahda Second
CNT2130250655,2025-04-25,78000,3 bed rooms+hall,AL QUSAIS
CNT2130185007,2025-01-01,48000,Warehouse,Al Qusais Industrial First
CNT2132027424,2025-07-29,10000,Office,Al Karama
CNT2130452483,2025-04-01,126500,Shop,Ras Al Khor Industrial Third
CNT2133979210,2025-03-15,85100,3 bed rooms+hall,Al Thanyah First
CNT2128313099,2025-01-25,46305,1bed room+Hall,Nadd Hessa
CRT2129848576,2025-03-01,42000,Office,Al Thanyah Fifth
CNT2130742585,2025-05-01,69956,2 bed rooms+hall,Dubai Investment Park First
CRT2129880756,2025-02-28,57000,1bed room+Hall,Al Yelayiss 2
CNT2130749033,2025-04-01,150000,2 bed rooms+hall,Al Barsha South Fourth
CNT2134294525,2026-01-25,33999,2 bed rooms+hall,Muhaisanah Fourth
CNT2130420074,2025-03-16,50500,2 bed rooms+hall,AL QUSAIS
CNT2127196594,2025-01-01,47250,Studio,Al Sabkha
CNT2130845543,2025-03-08,290000,5 bed rooms+hall,Jumeirah Second
CNT2130835357,2025-04-27,96720,Room in labor Camp,Saih Shuaib 3
CNT2133246926,2025-11-11,93500,3 bed rooms+hall,Madinat Al Mataar
CNT2134310517,2026-01-19,20000,Office,Al Murqabat
CRT2133950596,2026-01-06,157500,2 bed rooms+hall,Burj Khalifa
CNT2134222033,2026-01-13,20000,Room in labor Camp,Jabal Ali Industrial First
CNT2133977807,2025-12-25,124000,2 bed rooms+hall,Marsa Dubai
CNT2128508784,2025-01-24,20000,Office,Naif
CNT2128824217,2025-01-01,131000,3 bed rooms+hall,Mankhool
CNT2128294500,2025-01-20,29086,Office,Al Hebiah First
CNT2133028217,2025-10-11,29999,Studio,Al Nahda First
CNT2130000139,2025-02-01,160500,Warehouse,Ras Al Khor Industrial Second
CNT2130691474,2025-04-28,15000,Office,Al Khabeesi
CNT2131018417,2025-05-01,34500,1bed room+Hall,Al Baraha
CNT2127036258,2025-01-01,60000,1bed room+Hall,Trade Center Second
CNT2128441762,2025-01-22,15000,Office,Dubai Investment Park First
CNT2132756192,2025-09-01,58000,2 bed rooms+hall,Al Twar First
CRT2131369386,2025-06-01,50000,3 bed rooms+hall,Jumeirah First
CNT2131016321,2025-06-05,91000,2 bed rooms+hall,Al Murqabat
CNT2133538154,2025-11-01,305000,3 bed rooms+hall,Al Thanyah Fifth
CNT2131892529,2025-02-16,140400,Room in labor Camp,Jabal Ali Industrial First
CNT2130479607,2025-04-11,99000,3 bed rooms+hall,Al Jafliya
CNT2134256621,2026-01-15,15000,Office,Business Bay
CNT2133600670,2025-11-24,20000,Office,Al Karama
CNT2128126966,2025-01-17,177640,3 bed rooms+hall,Al Murqabat
CNT2130821483,2025-05-07,10000,Office,Al Barsha First
CRT2130902836,2025-04-01,70000,Shop,Naif
CNT2133171118,2025-10-24,20000,Office,Dubai Investment Park Second
CNT2132895050,2025-10-10,813500,Showroom with mezzanine,Al Karama
CNT2129369072,2025-02-01,43659,1bed room+Hall,Dubai Investment Park First
CNT2130605539,2025-03-20,90000,Warehouse,Al Goze Industrial Fourth
CNT2128490306,2025-01-10,100800,Studio,Al Goze Third
CNT2127688640,2025-01-09,20000,Office,Al Goze Industrial First
CNT2132258748,2025-08-14,20000,Office,Port Saeed
CNT2133903246,2025-12-20,60000,2 bed rooms+hall,Al Goze Industrial Second
CNT2132984759,2025-10-18,43343,2 bed rooms+hall,Al Goze Fourth
CNT2132442071,2025-08-13,144000,Room in labor Camp,Muhaisanah Second
CRT2130319086,2025-04-01,85000,2 bed rooms+hall,Al Yelayiss 2
CNT2133213839,2025-11-04,110000,2 bed rooms+hall,Al Jadaf
CRT2128545536,2025-01-15,125000,1bed room+Hall,Burj Khalifa
CNT2133002973,2026-01-01,71500,2 bed rooms+hall,Al Murqabat
CNT2131514517,2025-06-30,104000,2 bed rooms+hall,Mankhool
CNT2132078759,2025-07-20,347870,Warehouse,Jabal Ali Industrial First
CNT2133865269,2025-12-01,95000,Warehouse,Dubai Investment Park Second
CNT2127915413,2025-01-25,46000,Studio,Al Hebiah Fifth
CNT2132822770,2025-10-01,75000,2 bed rooms+hall,Al Nahda First
CRT2132621830,2025-09-20,110000,2 bed rooms+hall,Al Yelayiss 2
CNT2133906102,2025-12-01,22000,Studio,AL QUSAIS
CNT2134197283,2026-02-05,50820,1bed room+Hall,Wadi Al Safa 5
CNT2130659027,2025-07-22,65000,1bed room+Hall,Al Barsha South Fourth
CNT2132295759,2025-08-15,65100,2 bed rooms+hall,Al Hebiah Fourth
CNT2132156417,2025-04-16,275000,Room in labor Camp,Al Goze Industrial First
CNT2134212334,2026-01-15,87000,2 bed rooms+hall,Al Jadaf
CNT2130255027,2025-02-01,42000,Room in labor Camp,Muhaisanah Second
CNT2130947946,2025-05-22,60000,2 bed rooms+hall,Al Goze Industrial Second
CNT2130588830,2025-05-01,58200,1bed room+Hall,Al Murqabat
CNT2130737711,2025-04-01,63000,Shop,Jabal Ali Industrial First
CNT2132425201,2025-08-28,20000,Office,Jabal Ali Industrial First
CNT2131423350,2025-06-20,65835,1bed room+Hall,Al Barsha First
CNT2130702744,2025-04-01,30000,Studio,Dubai Investment Park Second
CNT2127479305,2025-01-05,55440,Shop,Al Suq Al Kabeer
CRT2128731426,2025-01-31,57000,1bed room+Hall,Al Barsha South Fourth
CNT2133405897,2025-11-01,66500,2 bed rooms+hall,Wadi Al Safa 3
CNT2133419458,2025-11-17,123269,2 bed rooms+hall,Jumeirah First
CNT2129784883,2025-02-17,20000,Office,Saih Shuaib 2
CNT2126473675,2025-01-01,330000,Room in labor Camp,Jabal Ali Industrial First
CNT2130243763,2025-02-15,645000,Room in labor Camp,Jabal Ali Industrial First
CRT2131712326,2025-07-05,126000,3 bed rooms+hall,Al Yufrah 1
CRT2128284096,2025-02-01,140000,2 bed rooms+hall,Al Barsha South Fourth
CNT2132068361,2025-06-25,34500,Studio,Dubai Investment Park Second
CNT2129927899,2025-02-27,182000,3 bed rooms+hall,Al-Cornich
CRT2134207346,2026-01-01,90000,1bed room+Hall,Hadaeq Sheikh Mohammed Bin Rashid
CNT2132118032,2025-04-04,388844,Shop,Al Warsan First
CRT2130978506,2025-05-21,60000,Studio,Al Merkadh
CNT2131716084,2025-07-05,15000,Office,Al Goze Industrial First
CRT2131363336,2025-04-01,500000,Room in labor Camp,Jabal Ali Industrial First
CNT2131929842,2025-07-22,22500,Office,Mankhool
CNT2131910268,2025-07-01,60000,1bed room+Hall,Al Hebiah Fourth
CNT2130819959,2025-06-06,50000,1bed room+Hall,Al Muteena
CNT2130516287,2025-03-15,48000,Office,Dubai Investment Park First
CRT2133416396,2025-10-20,110000,3 bed rooms+hall,Mirdif
CNT2131736297,2025-07-07,280000,Room in labor Camp,Jabal Ali Industrial First
CNT2131065024,2025-06-01,200000,4 bed rooms+hall,Wadi Al Safa 3
CNT2133818847,2025-12-11,15000,Office,Al Murqabat
CNT2131894325,2025-08-04,50000,Studio,Al Merkadh
CNT2133678794,2025-11-28,20000,Office,Port Saeed
CNT2134248343,2026-01-27,90000,2 bed rooms+hall,Al Murqabat
CNT2133351937,2025-12-14,120000,2 bed rooms+hall,Al Goze Industrial Second
CNT2133867554,2025-12-04,23000,Studio,Al Suq Al Kabeer
CNT2132792937,2025-09-26,78900,Office,Jabal Ali First
CNT2133897004,2025-12-13,35000,Studio,Naif
CNT2134270537,2025-11-05,50000,1bed room+Hall,Nadd Hessa
CNT2121963634,2025-01-01,115500,4 bed rooms+hall,Mirdif
CNT2130406193,2025-04-15,44000,1bed room+Hall,Al Suq Al Kabeer
CNT2132744427,2025-01-28,210000,4 bed rooms+hall,Jabal Ali First
CNT2129650024,2025-02-14,20000,Office,Saih Shuaib 2
CNT2130402442,2025-04-07,15000,Office,Al Khabeesi
CNT2128537458,2025-01-01,100000,Shop,Jumeirah Third
CNT2132452941,2025-09-02,47000,Studio,Al Hebiah Second
CNT2127681361,2025-01-09,250800,Room in labor Camp,Jabal Ali Industrial First
CRT2132768637,2025-09-17,110000,2 bed rooms+hall,Al Merkadh
CNT2131652247,2025-06-10,51000,2 bed rooms+hall,AL QUSAIS
CNT2133746893,2025-12-05,115000,3 bed rooms+hall,Madinat Hind 4
CNT2133614373,2025-11-01,43700,Office,Al Baraha
CNT2130727988,2025-04-01,230400,Room in labor Camp,Al Goze Third
CNT2131139036,2025-03-01,35000,Shop,Al Mararr
CNT2133580914,2025-11-22,88000,1bed room+Hall,Jabal Ali First
CNT2134172290,2026-01-01,213000,Shop,Al Buteen
CNT2133342527,2025-12-10,300000,Shop,Al Goze Third
CNT2129363136,2025-01-01,125714,Shop with a mezzanine,Naif
CNT2133921038,2025-11-30,42585,1bed room+Hall,Al Yelayiss 2
CNT2134236005,2026-01-01,316800,Studio,Naif
CNT2130906027,2025-05-20,78750,2 bed rooms+hall,Al Garhoud
CNT2133043913,2025-10-16,98175,Shop,Al Qusais Industrial Fifth
CNT2127974481,2025-01-14,15000,Office,Al Mararr
CRT2132459496,2025-09-01,112000,1bed room+Hall,Marsa Dubai
CNT2130652460,2025-03-31,73000,1bed room+Hall,Al Barshaa South Third
CNT2133684565,2025-09-09,115200,Room in labor Camp,Muhaisanah Second
CNT2133010269,2025-10-13,17000,Office,Al Mararr
CNT2132963950,2025-11-24,252000,Labor Camp,Al Goze Industrial Second
CNT2126206712,2025-01-01,80000,Shop with a mezzanine,Al Sabkha
CNT2131115214,2025-05-29,16000,Office,Business Bay
CNT2128480125,2025-01-22,15000,Office,Al Garhoud
CNT2131372405,2025-01-01,150000,Room in labor Camp,Al Goze Third
CRT2133227006,2025-10-07,105000,1bed room+Hall,Burj Khalifa
CNT2132669433,2025-10-01,231000,4 bed rooms+hall,Trade Center Second
CNT2133301040,2025-11-03,137000,1bed room+Hall,Burj Khalifa
CNT2133541888,2025-07-01,204000,Room in labor Camp,Jabal Ali Industrial First
CNT2130705214,2025-04-01,183700,Shop,Nad Al Hamar
CNT2132716375,2025-10-01,47000,1bed room+Hall,Nad Al Hamar
CNT2132537993,2025-08-26,240000,Studio,Jabal Ali Industrial First
CNT2133262681,2025-11-05,35000,Studio,Eyal Nasser
CNT2132502189,2025-09-15,25080,Studio,Al Goze Industrial Second
CNT2130221837,2025-02-10,44000,1bed room+Hall,Nadd Hessa
CNT2128279038,2025-01-02,72240,Office,Madinat Al Mataar
CNT2130042422,2025-03-10,340000,2 bed rooms+hall,Burj Khalifa
CNT2131286760,2025-06-12,15000,Office,Al Barsha First
CRT2132286806,2025-08-16,180000,3 bed rooms+hall,Wadi Al Safa 5
CNT2130725010,2025-04-30,15000,Office,Al Mararr
CNT2133623267,2025-11-20,58800,2 bed rooms+hall,Wadi Al Safa 5
CNT2131755966,2025-07-01,2998946,Staff Accommodatoion,Al Warsan Third
CNT2127675511,2025-01-10,80000,2 bed rooms+hall,Al Barsha First
CNT2133110319,2025-09-03,78750,2 bed rooms+hall,Al Jadaf
CNT2132151707,2025-08-01,3463200,Labor Camp,Al Goze Industrial First
CNT2128576942,2025-01-10,1440000,2 bed rooms+hall,Al Murqabat
CRT2130035316,2025-03-06,90000,3 bed rooms+hall,Mirdif
CNT2133866715,2025-12-20,52000,Office,Al Qusais Industrial Second
CNT2129650942,2025-02-01,51450,Office,Mankhool
CNT2129379706,2025-02-25,70200,1bed room+Hall,Al Barshaa South Second
CNT2134299226,2026-01-25,78000,1bed room+Hall,Al Karama
CNT2128530777,2025-01-23,404352,Room in labor Camp,Jabal Ali Industrial First
CNT2128726315,2025-02-25,68000,2 bed rooms+hall,Al Mamzer
CNT2130307780,2025-03-10,87207,Parking,Al Rega
CRT2131963696,2025-08-07,85000,2 bed rooms+hall,Jabal Ali First
CNT2130458240,2025-04-29,30999,1bed room+Hall,AL QUSAIS
CNT2131291085,2025-05-21,350000,Room in labor Camp,Muhaisanah Second
CNT2131130966,2025-06-05,42000,Office,Wadi Al Safa 2
CNT2131071525,2025-03-25,33000,1bed room+Hall,Al Warsan First
CNT2129984717,2025-02-15,291600,Shop,Naif
CNT2132976449,2025-10-10,10000,Office,Abu Hail
CNT2131492767,2025-06-26,144000,Room in labor Camp,Muhaisanah Second
CNT2131085516,2025-05-01,95000,Office,Al Garhoud
CNT2128962590,2025-02-01,3600000,Room in labor Camp,Al Goze Industrial Second
CNT2131227649,2025-05-14,115200,Room in labor Camp,Al Goze Third
CNT2132286720,2025-05-05,28000,1bed room+Hall,Al Baraha
CNT2128968594,2025-02-01,44000,1bed room+Hall,Al Ras
CNT2130197469,2025-03-20,43000,Office,Al Mararr
CNT2130415463,2025-01-21,69000,2 bed rooms+hall,Dubai Investment Park First
CRT2127136016,2025-01-01,200000,3 bed rooms+hall,Business Bay
CNT2128810357,2025-01-31,179500,2 bed rooms+hall,Um Suqaim Third
CNT2133675461,2025-11-28,72000,1bed room+Hall,Al Barsha South Fourth
CRT2130592586,2025-04-01,300000,4 bed rooms+hall,Nad Al Shiba First
CRT2127884826,2025-01-04,36000,Studio,Al Barsha South Fourth
CNT2134010766,2025-12-21,38000,Office,Al Karama
CNT2129194333,2025-02-01,165600,Room in labor Camp,Jabal Ali Industrial First
CNT2130633230,2025-05-01,120000,3 bed rooms+hall,Al Murqabat
CNT2130527567,2025-04-25,77385,2 bed rooms+hall,Al Barsha First
CNT2131827288,2025-06-05,35000,Office,Um Hurair Second
CNT2134009881,2026-01-01,60000,1bed room+Hall,Al Barsha South Fourth
CRT2134182986,2026-01-10,10027,Office,Hor Al Anz
CNT2132064979,2025-08-05,61000,3 bed rooms+hall,Al Qusais Industrial Fifth
CRT2131911916,2025-08-03,180000,2 bed rooms+hall,Al Thanyah Fifth
CNT2126068717,2025-01-01,74180,2 bed rooms+hall,Al Hudaiba
CNT2133496068,2025-11-14,20000,Office,Naif
CNT2128095937,2025-01-21,482161,1bed room+Hall,Al Warsan First
CNT2133845245,2025-07-10,840000,Room in labor Camp,Jabal Ali Industrial First
CNT2128429883,2025-01-22,20000,Office,Al Barsha First
CNT2133873360,2025-12-05,44651,1bed room+Hall,Al Warqa First
CNT2129580109,2025-01-01,73500,Room in labor Camp,Muhaisanah Second
CNT2131715397,2025-07-06,53000,2 bed rooms+hall,Al Qusais Industrial Fifth
CNT2131336845,2025-06-15,43000,1bed room+Hall,Al Nahda First
CNT2132410007,2025-08-21,44000,1bed room+Hall,Al Goze Industrial Second
CNT2134148061,2026-01-22,120000,2 bed rooms+hall,Al Goze Industrial Second
CNT2129458209,2025-02-12,15000,Office,Dubai Investment Park First
CNT2130223152,2025-03-01,15000,Office,Mankhool
CNT2133186349,2025-11-01,178500,3 bed rooms+hall,Al Hebiah Fourth
CNT2130340257,2025-03-20,140160,Warehouse,Al Qusais Industrial Second
CNT2130254394,2025-05-07,32000,Office,Dubai Investment Park First
CNT2131547752,2025-07-01,72000,2 bed rooms+hall,Wadi Al Safa 2
CNT2130241889,2025-02-01,173400,Room in labor Camp,Saih Shuaib 2
CNT2131343585,2025-06-05,4896000,Room in labor Camp,Jabal Ali Industrial First
CNT2132817665,2025-09-09,63504,Office,Al Qusais Industrial Second
CNT2130994737,2025-04-30,108947,3 bed rooms+hall,Madinat Hind 4
CNT2133870507,2025-12-15,15000,Office,Al Baraha
CNT2133732740,2025-10-01,36000,Room in labor Camp,Al Goze Third
CNT2131132987,2025-06-03,546164,Office,Zaabeel Second
CNT2131204318,2025-06-06,75000,1bed room+Hall,Al Saffa Second
CNT2133995996,2026-01-01,120000,Warehouse,Ras Al Khor Industrial First
CNT2133393006,2025-09-10,85500,1bed room+Hall,Al Hebiah First
CNT2133955976,2025-12-25,96800,2 bed rooms+hall,Business Bay
CNT2130968408,2025-05-31,45000,1bed room+Hall,Al Warsan First
CNT2128044414,2025-01-01,40000,Office,Al Garhoud
CNT2133699453,2025-11-01,120000,3 bed rooms+hall,Al Murqabat
CNT2132402867,2025-08-20,110000,1bed room+Hall,Al Warqa First
CNT2133752937,2025-12-08,32000,Office,Al Khabeesi
CNT2133950348,2025-12-22,20000,Office,Abu Hail
CRT2130363206,2025-03-20,12600,Storage,Al Qusais Industrial Second
CNT2132264589,2025-08-07,2620000,Staff Accommodatoion,Al Warsan Third
CNT2131070077,2025-06-04,5000000,Studio,Rega Al Buteen
CNT2133188285,2025-10-15,70000,2 bed rooms+hall,Al Muteena
CNT2134128000,2026-01-01,8580,Shop,Um Hurair Second
CNT2132174758,2025-06-01,4781000,Studio,Madinat Hind 3
CNT2130506938,2025-04-01,290400,Room in labor Camp,Muhaisanah Second
CNT2132211261,2025-08-12,15000,Office,Burj Khalifa
CNT2132580378,2025-09-16,45000,2 bed rooms+hall,Muhaisanah Fourth
CRT2134235206,2026-01-10,80000,1bed room+Hall,Dubai Investment Park First
CNT2130670484,2025-04-26,15000,Office,Business Bay
CNT2131064157,2025-02-01,183600,Room in labor Camp,Muhaisanah Second
CNT2128119817,2025-02-03,51000,2 bed rooms+hall,Al Qusais Industrial Fifth
CNT2129528187,2025-02-01,120000,Room in labor Camp,Al Goze Industrial Second
CRT2131138096,2025-06-01,430500,Office,Business Bay
CNT2131405451,2025-05-05,88000,Shop,Al Satwa
CNT2132781611,2025-09-25,169412,Room in labor Camp,Muhaisanah Second
CNT2131791143,2025-07-10,15000,Office,Al Muteena
CNT2130362881,2025-05-25,84000,3 bed rooms+hall,Al Nahda First
CNT2129433178,2025-02-07,95000,1bed room+Hall,Business Bay
CNT2127178212,2025-01-01,53000,1bed room+Hall,Warsan Fourth
CNT2130238898,2025-03-21,2361600,Room in labor Camp,Al Goze Third
CNT2132796128,2025-10-01,150000,3 bed rooms+hall,Jumeirah First
CNT2132097027,2025-07-01,56000,2 bed rooms+hall,Al Hamriya
CRT2132683406,2025-09-12,115000,2 bed rooms+hall,Hadaeq Sheikh Mohammed Bin Rashid
CNT2133404582,2026-01-15,185417,Food court,Al Safouh Second
CNT2130517053,2025-04-10,77000,2 bed rooms+hall,Oud Metha
CNT2133424031,2025-12-11,86338,1bed room+Hall,Jumeirah Second
CNT2130531087,2025-04-15,56000,1bed room+Hall,Nadd Hessa
CNT2133599938,2025-12-01,125000,3 bed rooms+hall,Al Raffa
CNT2129692930,2025-02-15,39881,1bed room+Hall,Nad Al Hamar
CNT2132665565,2025-07-15,319120,Room in labor Camp,Muhaisanah Second
CNT2130450869,2025-03-16,86336,Warehouse,Um Ramool
CNT2129193719,2025-02-07,230000,2 bed rooms+hall,Marsa Dubai
CNT2132571683,2025-07-31,200000,1bed room+Hall,Hor Al Anz
CNT2132308651,2025-08-09,45000,1bed room+Hall,Naif
CNT2133768727,2026-01-03,15000,Office,Trade Center Second
CNT2131137873,2025-03-01,241057,Office,Hadaeq Sheikh Mohammed Bin Rashid
CNT2132153329,2025-08-07,15000,Office,Al Goze Industrial First
CNT2133173627,2025-10-20,33000,Studio,Al Hebiah Fourth
CNT2132541272,2025-09-11,44770,1bed room+Hall,AL QUSAIS
CNT2133065661,2025-10-17,15000,Office,Al Khabeesi
CNT2134233127,2025-11-01,1270601,Studio,Dubai Investment Park Second
CRT2133565516,2025-11-22,65000,Studio,Al Barsha South Fourth
CNT2132105079,2025-07-10,62400,Room in labor Camp,Al Goze Industrial Second
CNT2133935030,2025-12-01,40000,Shop,Al Garhoud
CRT2130077906,2025-03-08,15000,Office,Hor Al Anz
CNT2132644516,2025-09-16,20000,Office,Al Muteena
CNT2130002471,2025-02-25,28000,Studio,Al Mararr
CNT2132018499,2025-03-01,101640,Studio,Jabal Ali First
CNT2131528926,2025-06-25,29000,Office,Al Suq Al Kabeer
CNT2129266584,2025-01-10,51000,2 bed rooms+hall,Warsan Fourth
CNT2127624129,2025-02-20,75000,2 bed rooms+hall,Al Mamzer
CNT2130890028,2025-05-13,15000,Office,Business Bay
CNT2126463129,2025-02-12,50000,2 bed rooms+hall,Al Warsan First
CRT2131704936,2025-03-01,60000,Office,Business Bay
CNT2133424283,2025-11-13,113000,2 bed rooms+hall,Um Ramool
CNT2132316564,2025-07-10,131250,4 bed rooms+hall,Mirdif
CNT2134322996,2026-01-31,36383,1bed room+Hall,Al Warsan First
CNT2133397356,2025-11-28,60999,1bed room+Hall,Al Barsha First
CNT2131690899,2025-07-01,65075,Office,Dubai Investment Park First
CNT2128943149,2025-01-13,40000,Studio,Naif
CNT2131789779,2025-03-25,28000,Office,Al Mararr
CNT2132222026,2025-08-12,15000,Office,Mankhool
CNT2131401283,2025-03-11,112000,Warehouse,Dubai Investment Park Second
CNT2131101330,2025-05-28,15000,Shop,Al Baraha
CRT2130775836,2025-07-01,30000,Studio,Jabal Ali First
CNT2130321256,2025-04-02,156516,3 bed rooms+hall,Jabal Ali First
CRT2131204846,2025-05-27,30000,Studio,Al Warsan First
CRT2131330176,2025-05-12,600000,Showroom,Ras Al Khor Industrial Third
CNT2133494584,2025-11-15,140463,2 bed rooms+hall,Trade Center First
CRT2130897336,2025-05-15,135000,3 bed rooms+hall,Wadi Al Safa 5
CRT2131688076,2025-07-01,60000,2 bed rooms+hall,Nadd Hessa
CNT2132573221,2025-09-10,16000,Office,Al Goze First
CNT2129876956,2025-01-01,1162200,Room in labor Camp,Muhaisanah Second
CNT2133044317,2025-08-05,3603600,Room in labor Camp,Jabal Ali Industrial First
CNT2131897024,2025-07-18,16000,Office,Business Bay
CNT2131325765,2025-06-20,62000,1bed room+Hall,Al Barsha South Fourth
CRT2133608496,2025-11-18,132825,Office,Business Bay
CNT2131383463,2025-05-15,43010,1bed room+Hall,Dubai Investment Park Second
CRT2129432756,2025-03-01,36000,1bed room+Hall,Abu Hail
CNT2130820295,2025-03-15,47000,Office,Hor Al Anz East
CNT2132033767,2025-07-29,15000,Office,Al Khabeesi
CNT2130763620,2025-03-04,31925,Office,Al Garhoud
CNT2131784483,2025-06-01,87387,Showroom,AL TWAR FIFTH
CNT2130575279,2025-04-19,20000,Office,Al Baraha
CNT2127191975,2025-01-20,68000,Office,Um Hurair Second
CNT2131748549,2025-07-08,15000,Office,Naif
CNT2132809482,2025-10-17,50000,Studio,Al Barshaa South Third
CNT2132873388,2025-03-15,1199999,Room in labor Camp,Muhaisanah Second
CNT2134028558,2026-01-25,83642,2 bed rooms+hall,Al Karama
CNT2128514597,2025-01-21,112000,Shop,Um Suqaim Second
CNT2132637491,2025-10-01,110000,4 bed rooms+hall,Mirdif
CNT2133855465,2025-12-01,115000,2 bed rooms+hall,Al Hamriya
CNT2130305502,2025-04-01,54000,3 bed rooms+hall,Al Sabkha
CNT2133772257,2025-12-17,95000,3 bed rooms+hall,Al Hebiah Fourth
CNT2132768498,2025-07-25,115000,3 bed rooms+hall,Trade Center First
CNT2128906199,2025-01-31,50000,Studio,Al Jadaf
CRT2133936576,2026-01-01,40000,2 bed rooms+hall,Abu Hail
CNT2128512541,2025-01-24,24000,Room in labor Camp,Jabal Ali Industrial First
CNT2132512770,2025-07-01,16000,Office,Al Suq Al Kabeer
CNT2134046353,2025-09-01,19200,Labor Camp,Muhaisanah Second
CNT2132849531,2025-09-25,95000,3 bed rooms+hall,Al Warqa First
CNT2130175937,2025-03-17,15000,Office,Al Qusais Industrial Third
CRT2130991256,2025-05-20,30000,Studio,Al Barsha South Fourth
CNT2132188972,2025-08-11,46489,Studio,Al Thanyah Fifth
CNT2132720175,2025-09-01,32860,1bed room+Hall,Al Baraha
CNT2129362153,2025-02-01,78000,1bed room+Hall,Trade Center Second
CNT2131938009,2025-07-02,82686,2 bed rooms+hall,Mankhool
CRT2130488996,2025-02-01,50000,Shop,Ras Al Khor Industrial Third
CNT2127471602,2025-01-06,10000,Office,Dubai Investment Park Second
CNT2132816801,2025-09-29,20000,Office,Trade Center First
CNT2128705043,2025-01-21,180485,Room in labor Camp,Al Warsan Third
CRT2130112466,2025-02-01,2079000,1bed room+Hall,Al Ras
CNT2130167766,2025-01-15,62100,Room in labor Camp,Al Goze Third
CNT2132041973,2025-06-15,2992080,Studio,Jabal Ali First
CNT2133056857,2025-10-16,1000,Hotel,Al Thanyah First
CNT2134114952,2025-12-20,36382,1bed room+Hall,Al Warsan First
CNT2132156704,2025-08-01,36000,Room in labor Camp,Al Goze Third
CNT2130506806,2025-03-01,1350000,Room in labor Camp,Jabal Ali Industrial First
CNT2130471315,2025-02-01,30000,Shop,Naif
CNT2129654739,2025-02-15,30000,Studio,Dubai Investment Park Second
CNT2132845916,2025-10-01,39000,Studio,Madinat Al Mataar
CNT2132547845,2025-09-15,13000000,1bed room+Hall,Al Jadaf
CNT2130525090,2025-04-16,15000,Office,Al Khabeesi
CNT2134146573,2026-01-20,65000,1bed room+Hall,Al Thanyah Fifth
CNT2132161317,2025-08-01,46000,1bed room+Hall,Mankhool
CNT2133224273,2026-01-15,2820744,Shop,Jabal Ali First
CRT2131958956,2025-07-26,84000,1bed room+Hall,Al Jadaf
CNT2128962590,2025-02-01,3600000,Room in labor Camp,Al Goze Industrial Second
CNT2133157505,2025-08-19,8476454,1bed room+Hall,Al Raffa
CRT2132762796,2025-08-25,139150,5 bed rooms+hall,Wadi Al Safa 5
CNT2133865326,2025-12-01,170000,Shop,Hor Al Anz
CRT2128541496,2025-02-01,127000,1bed room+Hall,Al Barsha South Fourth
CNT2132552632,2025-09-09,15000,Office,Hor Al Anz
CNT2128569660,2025-01-01,400000,Restaurant,Al Karama
CNT2134103085,2025-10-29,51750,2 bed rooms+hall,Al Mamzer
CRT2134096166,2026-01-03,1500000,4 bed rooms+hall,Island 2
CNT2132380018,2025-08-25,15000,Office,Business Bay
CRT2133936446,2025-11-11,74000,1bed room+Hall,Wadi Al Safa 3
CNT2133986814,2025-11-25,256200,Room in labor Camp,Al Goze Industrial Fourth
CNT2132698202,2025-08-15,330000,Room in labor Camp,Muhaisanah Second
CNT2132995905,2025-10-05,43263,1bed room+Hall,Wadi Al Safa 5
CRT2130047156,2025-03-01,100000,1bed room+Hall,Burj Khalifa
CNT2128318208,2025-01-21,24000,Room in labor Camp,Jabal Ali Industrial First
CRT2128026796,2025-02-10,61500,1bed room+Hall,Burj Khalifa
CNT2131249577,2025-05-22,81840,,Al Qusais Industrial Fourth
CRT2132136426,2025-08-07,100000,1bed room+Hall,Al Barsha South Fourth
CNT2128500117,2025-02-03,145000,2 bed rooms+hall,Marsa Dubai
CNT2128733235,2025-01-29,15000,Office,Dubai Investment Park First
CRT2131697886,2025-08-01,167750,2 bed rooms+hall,Burj Khalifa
CNT2130285888,2025-02-01,79200,Room in labor Camp,Muhaisanah Second
CNT2133178999,2025-11-17,30500,Studio,Al Qusais Industrial Fifth
CNT2133471266,2025-11-20,75000,Office,Al Qusais Industrial Fourth
CRT2133208656,2025-10-03,385000,5 bed rooms+hall,Al Thanayah Fourth
CNT2130486188,2025-04-10,64050,2 bed rooms+hall,Al Barsha South Fifth
CNT2130401399,2025-01-01,24000,Room in labor Camp,Al Goze Industrial Third
CNT2133763396,2025-12-01,60226,2 bed rooms+hall,Al Nahda Second
CNT2131108958,2025-04-01,386400,Room in labor Camp,Dubai Investment Park Second
CNT2131645005,2025-08-07,79648,2 bed rooms+hall,Jabal Ali First
CNT2129691352,2025-02-16,320000,4 bed rooms+hall,Um Suqaim Third
CNT2131980927,2025-07-03,231660,Room in labor Camp,Muhaisanah Second
CNT2132814933,2025-10-06,90000,1bed room+Hall,Hadaeq Sheikh Mohammed Bin Rashid
CNT2132902453,2025-09-15,36000,Studio,Nadd Hessa
CNT2130960629,2025-04-07,26400,Room in labor Camp,Al Goze Third
CRT2127663706,2025-01-13,82000,1bed room+Hall,Al Jadaf
CNT2132098570,2025-08-08,78750,2 bed rooms+hall,Mirdif
CNT2132387707,2025-08-16,1096524,Room in labor Camp,Jabal Ali Industrial First
CNT2130663651,2025-05-01,45000,1bed room+Hall,Al Nahda Second
CNT2129823051,2025-01-01,493920,Room in labor Camp,Al Goze Third
CNT2132047144,2025-06-01,43200,Room in labor Camp,Muhaisanah Second
CNT2130412282,2025-04-08,13000,Office,Port Saeed
CNT2131723667,2025-07-07,271000,Room in labor Camp,Jabal Ali Industrial First
CNT2131155754,2025-06-08,62000,Shop,Ras Al Khor Industrial Third
CNT2127861862,2025-01-13,20000,Office,Saih Shuaib 2
CNT2130153434,2025-02-15,6500000,Room in labor Camp,Saih Shuaib 4
CNT2132256532,2025-08-26,22000,Office,Al Ras
CRT2131875556,2025-07-15,120000,3 bed rooms+hall,Al Barsha South Fourth
CNT2133143388,2025-09-25,45520,1bed room+Hall,Me'Aisem First
CNT2134022253,2025-12-01,1237200,Room in labor Camp,Al Goze Industrial Second
CNT2129123487,2025-04-01,44000,Studio,Oud Metha
CNT2132388924,2025-08-30,48400,1bed room+Hall,Al Barshaa South Third
CNT2132724392,2025-09-22,20000,Office,Al Murqabat
CRT2134120676,2026-01-01,225000,3 bed rooms+hall,Marsa Dubai
CNT2132916190,2025-10-02,67500,Studio,Jabal Ali First
CNT2130550512,2025-04-17,15000,Office,Burj Khalifa
CNT2132357956,2025-09-01,90000,2 bed rooms+hall,Al Barsha First
CNT2130147127,2025-01-01,120063,Office,Trade Center First
CNT2132026367,2025-07-01,510300,Labor Camp,Muhaisanah Second
CNT2133538229,2025-11-09,73371,2 bed rooms+hall,Jabal Ali First
CNT2134115823,2026-01-12,113387,Office,Al Thanyah First
CNT2134104386,2026-01-17,5000000,Studio,Oud Metha
CNT2130580590,2025-03-25,71000,Shop,Hor Al Anz East
CNT2130033278,2025-03-05,52920,2 bed rooms+hall,Al Nahda Second
CNT2131745817,2025-06-16,194371,4 bed rooms+hall,Al Saffa First
CNT2127622106,2025-01-08,15000,Office,Hor Al Anz East
CNT2134086206,2026-01-05,98000,2 bed rooms+hall,Al Satwa
CRT2132764666,2025-10-25,1200000,5 bed rooms+hall,Al Merkadh
CNT2127530609,2025-01-01,130000,3 bed rooms+hall,Al Rega
CNT2133035621,2025-09-19,85049,2 bed rooms+hall,Al Satwa
CNT2127537010,2025-01-01,100000,Office,Al Garhoud
CNT2131987316,2025-07-15,280800,Room in labor Camp,Saih Shuaib 2
CNT2128299675,2025-01-20,24000,Room in labor Camp,Jabal Ali Industrial First
CNT2130706398,2025-04-01,10313,Labor Camp,Jabal Ali Industrial First
CNT2134212909,2026-01-01,78000,2 bed rooms+hall,Saih Shuaib 2
CNT2134261422,2026-02-01,1200000,Room in labor Camp,Al Goze Industrial Second
CNT2134026681,2025-10-01,41424,Studio,Al Barsha South Fifth
CNT2130904550,2025-04-01,63000,Kiosk,Al Goze Industrial Third
CNT2131746717,2025-06-25,48703,1bed room+Hall,Jabal Ali First
CNT2134196104,2026-01-01,30000,Office,Al Murqabat
CNT2131388586,2025-06-23,62000,2 bed rooms+hall,Al Goze Industrial Second
CNT2132264811,2025-08-07,2620000,Staff Accommodatoion,Al Warsan Third
CRT2133217776,2025-10-28,180000,2 bed rooms+hall,Al Thanayah Fourth
CNT2131503576,2025-06-24,16000,Office,Al Muteena
CNT2122424527,2025-11-01,8035000,1bed room+Hall,Madinat Dubai Almelaheyah
CNT2132769362,2025-08-01,103721,2 bed rooms+hall,Al Baraha
CNT2131398873,2025-06-09,62137,2 bed rooms+hall,Nadd Hessa
CNT2131984993,2025-07-25,10000,Office,Al Barsha First
CNT2130949512,2025-04-01,53370,1bed room+Hall,Jabal Ali First
CRT2130881689,2025-03-01,85000,1bed room+Hall,Al Barsha South Fourth
CRT2130946996,2025-04-18,200000,Shop,Port Saeed
CNT2133169777,2025-10-05,40000,Studio,Al Barsha South Fourth
CNT2133913557,2025-11-01,672000,Room in labor Camp,Saih Shuaib 4
CNT2134276906,2026-01-16,15000,Office,Al Suq Al Kabeer
CNT2129594209,2025-02-20,38500,2 bed rooms+hall,Muhaisanah Fourth
CNT2131842045,2025-07-10,1010100,Hotel,Rega Al Buteen
CNT2133527173,2025-11-22,55385,1bed room+Hall,Warsan Fourth
CNT2127989051,2025-02-20,42550,1bed room+Hall,Al Qusais Industrial First
CRT2134209846,2025-12-31,183000,2 bed rooms+hall,Marsa Dubai
CRT2133587296,2025-12-19,220000,2 bed rooms+hall,Burj Khalifa
CNT2133830516,2025-11-07,29500,Studio,Al Barshaa South Third
CRT2130396335,2025-04-08,58000,1bed room+Hall,Al Hebiah Fifth
CNT2131131917,2025-06-13,138600,Room in labor Camp,Saih Shuaib 3
CNT2132697150,2025-06-25,168000,Room in labor Camp,Dubai Investment Park Second
CNT2132297047,2025-08-10,33000,Studio,Al Hamriya
CNT2131362176,2025-07-15,88000,2 bed rooms+hall,Madinat Al Mataar
CRT2132567696,2025-09-15,135000,3 bed rooms+hall,Madinat Hind 4
CNT2132979151,2025-11-06,85995,Office,Business Bay
CRT2130791846,2025-05-05,75000,3 bed rooms+hall,Madinat Hind 4
CNT2134199190,2026-03-08,55500,1bed room+Hall,Port Saeed
CNT2130895099,2025-05-01,43000,1bed room+Hall,Al Goze Third
CNT2133044369,2025-10-20,430000,Shop,Al Murqabat
CNT2133032875,2025-10-01,312558,3 bed rooms+hall,Palm Jumeirah
CNT2134255102,2026-02-03,15000,Office,Madinat Al Mataar
CNT2132663527,2025-09-25,80000,Office,Business Bay
CRT2134063976,2026-01-01,290000,Office,Al Thanyah Fifth
CNT2132170142,2025-08-01,46200,Studio,Muhaisanah Second
CNT2128467682,2025-01-03,25500,Office,AL TWAR FIFTH
CNT2133435785,2025-12-01,65000,2 bed rooms+hall,Al Qusais Industrial First
CNT2133095730,2025-10-01,240000,,Al Warsan Third
CNT2130826448,2025-05-01,71400,2 bed rooms+hall,Al Hudaiba
CNT2127377087,2025-01-01,121280,Shop,Al Barsha First
CNT2133259063,2025-10-30,36660,Studio,Jabal Ali First
CRT2132639246,2025-09-25,40000,Studio,Al Barshaa South Third
CNT2132970598,2025-10-09,15000,Office,Business Bay
CNT2130724442,2025-04-28,39000,Studio,Nadd Hessa
CNT2129888730,2025-02-15,104000,3 bed rooms+hall,Al Murqabat
CNT2130512841,2025-03-02,44000,1bed room+Hall,Al Warsan First
CNT2130504976,2025-03-20,57000,2 bed rooms+hall,Wadi Al Safa 5
CRT2129916826,2025-02-25,205000,2 bed rooms+hall,Burj Khalifa
CNT2132509825,2025-11-10,254100,5 bed rooms+hall,Um Suqaim First
CRT2132391156,2025-07-10,115000,3 bed rooms+hall,Madinat Hind 4
CNT2133463374,2025-12-01,140000,2 bed rooms+hall,Marsa Dubai
CNT2132505162,2025-09-01,750000,Room in labor Camp,Jabal Ali Industrial First
CNT2130222507,2025-02-14,1564554,Room in labor Camp,Muhaisanah Second
CNT2133073736,2025-10-17,15000,Office,Business Bay
CRT2134245646,2026-01-14,50000,Studio,Al Hebiah Second
CNT2129960887,2025-02-07,65000,1bed room+Hall,Mankhool
CNT2127523768,2025-01-01,150000,4 bed rooms+hall,Al Jafliya
CNT2131006223,2025-05-15,1060587,Office,Um Al Sheif
CNT2133978380,2025-12-24,15000,Office,Al Murqabat
CRT2132884156,2025-10-04,89000,1bed room+Hall,Al Barsha South Fourth
CNT2132582423,2025-09-25,34000,Office,Al Mararr
CNT2131370711,2025-05-29,170500,Warehouse,Dubai Investment Park Second
CNT2132902098,2025-08-20,36000,Room in labor Camp,Al Goze Industrial First
CRT2129705626,2025-02-16,540000,2 bed rooms+hall,Burj Khalifa
CNT2132924541,2025-10-01,1440000,Room in labor Camp,Al Goze Industrial Second
CRT2132712326,2025-10-01,160000,2 bed rooms+hall,Nad Al Shiba First
CNT2130999485,2025-06-10,55000,2 bed rooms+hall,Al Nahda Second
CNT2132470719,2025-09-01,82243,Office,Trade Center First
CNT2129979597,2025-02-28,15000,Office,Hor Al Anz
CNT2132710861,2025-09-20,20000,Office,Trade Center First
CNT2134165030,2025-12-17,24000,Office,Al Buteen
CNT2132722307,2025-09-01,43137,1bed room+Hall,Saih Shuaib 2
CNT2131835640,2025-09-01,45000,2 bed rooms+hall,AL QUSAIS
CNT2133993940,2025-12-25,15000,Office,Business Bay
CNT2133338810,2025-11-10,35000,Studio,Al Lusaily
CNT2132628860,2025-09-15,15000,Office,Naif
CNT2132081654,2025-08-05,67000,1bed room+Hall,Business Bay
CNT2132501522,2025-09-03,30500,Studio,Al Warsan First
CNT2132264750,2025-10-01,44000,1bed room+Hall,Al Buteen
CNT2132275307,2025-08-15,28999,1bed room+Hall,AL QUSAIS
CNT2130189535,2025-03-15,30000,Office,Al Dhagaya
CNT2126771151,2025-01-01,55000,1bed room+Hall,Dubai Investment Park Second
CNT2131210615,2025-03-15,325000,Restaurant,Dubai Investment Park Second
CRT2129914606,2025-03-01,7370000,2 bed rooms+hall,Al Garhoud
CNT2130149341,2025-03-21,165000,4 bed rooms+hall,Jumeirah First
CRT2132404207,2025-09-01,48000,1bed room+Hall,Al Hebiah Fourth
CNT2132073825,2025-09-22,105000,4 bed rooms+hall,Mirdif
CNT2133056857,2025-10-16,1000,Hotel,Al Thanyah First
CNT2130856243,2025-04-11,68250,2 bed rooms+hall,Al Sabkha
CRT2130917266,2025-05-15,142000,2 bed rooms+hall,Al Barshaa South Third
CNT2127813142,2025-01-11,70000,1bed room+Hall,Business Bay
CNT2132067103,2025-02-17,11070270,Shop,Burj Khalifa
CNT2131086503,2025-01-15,30000,Studio,Al Warsan First
CNT2129916492,2025-02-20,130200,3 bed rooms+hall,Business Bay
CNT2132454134,2025-09-01,73000,2 bed rooms+hall,Nadd Hessa
CNT2131707300,2025-07-01,50000,1bed room+Hall,Wadi Al Safa 2
CNT2132440172,2025-08-14,118000,3 bed rooms+hall,Mankhool
CNT2133975066,2025-12-01,58500,1bed room+Hall,Mankhool
CNT2132724881,2025-03-01,40700,1bed room+Hall,Al Nahda Second
CNT2131855507,2025-08-15,241500,4 bed rooms+hall,Um Hurair Second
CNT2132712664,2025-09-20,18000,Office,Al Muteena
CNT2132826748,2025-08-26,478800,Studio,Al Goze Industrial Second
CNT2129050370,2025-02-04,20000,Office,Business Bay
CNT2126485822,2025-02-16,45000,2 bed rooms+hall,Al Qusais Industrial Fifth
CNT2130724337,2025-05-03,66000,1bed room+Hall,Al Barsha First
CNT2129785553,2025-02-17,250000,3 bed rooms+hall,Al Khairan First
CRT2132805766,2025-09-30,56000,1bed room+Hall,Marsa Dubai
CNT2133307137,2025-10-29,33000,Studio,Me'Aisem First
CNT2134268369,2026-01-01,774000,Room in labor Camp,Dubai Investment Park Second
CNT2133429197,2025-11-10,80000,2 bed rooms+hall,Nad Al Hamar
CNT2133202669,2025-07-01,60000,2 bed rooms+hall,Al Murqabat
CNT2133190335,2026-02-01,50000,1bed room+Hall,Al Nahda Second
CRT2130284566,2025-03-10,65000,1bed room+Hall,Dubai Investment Park First
CRT2133093446,2025-10-08,57200,1bed room+Hall,Jabal Ali First
CRT2130662156,2025-05-01,330000,Office,Business Bay
CNT2133554791,2025-12-01,2285820,Room in labor Camp,Saih Shuaib 3
CNT2131705416,2025-06-10,2100000,,Jabal Ali Industrial First
CNT2131058132,2025-05-26,15000,Office,Business Bay
CRT2134092586,2025-01-01,200000,4 bed rooms+hall,Al Goze Fourth
CNT2128967286,2025-02-05,100000,1bed room+Hall,Business Bay
CNT2130833758,2025-05-08,17000,Office,Al Goze Third
CNT2130298734,2025-03-26,15000,Office,Al Barsha First
CNT2128580671,2025-01-28,20000,Office,Al Baraha
CNT2131504394,2025-08-07,90179,3 bed rooms+hall,Mirdif
CNT2133883411,2025-12-16,350000,Studio,Al Barsha First
CNT2132946625,2025-08-17,52000,2 bed rooms+hall,Muhaisanah Fourth
CNT2132675572,2025-10-06,42000,Studio,Al Warsan First
CNT2134069960,2026-01-02,15000,Office,Al Murqabat
CNT2131038169,2025-05-23,30000,3 bed rooms+hall,Trade Center First
CNT2129890586,2025-03-01,70000,1bed room+Hall,Oud Metha
CNT2129995737,2025-03-04,39000,Studio,Warsan Fourth
CNT2133402862,2025-11-25,100800,3 bed rooms+hall,Al Rega
CNT2130238898,2025-03-21,2361600,Room in labor Camp,Al Goze Third
CNT2127809313,2025-01-08,90000,Warehouse,Al Goze Industrial Fourth
CNT2131085180,2025-01-02,2769231,Room in labor Camp,Al Goze Industrial Second
CNT2133764734,2025-12-20,62000,1bed room+Hall,Al Thanyah First
CNT2134225845,2026-01-17,82000,2 bed rooms+hall,Hor Al Anz East
CNT2132128886,2025-07-24,307200,Room in labor Camp,Al Goze Third
CRT2133244306,2025-11-01,85000,1bed room+Hall,Al Barsha South Fourth
CNT2133762732,2025-12-03,150000,Warehouse,Al Qusais Industrial Third
CNT2130592358,2025-03-01,60000,2 bed rooms+hall,Al Nahda Second
CNT2132544256,2025-09-01,140184,Room in labor Camp,Muhaisanah Second
CNT2125292471,2025-01-11,78000,2 bed rooms+hall,Jabal Ali First
CNT2134238808,2026-01-14,20000,Office,Al Khabeesi
CNT2133939445,2025-12-22,20000,Studio,Al Mararr
CNT2130206512,2025-03-18,19000,Office,Al Nahda Second
CNT2129041119,2025-01-21,95000,1bed room+Hall,Al Barsha South Fourth
CNT2131543822,2025-07-07,1094400,Room in labor Camp,Al Goze Industrial Second
CNT2130062538,2025-03-06,15000,Office,Al Khabeesi
CNT2127548856,2025-01-01,50000,Office,Business Bay
CNT2133688306,2025-12-01,205000,3 bed rooms+hall,Al Hebiah Third
CNT2130347584,2025-04-04,98000,2 bed rooms+hall,Jabal Ali First
CNT2127759537,2025-01-10,15000,Office,Hor Al Anz
CNT2127201668,2025-02-13,458457,Office,Marsa Dubai
CRT2127603818,2025-01-09,90000,1bed room+Hall,Marsa Dubai
CNT2128491773,2025-01-01,20000,Studio,Al Mararr
CNT2133258811,2025-11-03,198000,3 bed rooms+hall,Trade Center Second
CNT2131117597,2025-05-01,100000,Warehouse,Al Qusais Industrial Third
CNT2131951280,2025-07-20,107360,Shop,Al Suq Al Kabeer
CNT2128808484,2025-01-30,15000,Office,Hor Al Anz
CNT2133291513,2025-11-10,115000,2 bed rooms+hall,Um Ramool
CNT2132978663,2025-02-01,52000,2 bed rooms+hall,Al Nahda Second
CNT2131557750,2025-06-27,45000,Studio,Nadd Hessa
CNT2133085321,2025-08-16,83490,Office,Al Saffa First
CNT2130711288,2025-05-05,67000,1bed room+Hall,Al Jadaf
CRT2129759754,2025-02-01,136500,4 bed rooms+hall,Madinat Al Mataar
CNT2130304550,2025-04-01,76000,1bed room+Hall,Al Murqabat
CNT2130076603,2025-03-08,30000,Studio,Al Mararr
CNT2132509616,2025-09-10,45000,Office,Al Baraha
CNT2131299700,2025-03-01,300000,Office,Marsa Dubai
CNT2131715155,2025-07-05,15000,Office,Al Garhoud
CNT2129877141,2025-02-15,52500,2 bed rooms+hall,Al Nahda First
CNT2132796112,2025-09-30,187200,Room in labor Camp,Al Goze Industrial Second
CNT2131011445,2025-05-01,3278470,Shop,Al Bada
CNT2133923312,2025-11-01,720000,Room in labor Camp,Jabal Ali Industrial First
CNT2132634166,2025-08-01,44000,3 bed rooms+hall,Naif
CNT2131088175,2025-05-27,15000,Office,Hor Al Anz
CNT2132094588,2025-08-03,15000,Studio,Naif
CNT2134123407,2026-01-24,110250,3 bed rooms+hall,Al Jadaf
CNT2129431012,2025-02-04,35805,1bed room+Hall,Ras Al Khor Industrial Third
CRT2131149415,2025-06-02,175000,3 bed rooms+hall,Wadi Al Safa 7
CNT2132904973,2025-10-19,33674,Studio,Al Hebiah Fourth
CNT2130648397,2025-04-25,60000,Office,AL QUSAIS
CNT2130483651,2025-04-14,15000,Office,Al Mararr
CNT2131022694,2025-05-21,69600,Shop with a mezzanine,Naif
CNT2131841070,2025-07-15,35493,Studio,Al Muteena
CNT2130374715,2025-03-10,47400,1bed room+Hall,Al Nahda Second
CNT2133813257,2025-12-01,42000,1bed room+Hall,AL TWAR FIFTH
CNT2131138448,2025-05-21,40000,2 bed rooms+hall,Naif
CNT2131673260,2025-05-01,60720,Room in labor Camp,Al Goze Third
CNT2132706950,2025-09-19,20000,Office,Al Murqabat
CNT2130851980,2025-03-02,31500,Office,Al Garhoud
CNT2132603770,2025-09-01,52598,2 bed rooms+hall,Wadi Al Safa 5
CNT2130680801,2025-05-01,220000,3 bed rooms+hall,Wadi Al Safa 5
CNT2132778659,2025-10-22,397872,Room in labor Camp,Saih Shuaib 2
CNT2133924806,2026-01-19,37999,1bed room+Hall,Muhaisanah Fourth
CNT2131123638,2025-05-29,10000,Office,Al Barsha First
CNT2130854266,2025-05-24,80000,1bed room+Hall,Muhaisanah First
CRT2133462356,2025-10-24,53476,Shop,Al Suq Al Kabeer
CNT2131749464,2025-06-05,388500,Room in labor Camp,Muhaisanah Second
CNT2133002454,2025-10-10,46500,1bed room+Hall,Nadd Hessa
CRT2133552816,2025-11-24,100000,1bed room+Hall,Al Thanyah Third
CNT2131847972,2025-07-15,110000,2 bed rooms+hall,Business Bay
CNT2133228305,2025-10-01,55000,2 bed rooms+hall,Al Nahda First
CNT2128045022,2025-01-01,1500000,Labor Camp,Muhaisanah Second
CNT2130213754,2025-03-01,55000,Showroom,Port Saeed
CNT2129184421,2025-02-06,15000,Office,Al Goze Industrial Third
CNT2132928725,2025-08-01,2318400,Room in labor Camp,Dubai Investment Park First
CRT2134151906,2026-01-08,40000,2 bed rooms+hall,Abu Hail
CRT2130455499,2025-04-06,73000,1bed room+Hall,Al Thanyah First
CNT2131544654,2025-06-26,25200,Room in labor Camp,Al Goze Third
CNT2133778555,2025-12-20,72449,2 bed rooms+hall,Jabal Ali First
CNT2128507408,2025-01-01,33880,1bed room+Hall,Al Mararr
CNT2130061097,2025-03-09,95000,1bed room+Hall,Trade Center First
CNT2131812903,2025-02-06,40700,Studio,Nadd Hessa
CNT2131045905,2025-03-03,26000,Studio,Eyal Nasser
CNT2130963449,2025-05-25,50000,1bed room+Hall,Al Warqa First
CNT2132058493,2025-08-07,37000,1bed room+Hall,Al Nahda Second
CNT2129439470,2025-02-11,20000,Office,Hor Al Anz
CNT2133800290,2026-01-01,893514,Showroom with mezzanine,Al Goze Industrial First
CRT2133407746,2025-08-25,260000,Office,Al Thanyah Fifth
CNT2131653117,2025-01-01,16800,Shop,Muhaisanah Second
CNT2130494500,2025-05-01,1250000,Warehouse,Al Goze Industrial Third
CRT2130323306,2025-04-01,55000,Studio,Al Hebiah Third
CNT2127657422,2025-01-08,21000,Office,Port Saeed
CNT2131658824,2025-07-07,150000,4 bed rooms+hall,Mirdif
CNT2132418813,2025-09-10,3240000,Room in labor Camp,Muhaisanah Second
CNT2131351098,2025-07-01,75000,2 bed rooms+hall,Wadi Al Safa 7
CNT2132354134,2025-09-01,200000,4 bed rooms+hall,Al Barsha South Fourth
CNT2133548785,2025-11-01,59000,2 bed rooms+hall,Port Saeed
CNT2132537771,2025-07-15,100000,Restaurant,Oud Metha
CNT2131513373,2025-08-02,35000,Studio,Nadd Hessa
CNT2131367177,2025-07-01,80784,,Ras Al Khor Industrial Second
CNT2132774137,2025-09-25,16000,Office,Oud Metha
CNT2134247555,2026-01-12,62000,1bed room+Hall,Al Barsha South Fourth
CNT2131012237,2025-05-21,21000,Office,Dubai Investment Park First
CNT2126318126,2025-02-16,118101,Shop,Al Warsan First
CRT2127985516,2025-01-06,275000,6 bed rooms+hall,Al Warqa Fourth
CNT2134190086,2026-01-12,20000,Office,Naif
CNT2133532864,2025-11-18,15000,Office,Business Bay
CRT2132560966,2025-09-01,61000,2 bed rooms+hall,Madinat Al Mataar
CNT2128825709,2025-01-31,15000,Office,Al Khabeesi
CNT2130848617,2025-07-15,169050,3 bed rooms+hall,Al Hebiah Third
CNT2130149677,2025-03-13,15000,Office,Trade Center Second
CNT2129967663,2025-04-08,73500,2 bed rooms+hall,Mirdif
CNT2131255695,2025-05-25,1652400,Room in labor Camp,Jabal Ali Industrial First
CNT2131051564,2025-07-05,61000,1bed room+Hall,Dubai Investment Park First
CNT2129272711,2025-02-14,35090,1bed room+Hall,Ras Al Khor Industrial Third
CNT2130297874,2025-03-26,15000,Office,Al Goze Industrial First
CNT2130962767,2025-01-20,78750,2 bed rooms+hall,Al Barsha South Fourth
CNT2132532914,2025-09-15,36000,Studio,Nadd Hessa
CNT2126428520,2025-03-01,114000,1bed room+Hall,Zaabeel Second
CNT2133962635,2025-12-23,15000,Office,Hor Al Anz
CNT2130236450,2025-03-20,897000,Shop,Um Al Sheif
CNT2130471363,2025-06-07,76388,2 bed rooms+hall,Oud Metha
CRT2132079626,2025-08-01,30000,Studio,Al Raffa
CNT2132714255,2025-09-01,42000,1bed room+Hall,Al Mararr
CNT2131365534,2025-06-18,10000,Office,Al Baraha
CRT2134321156,2025-08-15,440000,5 bed rooms+hall,Wadi Al Safa 6
CNT2131397003,2025-05-15,71004,1bed room+Hall,Jabal Ali First
CRT2126548566,2025-01-01,48950,Shop,Naif
CNT2129185739,2025-02-06,25410000,1bed room+Hall,Madinat Dubai Almelaheyah
CNT2132468537,2025-09-01,15000,Office,Al Khabeesi
CNT2128536597,2025-01-01,201864,Room in labor Camp,Al Goze Industrial Fourth
CNT2132010199,2025-07-28,10000,Office,Port Saeed
CRT2131754806,2025-02-10,38000,Studio,Al Barsha South Fourth
CNT2130498047,2025-04-15,74560,2 bed rooms+hall,Al Jadaf
CNT2129273016,2025-01-28,1670400,Room in labor Camp,Jabal Ali Industrial First
CNT2131085416,2025-06-07,604439,Shop,Al Warsan First
CNT2131034817,2025-05-27,96500,2 bed rooms+hall,Um Hurair First
CNT2131955679,2025-07-05,94500,3 bed rooms+hall,Al Rowaiyah Third
CNT2131008883,2025-01-10,50400,1bed room+Hall,Al Kheeran
CNT2132140841,2025-08-06,10000,Office,Al Barsha First
CNT2133692281,2025-11-25,135000,Shop,Al Barsha First
CNT2134331708,2026-01-22,69000,Shop,Al Warsan First
CNT2132755924,2025-09-25,45000,Studio,Wadi Al Safa 2
CNT2132382447,2025-08-25,192000,4 bed rooms+hall,Al Barsha First
CNT2130376002,2025-02-12,70495,Shop,Al Warsan First
CNT2130869730,2025-05-12,15000,Office,Al Goze Third
CNT2130378078,2025-03-01,37000,Office,Al Suq Al Kabeer
CNT2130058165,2025-01-06,617890,Shop,Al Warsan First
CNT2131240570,2025-06-09,20000,Office,Al Muteena
CNT2133062444,2025-11-01,232843,Office,Al Wasl
CNT2130228875,2025-03-01,80266,Office,Mankhool
CNT2130153288,2025-02-05,12000,Room in labor Camp,Al Goze Industrial Fourth
CNT2134001094,2025-12-25,180000,Room in labor Camp,Muhaisanah Second
CNT2134070157,2025-10-22,32472,Room in labor Camp,Saih Shuaib 3
CNT2130146192,2025-02-15,1320000,Room in labor Camp,Jabal Ali Industrial First
CNT2129441620,2025-01-21,3036000,Room in labor Camp,Jabal Ali Industrial First
CNT2132866723,2025-10-01,53000,1bed room+Hall,Al Bada
CRT2130496246,2025-04-14,245000,1bed room+Hall,Palm Jumeirah
CNT2133826934,2026-01-01,186545,Office,Al Qusais Industrial Second
CNT2130117050,2025-03-15,25000,Studio,Eyal Nasser
CNT2131808216,2025-07-12,12000,Office,Al Qusais Industrial Fourth
CNT2130342369,2025-04-01,241500,Shop,Naif
CNT2129873187,2025-02-24,71773,2 bed rooms+hall,Jabal Ali First
CNT2133443623,2025-11-08,85000,2 bed rooms+hall,Al Barsha First
CNT2131123386,2025-05-29,15000,Office,Al Baraha
CNT2132828761,2025-09-30,60000,Office,Mankhool
CNT2130848996,2025-05-15,200000,Office,Al Goze Industrial First
CRT2130371806,2025-03-20,105000,2 bed rooms+hall,Wadi Al Safa 7
CNT2132515477,2025-09-04,20000,Office,Dubai Investment Park Second
CNT2133589783,2025-10-01,63200,Shop,Al Warsan First
CNT2132152192,2025-08-03,57068,1bed room+Hall,Jabal Ali First
CNT2130584610,2025-04-01,69000,3 bed rooms+hall,Al Qusais Industrial Fourth
CNT2105518449,2025-02-20,130000,3 bed rooms+hall,Mirdif
CNT2134030524,2026-01-01,85000,2 bed rooms+hall,Mankhool
CNT2132267800,2025-08-21,130000,3 bed rooms+hall,Madinat Al Mataar
CNT2130961914,2025-06-15,41745,1bed room+Hall,Nadd Hessa
CNT2132700679,2025-09-05,65000,2 bed rooms+hall,Al Warsan First
CNT2131973793,2025-07-01,65000,2 bed rooms+hall,Al Karama
CNT2129979403,2025-04-01,75000,2 bed rooms+hall,Al Yelayiss 2
CRT2130932156,2025-05-14,279043,Shop,Al Thanyah Fifth
CRT2133407236,2025-08-10,185000,Shop,Al Barsha South Fourth
CRT2131679146,2025-06-27,94500,3 bed rooms+hall,Al Yelayiss 2
CNT2130512833,2025-04-20,70000,1bed room+Hall,Oud Metha
CNT2134311765,2026-01-19,20000,Office,Saih Shuaib 2
CNT2132516933,2025-09-08,175000,2 bed rooms+hall,Marsa Dubai
CNT2133040993,2025-10-15,340000,Shop,Al Hamriya
CNT2130346141,2025-05-30,57881,1bed room+Hall,Al Murqabat
CRT2134193766,2026-01-10,82000,Studio,Hadaeq Sheikh Mohammed Bin Rashid
CNT2132492889,2025-10-01,1478400,1bed room+Hall,Dubai Investment Park First
CNT2127161726,2025-01-03,54000,1bed room+Hall,Nad Al Hamar
CNT2133856113,2025-03-14,1001527,Shop,Mirdif
CNT2133261344,2025-10-31,20000,Office,Business Bay
CRT2128962096,2025-02-01,99000,1bed room+Hall,Nad Al Shiba First
CNT2133415404,2025-11-08,20000,Office,Al Khabeesi
CNT2129432913,2025-01-17,185926,5 bed rooms+hall,Nad Al Shiba Third
CNT2133081408,2025-01-22,237624,Office,Trade Center Second
CNT2134134959,2025-12-01,163639,Shop,Mirdif
CNT2131207398,2025-06-01,45000,1bed room+Hall,Al Nahda Second
CNT2129669114,2025-01-20,129600,Labor Camp,Muhaisanah Second
CRT2130006256,2025-03-01,991980,Shop,Al Barshaa South Third
CNT2129952240,2025-03-01,66000,2 bed rooms+hall,Al Jadaf
CNT2130506806,2025-03-01,1350000,Room in labor Camp,Jabal Ali Industrial First
CNT2132266599,2025-09-29,58443,1bed room+Hall,Al Thanyah First
CNT2129571843,2025-02-15,39270,1bed room+Hall,Al Warqa First
CNT2134164612,2026-01-01,120000,2 bed rooms+hall,Trade Center Second
CNT2127358923,2025-01-01,16000,Office,Madinat Dubai Almelaheyah
CRT2131488706,2025-06-26,160000,3 bed rooms+hall,Al Yelayiss 2
CNT2131354169,2025-07-02,47500,1bed room+Hall,Al Warqa First
CRT2128727016,2025-02-01,160000,3 bed rooms+hall,Al Hebiah Sixth
CNT2133913536,2025-11-25,42000,1bed room+Hall,Mankhool
CNT2132831346,2025-09-01,294700,Showroom,Hor Al Anz
CNT2130304522,2025-01-01,54000,1bed room+Hall,Al Warsan First
CNT2131571401,2025-05-26,58799,1bed room+Hall,Al Barsha First
CRT2134172316,2026-01-10,372804,4 bed rooms+hall,Al Hebiah Sixth
CNT2131085570,2025-06-05,52000,Office,Al Karama
CNT2128579124,2025-02-15,120000,3 bed rooms+hall,Wadi Al Safa 5
CNT2133567220,2025-12-05,83000,1bed room+Hall,Al Satwa
CNT2131841864,2025-07-15,105000,Office,Al Qusais Industrial Second
CNT2131650779,2025-07-01,196351,Workshop,Madinat Dubai Almelaheyah
CNT2130778717,2025-05-05,15000,Office,Al Khabeesi
CNT2133006137,2025-10-13,225000,4 bed rooms+hall,Wadi Al Safa 7
CNT2133295512,2025-11-10,70000,2 bed rooms+hall,Wadi Al Safa 5
CNT2132766277,2025-09-20,78000,3 bed rooms+hall,Madinat Hind 4
CNT2130387353,2025-04-07,44500,Studio,Jabal Ali First
CNT2133227132,2025-09-16,100000,Shop,Trade Center First
CNT2133765838,2025-12-15,96082,2 bed rooms+hall,Trade Center First
CNT2129055285,2025-03-27,69600,2 bed rooms+hall,Nad Al Hamar
CNT2127117513,2025-01-01,27563,Shop,Al Suq Al Kabeer
CNT2131305558,2025-06-13,15000,Office,Al Muteena
CRT2134182686,2026-01-02,82500,Studio,Business Bay
CNT2128068894,2025-02-08,31188,Studio,Al Baraha
CRT2131389206,2025-05-01,46000,2 bed rooms+hall,Al Nahda Second
CNT2131547677,2025-06-26,15000,Office,Al Khabeesi
CNT2130359006,2025-06-16,30000,Studio,Al Mararr
CNT2134238207,2025-12-15,107000,2 bed rooms+hall,Um Ramool
CNT2132328995,2025-08-09,36300,1bed room+Hall,Warsan Fourth
CNT2133173006,2025-10-22,112439,2 bed rooms+hall,Marsa Dubai
CNT2133292105,2025-11-03,20000,Office,Al Garhoud
CNT2130820677,2025-05-05,39800,1bed room+Hall,Al Qusais Industrial Fifth
CRT2129755856,2025-02-15,58000,1bed room+Hall,Madinat Al Mataar
CNT2130632260,2025-04-23,130000,1bed room+Hall,Palm Jumeirah
CNT2132860378,2025-10-01,10000,Office,Al Goze First
CNT2132430127,2025-08-21,283500,5 bed rooms+hall,Hadaeq Sheikh Mohammed Bin Rashid
CRT2134220366,2026-01-15,120000,2 bed rooms+hall,Al Merkadh
CNT2131513552,2025-06-30,88000,2 bed rooms+hall,Al Karama
CNT2133196070,2025-10-27,17000,Office,Oud Metha
CNT2128577588,2025-01-15,85070,Shop,Oud Metha
CNT2134138481,2026-01-09,4200,Office,Oud Metha
CNT2129927975,2025-02-18,33000,Studio,Ras Al Khor Industrial Third
CRT2131738786,2025-05-01,750000,Hotel,Al Dhagaya
CNT2132570637,2025-10-01,45000,2 bed rooms+hall,Al Bada
CNT2130272367,2025-03-18,242000,3 bed rooms+hall,Palm Jumeirah
CRT2131122566,2025-06-01,25000,Studio,Al Warsan First
CRT2133996736,2025-07-24,115500,2 bed rooms+hall,Marsa Dubai
CNT2130889661,2025-05-15,60335,1bed room+Hall,Madinat Al Mataar
CNT2132399631,2025-09-05,56000,Office,Hor Al Anz
CNT2130695679,2025-05-20,68250,1bed room+Hall,Jumeirah First
CNT2130227339,2025-01-01,2567862,Labor Camp,Al Goze Industrial Fourth
CNT2130041779,2025-01-01,208368,Shop,Trade Center Second
CNT2130305455,2025-03-01,70000,2 bed rooms+hall,Al Karama
CNT2134331663,2026-01-20,15000,Office,Al Khabeesi
CNT2129816121,2025-01-07,160000,3 bed rooms+hall,Al Murqabat
CNT2129876956,2025-01-01,1162200,Room in labor Camp,Muhaisanah Second
CNT2132923314,2025-10-01,60500,2 bed rooms+hall,Mankhool
CNT2131809213,2025-06-25,32400,1bed room+Hall,Al Warqa First
CNT2127953205,2025-01-14,20000,Office,Hor Al Anz
CNT2130043067,2025-01-01,888422,Warehouse,Um Ramool
CNT2131361267,2025-07-01,153010,Shop,Oud Metha
CNT2133752539,2025-12-04,70000,1bed room+Hall,Al Barsha South Fourth
CNT2128802904,2025-02-05,80000,2 bed rooms+hall,Al Murqabat
CNT2134209607,2026-01-01,149688,Shop,Al Karama
CNT2130420002,2025-04-16,35565,1bed room+Hall,Al Warsan First
CNT2130645522,2025-05-01,64998,Shop,Al Suq Al Kabeer
CNT2131527449,2025-07-08,102000,Studio,Jabal Ali Industrial First
CNT2131704265,2025-07-16,58000,1bed room+Hall,Mirdif
CNT2132335150,2025-02-01,41000,1bed room+Hall,Naif
CNT2131347640,2025-01-01,126788,4 bed rooms+hall,Al Yelayiss 1
CNT2132014199,2025-08-12,92999,3 bed rooms+hall,Ras Al Khor Industrial Third
CNT2131101453,2025-05-28,15000,Office,Trade Center First
CNT2127359814,2025-02-15,66481,1bed room+Hall,Al-Cornich
CNT2134171004,2026-01-05,42000,1bed room+Hall,Al Nahda Second
CNT2127343503,2025-01-02,613000,Shop,Jumeirah Third
CNT2133991368,2025-10-01,1720000,Labor Camp,Dubai Investment Park Second
CNT2132306367,2025-08-19,30000,1bed room+Hall,Jabal Ali Industrial First
CNT2133962824,2025-11-05,28000,Studio,Al Warsan First
CRT2131789446,2025-07-10,105000,1bed room+Hall,Al Merkadh
CRT2131307986,2025-06-14,180000,2 bed rooms+hall,Al Merkadh
CNT2128558418,2025-01-27,20000,Office,Port Saeed
CNT2128548512,2025-02-04,35805,1bed room+Hall,Muhaisanah Fourth
CNT2130483693,2025-03-01,2355915,Office,Zaabeel First
CNT2127582664,2025-01-07,20000,Office,Port Saeed
CNT2130445280,2025-04-01,66000,1bed room+Hall,Trade Center Second
CNT2133751487,2025-12-06,15000,Office,Al Goze Third
CNT2134238539,2026-02-25,264000,Shop,Al Sabkha
CNT2130118528,2025-03-11,15000,Office,Al Khabeesi
CNT2133176974,2025-10-27,105000,2 bed rooms+hall,Al Satwa
CNT2134184567,2025-02-01,43000,Shop,Naif
CRT2132553456,2025-04-01,14700,Shop,Naif
CNT2132844482,2025-11-01,75000,Shop,Al Goze Third
CNT2130098388,2025-03-15,380000,Warehouse,Al Ttay
CNT2127878083,2025-01-13,16000,Office,Port Saeed
CNT2132767547,2025-10-15,87000,2 bed rooms+hall,Al Murqabat
CNT2132928937,2025-10-09,114000,Studio,Al Safouh First
CNT2131143414,2025-02-16,35000,Shop,Al Karama
CRT2128496936,2025-01-24,70000,Office,Al Dhagaya
CNT2131228639,2025-06-09,48400,2 bed rooms+hall,Warsan Fourth
CNT2133883210,2026-01-24,30000,Studio,Al Warsan First
CNT2130253615,2025-02-08,80000,Warehouse,Al Goze Industrial Second
CNT2132361309,2025-09-01,45000,Studio,Mankhool
CNT2128573057,2025-01-17,90000,2 bed rooms+hall,Al Hamriya
CNT2133805828,2025-12-10,12000,Office,Al Thanyah First
CNT2129444902,2025-01-01,272700,Room in labor Camp,Muhaisanah Second
CNT2133832148,2025-12-27,180000,2 bed rooms+hall,Business Bay
CNT2132321067,2025-09-01,125000,Showroom,Al Buteen
CNT2134234090,2026-01-08,24000,Office,Ras Al Khor Industrial Second
CNT2131709681,2025-07-15,45000,1bed room+Hall,Al Warqa First
CNT2133318582,2025-11-06,80000,2 bed rooms+hall,Wadi Al Safa 5
CNT2129975609,2025-02-01,800000,Office,Trade Center First
CNT2131004589,2025-07-10,90000,2 bed rooms+hall,Al Barsha First
CNT2128542774,2025-01-27,17000,Office,Saih Shuaib 3
CRT2133597036,2025-11-26,140000,2 bed rooms+hall,Marsa Dubai
CNT2133833011,2026-01-01,32000,2 bed rooms+hall,AL QUSAIS
CNT2130707788,2025-04-29,15000,Office,Al Khabeesi
CNT2131653413,2025-07-05,59583,1bed room+Hall,Al Barshaa South Third
CNT2133744022,2025-12-01,40991,Studio,Al Barsha South Fourth
CNT2133856559,2025-12-10,68000,2 bed rooms+hall,Saih Shuaib 2
CNT2131687973,2025-05-20,1550000,Room in labor Camp,Al Goze Third
CNT2133461721,2025-12-01,356000,Labor Camp,Muhaisanah Second
CNT2133466911,2025-11-12,11000,Office,Mankhool
CNT2132793697,2025-10-01,45000,Studio,Jabal Ali Industrial Second
CNT2132071080,2025-05-08,106943,3 bed rooms+hall,Al Barsha First
CRT2131518106,2025-06-24,145000,2 bed rooms+hall,Al Hebiah First
CNT2131755066,2025-07-08,15000,Office,Al Goze Industrial First
CNT2134106969,2025-12-15,131625,Showroom,Oud Metha
CNT2133245854,2025-10-10,396000,Room in labor Camp,Al Goze Industrial Second
CNT2130210952,2025-03-27,20000,Office,Trade Center First
CNT2130404127,2025-04-07,15000,Office,Port Saeed
CNT2129363387,2025-02-01,52766,Office,Port Saeed
CNT2130604992,2025-03-25,120000,1bed room+Hall,Zaabeel Second
CNT2127763899,2025-01-10,15000,Office,Al Mararr
CNT2133563961,2025-11-20,43643,1bed room+Hall,Al Muteena
CNT2130546983,2025-03-23,57330,2 bed rooms+hall,Al Goze Industrial Second
CNT2132172808,2025-11-01,750000,5 bed rooms+hall,Hadaeq Sheikh Mohammed Bin Rashid
CNT2133163489,2026-01-26,48000,1bed room+Hall,Al Murqabat
CNT2133993954,2025-12-31,32000,Studio,Al Qusais Industrial Fifth
CNT2131576062,2025-07-01,54500,2 bed rooms+hall,Al Nahda Second
CNT2133429967,2025-11-10,250000,Shop,Al Mamzer
